============================= test session starts ==============================
platform linux -- Python 3.12.3, pytest-9.1.1, pluggy-1.6.0
benchmark: 5.2.3 (defaults: timer=time.perf_counter disable_gc=False min_rounds=5 min_time=0.000005 max_time=1.0 calibration_precision=10 warmup=False warmup_iterations=100000)
rootdir: /tmp/ir-release-datasets-20261001
configfile: pytest.ini (WARNING: ignoring pytest config in pyproject.toml!)
plugins: mock-3.15.1, xdist-3.8.0, benchmark-5.2.3, cov-7.1.0, base-url-2.1.0, trio-0.8.0, typeguard-4.5.2, env-1.7.0, hypothesis-6.152.1, playwright-0.8.0, timeout-2.4.0
asyncio: mode=Mode.STRICT, debug=False, asyncio_default_fixture_loop_scope=function, asyncio_default_test_loop_scope=function
collected 5 items

tests/integration/logic/software_contracts/test_codebase_prior_384.py .F [ 40%]
FFF                                                                      [100%]

=================================== FAILURES ===================================
_______ test_exact_durable_native_fit_replay_performs_no_numerical_work ________
tests/integration/logic/software_contracts/test_codebase_prior_384.py:76: in test_exact_durable_native_fit_replay_performs_no_numerical_work
    result=fit(current,'prior-round-one',current.parent,current.model_head)
           ^^^^^^^^^^^^^^^^^^^^^^^^^^^^^^^^^^^^^^^^^^^^^^^^^^^^^^^^^^^^^^^^
tests/integration/logic/software_contracts/test_codebase_prior_384.py:24: in fit
    result=prior.train(current.index,current.repo,expected_head=current.head,
ipfs_datasets_py/logic/software_contracts/codebase_prior_384.py:198: in train
    registry.configure_run_lifecycle(run_id,dict(schema=native.RUN_LIFECYCLE_SCHEMA,max_attempts=1,
ipfs_datasets_py/duckdb_control/autoencoder_registry.py:733: in configure_run_lifecycle
    return self._mutate(self._lifecycle_operation(run_id), "ConfigureRunLifecycle",
ipfs_datasets_py/duckdb_control/autoencoder_registry.py:247: in _mutate
    old = self._operation_receipt(cx, operation_id, digest)
          ^^^^^^^^^^^^^^^^^^^^^^^^^^^^^^^^^^^^^^^^^^^^^^^^^
ipfs_datasets_py/duckdb_control/autoencoder_registry.py:220: in _operation_receipt
    raise RegistryError("operation ID reused with a different payload")
E   ipfs_datasets_py.duckdb_control.autoencoder_registry.RegistryError: operation ID reused with a different payload
----------------------------- Captured stdout call -----------------------------
logic tree pin compiler=/tmp/ir-release-datasets-20261001/ipfs_datasets_py/logic/legal_ir/canonical_compiler.py decompiler=/tmp/ir-release-datasets-20261001/ipfs_datasets_py/logic/legal_ir/canonical_decompiler.py parser=/tmp/ir-release-datasets-20261001/ipfs_datasets_py/logic/deontic/utils/deontic_parser.py
logic tree pin compiler=/tmp/ir-release-datasets-20261001/ipfs_datasets_py/logic/legal_ir/canonical_compiler.py decompiler=/tmp/ir-release-datasets-20261001/ipfs_datasets_py/logic/legal_ir/canonical_decompiler.py parser=/tmp/ir-release-datasets-20261001/ipfs_datasets_py/logic/deontic/utils/deontic_parser.py
logic tree pin compiler=/tmp/ir-release-datasets-20261001/ipfs_datasets_py/logic/legal_ir/canonical_compiler.py decompiler=/tmp/ir-release-datasets-20261001/ipfs_datasets_py/logic/legal_ir/canonical_decompiler.py parser=/tmp/ir-release-datasets-20261001/ipfs_datasets_py/logic/deontic/utils/deontic_parser.py
logic tree pin compiler=/tmp/ir-release-datasets-20261001/ipfs_datasets_py/logic/legal_ir/canonical_compiler.py decompiler=/tmp/ir-release-datasets-20261001/ipfs_datasets_py/logic/legal_ir/canonical_decompiler.py parser=/tmp/ir-release-datasets-20261001/ipfs_datasets_py/logic/deontic/utils/deontic_parser.py
logic tree pin compiler=/tmp/ir-release-datasets-20261001/ipfs_datasets_py/logic/legal_ir/canonical_compiler.py decompiler=/tmp/ir-release-datasets-20261001/ipfs_datasets_py/logic/legal_ir/canonical_decompiler.py parser=/tmp/ir-release-datasets-20261001/ipfs_datasets_py/logic/deontic/utils/deontic_parser.py
logic tree pin compiler=/tmp/ir-release-datasets-20261001/ipfs_datasets_py/logic/legal_ir/canonical_compiler.py decompiler=/tmp/ir-release-datasets-20261001/ipfs_datasets_py/logic/legal_ir/canonical_decompiler.py parser=/tmp/ir-release-datasets-20261001/ipfs_datasets_py/logic/deontic/utils/deontic_parser.py
logic tree pin compiler=/tmp/ir-release-datasets-20261001/ipfs_datasets_py/logic/legal_ir/canonical_compiler.py decompiler=/tmp/ir-release-datasets-20261001/ipfs_datasets_py/logic/legal_ir/canonical_decompiler.py parser=/tmp/ir-release-datasets-20261001/ipfs_datasets_py/logic/deontic/utils/deontic_parser.py
logic tree pin compiler=/tmp/ir-release-datasets-20261001/ipfs_datasets_py/logic/legal_ir/canonical_compiler.py decompiler=/tmp/ir-release-datasets-20261001/ipfs_datasets_py/logic/legal_ir/canonical_decompiler.py parser=/tmp/ir-release-datasets-20261001/ipfs_datasets_py/logic/deontic/utils/deontic_parser.py
logic tree pin compiler=/tmp/ir-release-datasets-20261001/ipfs_datasets_py/logic/legal_ir/canonical_compiler.py decompiler=/tmp/ir-release-datasets-20261001/ipfs_datasets_py/logic/legal_ir/canonical_decompiler.py parser=/tmp/ir-release-datasets-20261001/ipfs_datasets_py/logic/deontic/utils/deontic_parser.py
logic tree pin compiler=/tmp/ir-release-datasets-20261001/ipfs_datasets_py/logic/legal_ir/canonical_compiler.py decompiler=/tmp/ir-release-datasets-20261001/ipfs_datasets_py/logic/legal_ir/canonical_decompiler.py parser=/tmp/ir-release-datasets-20261001/ipfs_datasets_py/logic/deontic/utils/deontic_parser.py
logic tree pin compiler=/tmp/ir-release-datasets-20261001/ipfs_datasets_py/logic/legal_ir/canonical_compiler.py decompiler=/tmp/ir-release-datasets-20261001/ipfs_datasets_py/logic/legal_ir/canonical_decompiler.py parser=/tmp/ir-release-datasets-20261001/ipfs_datasets_py/logic/deontic/utils/deontic_parser.py
logic tree pin compiler=/tmp/ir-release-datasets-20261001/ipfs_datasets_py/logic/legal_ir/canonical_compiler.py decompiler=/tmp/ir-release-datasets-20261001/ipfs_datasets_py/logic/legal_ir/canonical_decompiler.py parser=/tmp/ir-release-datasets-20261001/ipfs_datasets_py/logic/deontic/utils/deontic_parser.py
logic tree pin compiler=/tmp/ir-release-datasets-20261001/ipfs_datasets_py/logic/legal_ir/canonical_compiler.py decompiler=/tmp/ir-release-datasets-20261001/ipfs_datasets_py/logic/legal_ir/canonical_decompiler.py parser=/tmp/ir-release-datasets-20261001/ipfs_datasets_py/logic/deontic/utils/deontic_parser.py
logic tree pin compiler=/tmp/ir-release-datasets-20261001/ipfs_datasets_py/logic/legal_ir/canonical_compiler.py decompiler=/tmp/ir-release-datasets-20261001/ipfs_datasets_py/logic/legal_ir/canonical_decompiler.py parser=/tmp/ir-release-datasets-20261001/ipfs_datasets_py/logic/deontic/utils/deontic_parser.py
logic tree pin compiler=/tmp/ir-release-datasets-20261001/ipfs_datasets_py/logic/legal_ir/canonical_compiler.py decompiler=/tmp/ir-release-datasets-20261001/ipfs_datasets_py/logic/legal_ir/canonical_decompiler.py parser=/tmp/ir-release-datasets-20261001/ipfs_datasets_py/logic/deontic/utils/deontic_parser.py
logic tree pin compiler=/tmp/ir-release-datasets-20261001/ipfs_datasets_py/logic/legal_ir/canonical_compiler.py decompiler=/tmp/ir-release-datasets-20261001/ipfs_datasets_py/logic/legal_ir/canonical_decompiler.py parser=/tmp/ir-release-datasets-20261001/ipfs_datasets_py/logic/deontic/utils/deontic_parser.py
logic tree pin compiler=/tmp/ir-release-datasets-20261001/ipfs_datasets_py/logic/legal_ir/canonical_compiler.py decompiler=/tmp/ir-release-datasets-20261001/ipfs_datasets_py/logic/legal_ir/canonical_decompiler.py parser=/tmp/ir-release-datasets-20261001/ipfs_datasets_py/logic/deontic/utils/deontic_parser.py
logic tree pin compiler=/tmp/ir-release-datasets-20261001/ipfs_datasets_py/logic/legal_ir/canonical_compiler.py decompiler=/tmp/ir-release-datasets-20261001/ipfs_datasets_py/logic/legal_ir/canonical_decompiler.py parser=/tmp/ir-release-datasets-20261001/ipfs_datasets_py/logic/deontic/utils/deontic_parser.py
logic tree pin compiler=/tmp/ir-release-datasets-20261001/ipfs_datasets_py/logic/legal_ir/canonical_compiler.py decompiler=/tmp/ir-release-datasets-20261001/ipfs_datasets_py/logic/legal_ir/canonical_decompiler.py parser=/tmp/ir-release-datasets-20261001/ipfs_datasets_py/logic/deontic/utils/deontic_parser.py
logic tree pin compiler=/tmp/ir-release-datasets-20261001/ipfs_datasets_py/logic/legal_ir/canonical_compiler.py decompiler=/tmp/ir-release-datasets-20261001/ipfs_datasets_py/logic/legal_ir/canonical_decompiler.py parser=/tmp/ir-release-datasets-20261001/ipfs_datasets_py/logic/deontic/utils/deontic_parser.py
logic tree pin compiler=/tmp/ir-release-datasets-20261001/ipfs_datasets_py/logic/legal_ir/canonical_compiler.py decompiler=/tmp/ir-release-datasets-20261001/ipfs_datasets_py/logic/legal_ir/canonical_decompiler.py parser=/tmp/ir-release-datasets-20261001/ipfs_datasets_py/logic/deontic/utils/deontic_parser.py
logic tree pin compiler=/tmp/ir-release-datasets-20261001/ipfs_datasets_py/logic/legal_ir/canonical_compiler.py decompiler=/tmp/ir-release-datasets-20261001/ipfs_datasets_py/logic/legal_ir/canonical_decompiler.py parser=/tmp/ir-release-datasets-20261001/ipfs_datasets_py/logic/deontic/utils/deontic_parser.py
logic tree pin compiler=/tmp/ir-release-datasets-20261001/ipfs_datasets_py/logic/legal_ir/canonical_compiler.py decompiler=/tmp/ir-release-datasets-20261001/ipfs_datasets_py/logic/legal_ir/canonical_decompiler.py parser=/tmp/ir-release-datasets-20261001/ipfs_datasets_py/logic/deontic/utils/deontic_parser.py
logic tree pin compiler=/tmp/ir-release-datasets-20261001/ipfs_datasets_py/logic/legal_ir/canonical_compiler.py decompiler=/tmp/ir-release-datasets-20261001/ipfs_datasets_py/logic/legal_ir/canonical_decompiler.py parser=/tmp/ir-release-datasets-20261001/ipfs_datasets_py/logic/deontic/utils/deontic_parser.py
logic tree pin compiler=/tmp/ir-release-datasets-20261001/ipfs_datasets_py/logic/legal_ir/canonical_compiler.py decompiler=/tmp/ir-release-datasets-20261001/ipfs_datasets_py/logic/legal_ir/canonical_decompiler.py parser=/tmp/ir-release-datasets-20261001/ipfs_datasets_py/logic/deontic/utils/deontic_parser.py
logic tree pin compiler=/tmp/ir-release-datasets-20261001/ipfs_datasets_py/logic/legal_ir/canonical_compiler.py decompiler=/tmp/ir-release-datasets-20261001/ipfs_datasets_py/logic/legal_ir/canonical_decompiler.py parser=/tmp/ir-release-datasets-20261001/ipfs_datasets_py/logic/deontic/utils/deontic_parser.py
logic tree pin compiler=/tmp/ir-release-datasets-20261001/ipfs_datasets_py/logic/legal_ir/canonical_compiler.py decompiler=/tmp/ir-release-datasets-20261001/ipfs_datasets_py/logic/legal_ir/canonical_decompiler.py parser=/tmp/ir-release-datasets-20261001/ipfs_datasets_py/logic/deontic/utils/deontic_parser.py
logic tree pin compiler=/tmp/ir-release-datasets-20261001/ipfs_datasets_py/logic/legal_ir/canonical_compiler.py decompiler=/tmp/ir-release-datasets-20261001/ipfs_datasets_py/logic/legal_ir/canonical_decompiler.py parser=/tmp/ir-release-datasets-20261001/ipfs_datasets_py/logic/deontic/utils/deontic_parser.py
logic tree pin compiler=/tmp/ir-release-datasets-20261001/ipfs_datasets_py/logic/legal_ir/canonical_compiler.py decompiler=/tmp/ir-release-datasets-20261001/ipfs_datasets_py/logic/legal_ir/canonical_decompiler.py parser=/tmp/ir-release-datasets-20261001/ipfs_datasets_py/logic/deontic/utils/deontic_parser.py
logic tree pin compiler=/tmp/ir-release-datasets-20261001/ipfs_datasets_py/logic/legal_ir/canonical_compiler.py decompiler=/tmp/ir-release-datasets-20261001/ipfs_datasets_py/logic/legal_ir/canonical_decompiler.py parser=/tmp/ir-release-datasets-20261001/ipfs_datasets_py/logic/deontic/utils/deontic_parser.py
logic tree pin compiler=/tmp/ir-release-datasets-20261001/ipfs_datasets_py/logic/legal_ir/canonical_compiler.py decompiler=/tmp/ir-release-datasets-20261001/ipfs_datasets_py/logic/legal_ir/canonical_decompiler.py parser=/tmp/ir-release-datasets-20261001/ipfs_datasets_py/logic/deontic/utils/deontic_parser.py
logic tree pin compiler=/tmp/ir-release-datasets-20261001/ipfs_datasets_py/logic/legal_ir/canonical_compiler.py decompiler=/tmp/ir-release-datasets-20261001/ipfs_datasets_py/logic/legal_ir/canonical_decompiler.py parser=/tmp/ir-release-datasets-20261001/ipfs_datasets_py/logic/deontic/utils/deontic_parser.py
logic tree pin compiler=/tmp/ir-release-datasets-20261001/ipfs_datasets_py/logic/legal_ir/canonical_compiler.py decompiler=/tmp/ir-release-datasets-20261001/ipfs_datasets_py/logic/legal_ir/canonical_decompiler.py parser=/tmp/ir-release-datasets-20261001/ipfs_datasets_py/logic/deontic/utils/deontic_parser.py
_ test_real_canary_policy_and_atomic_promotion_allow_ordered_changed_source_continuation _
tests/integration/logic/software_contracts/test_codebase_prior_384.py:106: in test_real_canary_policy_and_atomic_promotion_allow_ordered_changed_source_continuation
    publish(current,first.result,'stale-first-promotion')
tests/integration/logic/software_contracts/test_codebase_prior_384.py:35: in publish
    return prior.promote(current.index,current.repo,expected_head=current.head,
ipfs_datasets_py/logic/software_contracts/codebase_prior_384.py:276: in promote
    require(value['kind']=='child' and value['request']['source_head']==expected_head.to_dict(),'current prior child source required')
ipfs_datasets_py/logic/software_contracts/codebase_source_384.py:36: in _require
    raise ValueError(message)
E   ValueError: current prior child source required
----------------------------- Captured stdout call -----------------------------
logic tree pin compiler=/tmp/ir-release-datasets-20261001/ipfs_datasets_py/logic/legal_ir/canonical_compiler.py decompiler=/tmp/ir-release-datasets-20261001/ipfs_datasets_py/logic/legal_ir/canonical_decompiler.py parser=/tmp/ir-release-datasets-20261001/ipfs_datasets_py/logic/deontic/utils/deontic_parser.py
logic tree pin compiler=/tmp/ir-release-datasets-20261001/ipfs_datasets_py/logic/legal_ir/canonical_compiler.py decompiler=/tmp/ir-release-datasets-20261001/ipfs_datasets_py/logic/legal_ir/canonical_decompiler.py parser=/tmp/ir-release-datasets-20261001/ipfs_datasets_py/logic/deontic/utils/deontic_parser.py
logic tree pin compiler=/tmp/ir-release-datasets-20261001/ipfs_datasets_py/logic/legal_ir/canonical_compiler.py decompiler=/tmp/ir-release-datasets-20261001/ipfs_datasets_py/logic/legal_ir/canonical_decompiler.py parser=/tmp/ir-release-datasets-20261001/ipfs_datasets_py/logic/deontic/utils/deontic_parser.py
logic tree pin compiler=/tmp/ir-release-datasets-20261001/ipfs_datasets_py/logic/legal_ir/canonical_compiler.py decompiler=/tmp/ir-release-datasets-20261001/ipfs_datasets_py/logic/legal_ir/canonical_decompiler.py parser=/tmp/ir-release-datasets-20261001/ipfs_datasets_py/logic/deontic/utils/deontic_parser.py
logic tree pin compiler=/tmp/ir-release-datasets-20261001/ipfs_datasets_py/logic/legal_ir/canonical_compiler.py decompiler=/tmp/ir-release-datasets-20261001/ipfs_datasets_py/logic/legal_ir/canonical_decompiler.py parser=/tmp/ir-release-datasets-20261001/ipfs_datasets_py/logic/deontic/utils/deontic_parser.py
logic tree pin compiler=/tmp/ir-release-datasets-20261001/ipfs_datasets_py/logic/legal_ir/canonical_compiler.py decompiler=/tmp/ir-release-datasets-20261001/ipfs_datasets_py/logic/legal_ir/canonical_decompiler.py parser=/tmp/ir-release-datasets-20261001/ipfs_datasets_py/logic/deontic/utils/deontic_parser.py
logic tree pin compiler=/tmp/ir-release-datasets-20261001/ipfs_datasets_py/logic/legal_ir/canonical_compiler.py decompiler=/tmp/ir-release-datasets-20261001/ipfs_datasets_py/logic/legal_ir/canonical_decompiler.py parser=/tmp/ir-release-datasets-20261001/ipfs_datasets_py/logic/deontic/utils/deontic_parser.py
logic tree pin compiler=/tmp/ir-release-datasets-20261001/ipfs_datasets_py/logic/legal_ir/canonical_compiler.py decompiler=/tmp/ir-release-datasets-20261001/ipfs_datasets_py/logic/legal_ir/canonical_decompiler.py parser=/tmp/ir-release-datasets-20261001/ipfs_datasets_py/logic/deontic/utils/deontic_parser.py
logic tree pin compiler=/tmp/ir-release-datasets-20261001/ipfs_datasets_py/logic/legal_ir/canonical_compiler.py decompiler=/tmp/ir-release-datasets-20261001/ipfs_datasets_py/logic/legal_ir/canonical_decompiler.py parser=/tmp/ir-release-datasets-20261001/ipfs_datasets_py/logic/deontic/utils/deontic_parser.py
logic tree pin compiler=/tmp/ir-release-datasets-20261001/ipfs_datasets_py/logic/legal_ir/canonical_compiler.py decompiler=/tmp/ir-release-datasets-20261001/ipfs_datasets_py/logic/legal_ir/canonical_decompiler.py parser=/tmp/ir-release-datasets-20261001/ipfs_datasets_py/logic/deontic/utils/deontic_parser.py
logic tree pin compiler=/tmp/ir-release-datasets-20261001/ipfs_datasets_py/logic/legal_ir/canonical_compiler.py decompiler=/tmp/ir-release-datasets-20261001/ipfs_datasets_py/logic/legal_ir/canonical_decompiler.py parser=/tmp/ir-release-datasets-20261001/ipfs_datasets_py/logic/deontic/utils/deontic_parser.py
logic tree pin compiler=/tmp/ir-release-datasets-20261001/ipfs_datasets_py/logic/legal_ir/canonical_compiler.py decompiler=/tmp/ir-release-datasets-20261001/ipfs_datasets_py/logic/legal_ir/canonical_decompiler.py parser=/tmp/ir-release-datasets-20261001/ipfs_datasets_py/logic/deontic/utils/deontic_parser.py
logic tree pin compiler=/tmp/ir-release-datasets-20261001/ipfs_datasets_py/logic/legal_ir/canonical_compiler.py decompiler=/tmp/ir-release-datasets-20261001/ipfs_datasets_py/logic/legal_ir/canonical_decompiler.py parser=/tmp/ir-release-datasets-20261001/ipfs_datasets_py/logic/deontic/utils/deontic_parser.py
logic tree pin compiler=/tmp/ir-release-datasets-20261001/ipfs_datasets_py/logic/legal_ir/canonical_compiler.py decompiler=/tmp/ir-release-datasets-20261001/ipfs_datasets_py/logic/legal_ir/canonical_decompiler.py parser=/tmp/ir-release-datasets-20261001/ipfs_datasets_py/logic/deontic/utils/deontic_parser.py
logic tree pin compiler=/tmp/ir-release-datasets-20261001/ipfs_datasets_py/logic/legal_ir/canonical_compiler.py decompiler=/tmp/ir-release-datasets-20261001/ipfs_datasets_py/logic/legal_ir/canonical_decompiler.py parser=/tmp/ir-release-datasets-20261001/ipfs_datasets_py/logic/deontic/utils/deontic_parser.py
logic tree pin compiler=/tmp/ir-release-datasets-20261001/ipfs_datasets_py/logic/legal_ir/canonical_compiler.py decompiler=/tmp/ir-release-datasets-20261001/ipfs_datasets_py/logic/legal_ir/canonical_decompiler.py parser=/tmp/ir-release-datasets-20261001/ipfs_datasets_py/logic/deontic/utils/deontic_parser.py
logic tree pin compiler=/tmp/ir-release-datasets-20261001/ipfs_datasets_py/logic/legal_ir/canonical_compiler.py decompiler=/tmp/ir-release-datasets-20261001/ipfs_datasets_py/logic/legal_ir/canonical_decompiler.py parser=/tmp/ir-release-datasets-20261001/ipfs_datasets_py/logic/deontic/utils/deontic_parser.py
logic tree pin compiler=/tmp/ir-release-datasets-20261001/ipfs_datasets_py/logic/legal_ir/canonical_compiler.py decompiler=/tmp/ir-release-datasets-20261001/ipfs_datasets_py/logic/legal_ir/canonical_decompiler.py parser=/tmp/ir-release-datasets-20261001/ipfs_datasets_py/logic/deontic/utils/deontic_parser.py
logic tree pin compiler=/tmp/ir-release-datasets-20261001/ipfs_datasets_py/logic/legal_ir/canonical_compiler.py decompiler=/tmp/ir-release-datasets-20261001/ipfs_datasets_py/logic/legal_ir/canonical_decompiler.py parser=/tmp/ir-release-datasets-20261001/ipfs_datasets_py/logic/deontic/utils/deontic_parser.py
logic tree pin compiler=/tmp/ir-release-datasets-20261001/ipfs_datasets_py/logic/legal_ir/canonical_compiler.py decompiler=/tmp/ir-release-datasets-20261001/ipfs_datasets_py/logic/legal_ir/canonical_decompiler.py parser=/tmp/ir-release-datasets-20261001/ipfs_datasets_py/logic/deontic/utils/deontic_parser.py
logic tree pin compiler=/tmp/ir-release-datasets-20261001/ipfs_datasets_py/logic/legal_ir/canonical_compiler.py decompiler=/tmp/ir-release-datasets-20261001/ipfs_datasets_py/logic/legal_ir/canonical_decompiler.py parser=/tmp/ir-release-datasets-20261001/ipfs_datasets_py/logic/deontic/utils/deontic_parser.py
logic tree pin compiler=/tmp/ir-release-datasets-20261001/ipfs_datasets_py/logic/legal_ir/canonical_compiler.py decompiler=/tmp/ir-release-datasets-20261001/ipfs_datasets_py/logic/legal_ir/canonical_decompiler.py parser=/tmp/ir-release-datasets-20261001/ipfs_datasets_py/logic/deontic/utils/deontic_parser.py
logic tree pin compiler=/tmp/ir-release-datasets-20261001/ipfs_datasets_py/logic/legal_ir/canonical_compiler.py decompiler=/tmp/ir-release-datasets-20261001/ipfs_datasets_py/logic/legal_ir/canonical_decompiler.py parser=/tmp/ir-release-datasets-20261001/ipfs_datasets_py/logic/deontic/utils/deontic_parser.py
logic tree pin compiler=/tmp/ir-release-datasets-20261001/ipfs_datasets_py/logic/legal_ir/canonical_compiler.py decompiler=/tmp/ir-release-datasets-20261001/ipfs_datasets_py/logic/legal_ir/canonical_decompiler.py parser=/tmp/ir-release-datasets-20261001/ipfs_datasets_py/logic/deontic/utils/deontic_parser.py
logic tree pin compiler=/tmp/ir-release-datasets-20261001/ipfs_datasets_py/logic/legal_ir/canonical_compiler.py decompiler=/tmp/ir-release-datasets-20261001/ipfs_datasets_py/logic/legal_ir/canonical_decompiler.py parser=/tmp/ir-release-datasets-20261001/ipfs_datasets_py/logic/deontic/utils/deontic_parser.py
logic tree pin compiler=/tmp/ir-release-datasets-20261001/ipfs_datasets_py/logic/legal_ir/canonical_compiler.py decompiler=/tmp/ir-release-datasets-20261001/ipfs_datasets_py/logic/legal_ir/canonical_decompiler.py parser=/tmp/ir-release-datasets-20261001/ipfs_datasets_py/logic/deontic/utils/deontic_parser.py
logic tree pin compiler=/tmp/ir-release-datasets-20261001/ipfs_datasets_py/logic/legal_ir/canonical_compiler.py decompiler=/tmp/ir-release-datasets-20261001/ipfs_datasets_py/logic/legal_ir/canonical_decompiler.py parser=/tmp/ir-release-datasets-20261001/ipfs_datasets_py/logic/deontic/utils/deontic_parser.py
logic tree pin compiler=/tmp/ir-release-datasets-20261001/ipfs_datasets_py/logic/legal_ir/canonical_compiler.py decompiler=/tmp/ir-release-datasets-20261001/ipfs_datasets_py/logic/legal_ir/canonical_decompiler.py parser=/tmp/ir-release-datasets-20261001/ipfs_datasets_py/logic/deontic/utils/deontic_parser.py
logic tree pin compiler=/tmp/ir-release-datasets-20261001/ipfs_datasets_py/logic/legal_ir/canonical_compiler.py decompiler=/tmp/ir-release-datasets-20261001/ipfs_datasets_py/logic/legal_ir/canonical_decompiler.py parser=/tmp/ir-release-datasets-20261001/ipfs_datasets_py/logic/deontic/utils/deontic_parser.py
logic tree pin compiler=/tmp/ir-release-datasets-20261001/ipfs_datasets_py/logic/legal_ir/canonical_compiler.py decompiler=/tmp/ir-release-datasets-20261001/ipfs_datasets_py/logic/legal_ir/canonical_decompiler.py parser=/tmp/ir-release-datasets-20261001/ipfs_datasets_py/logic/deontic/utils/deontic_parser.py
logic tree pin compiler=/tmp/ir-release-datasets-20261001/ipfs_datasets_py/logic/legal_ir/canonical_compiler.py decompiler=/tmp/ir-release-datasets-20261001/ipfs_datasets_py/logic/legal_ir/canonical_decompiler.py parser=/tmp/ir-release-datasets-20261001/ipfs_datasets_py/logic/deontic/utils/deontic_parser.py
logic tree pin compiler=/tmp/ir-release-datasets-20261001/ipfs_datasets_py/logic/legal_ir/canonical_compiler.py decompiler=/tmp/ir-release-datasets-20261001/ipfs_datasets_py/logic/legal_ir/canonical_decompiler.py parser=/tmp/ir-release-datasets-20261001/ipfs_datasets_py/logic/deontic/utils/deontic_parser.py
logic tree pin compiler=/tmp/ir-release-datasets-20261001/ipfs_datasets_py/logic/legal_ir/canonical_compiler.py decompiler=/tmp/ir-release-datasets-20261001/ipfs_datasets_py/logic/legal_ir/canonical_decompiler.py parser=/tmp/ir-release-datasets-20261001/ipfs_datasets_py/logic/deontic/utils/deontic_parser.py
logic tree pin compiler=/tmp/ir-release-datasets-20261001/ipfs_datasets_py/logic/legal_ir/canonical_compiler.py decompiler=/tmp/ir-release-datasets-20261001/ipfs_datasets_py/logic/legal_ir/canonical_decompiler.py parser=/tmp/ir-release-datasets-20261001/ipfs_datasets_py/logic/deontic/utils/deontic_parser.py
logic tree pin compiler=/tmp/ir-release-datasets-20261001/ipfs_datasets_py/logic/legal_ir/canonical_compiler.py decompiler=/tmp/ir-release-datasets-20261001/ipfs_datasets_py/logic/legal_ir/canonical_decompiler.py parser=/tmp/ir-release-datasets-20261001/ipfs_datasets_py/logic/deontic/utils/deontic_parser.py
logic tree pin compiler=/tmp/ir-release-datasets-20261001/ipfs_datasets_py/logic/legal_ir/canonical_compiler.py decompiler=/tmp/ir-release-datasets-20261001/ipfs_datasets_py/logic/legal_ir/canonical_decompiler.py parser=/tmp/ir-release-datasets-20261001/ipfs_datasets_py/logic/deontic/utils/deontic_parser.py
logic tree pin compiler=/tmp/ir-release-datasets-20261001/ipfs_datasets_py/logic/legal_ir/canonical_compiler.py decompiler=/tmp/ir-release-datasets-20261001/ipfs_datasets_py/logic/legal_ir/canonical_decompiler.py parser=/tmp/ir-release-datasets-20261001/ipfs_datasets_py/logic/deontic/utils/deontic_parser.py
logic tree pin compiler=/tmp/ir-release-datasets-20261001/ipfs_datasets_py/logic/legal_ir/canonical_compiler.py decompiler=/tmp/ir-release-datasets-20261001/ipfs_datasets_py/logic/legal_ir/canonical_decompiler.py parser=/tmp/ir-release-datasets-20261001/ipfs_datasets_py/logic/deontic/utils/deontic_parser.py
logic tree pin compiler=/tmp/ir-release-datasets-20261001/ipfs_datasets_py/logic/legal_ir/canonical_compiler.py decompiler=/tmp/ir-release-datasets-20261001/ipfs_datasets_py/logic/legal_ir/canonical_decompiler.py parser=/tmp/ir-release-datasets-20261001/ipfs_datasets_py/logic/deontic/utils/deontic_parser.py
logic tree pin compiler=/tmp/ir-release-datasets-20261001/ipfs_datasets_py/logic/legal_ir/canonical_compiler.py decompiler=/tmp/ir-release-datasets-20261001/ipfs_datasets_py/logic/legal_ir/canonical_decompiler.py parser=/tmp/ir-release-datasets-20261001/ipfs_datasets_py/logic/deontic/utils/deontic_parser.py
logic tree pin compiler=/tmp/ir-release-datasets-20261001/ipfs_datasets_py/logic/legal_ir/canonical_compiler.py decompiler=/tmp/ir-release-datasets-20261001/ipfs_datasets_py/logic/legal_ir/canonical_decompiler.py parser=/tmp/ir-release-datasets-20261001/ipfs_datasets_py/logic/deontic/utils/deontic_parser.py
logic tree pin compiler=/tmp/ir-release-datasets-20261001/ipfs_datasets_py/logic/legal_ir/canonical_compiler.py decompiler=/tmp/ir-release-datasets-20261001/ipfs_datasets_py/logic/legal_ir/canonical_decompiler.py parser=/tmp/ir-release-datasets-20261001/ipfs_datasets_py/logic/deontic/utils/deontic_parser.py
logic tree pin compiler=/tmp/ir-release-datasets-20261001/ipfs_datasets_py/logic/legal_ir/canonical_compiler.py decompiler=/tmp/ir-release-datasets-20261001/ipfs_datasets_py/logic/legal_ir/canonical_decompiler.py parser=/tmp/ir-release-datasets-20261001/ipfs_datasets_py/logic/deontic/utils/deontic_parser.py
logic tree pin compiler=/tmp/ir-release-datasets-20261001/ipfs_datasets_py/logic/legal_ir/canonical_compiler.py decompiler=/tmp/ir-release-datasets-20261001/ipfs_datasets_py/logic/legal_ir/canonical_decompiler.py parser=/tmp/ir-release-datasets-20261001/ipfs_datasets_py/logic/deontic/utils/deontic_parser.py
logic tree pin compiler=/tmp/ir-release-datasets-20261001/ipfs_datasets_py/logic/legal_ir/canonical_compiler.py decompiler=/tmp/ir-release-datasets-20261001/ipfs_datasets_py/logic/legal_ir/canonical_decompiler.py parser=/tmp/ir-release-datasets-20261001/ipfs_datasets_py/logic/deontic/utils/deontic_parser.py
logic tree pin compiler=/tmp/ir-release-datasets-20261001/ipfs_datasets_py/logic/legal_ir/canonical_compiler.py decompiler=/tmp/ir-release-datasets-20261001/ipfs_datasets_py/logic/legal_ir/canonical_decompiler.py parser=/tmp/ir-release-datasets-20261001/ipfs_datasets_py/logic/deontic/utils/deontic_parser.py
logic tree pin compiler=/tmp/ir-release-datasets-20261001/ipfs_datasets_py/logic/legal_ir/canonical_compiler.py decompiler=/tmp/ir-release-datasets-20261001/ipfs_datasets_py/logic/legal_ir/canonical_decompiler.py parser=/tmp/ir-release-datasets-20261001/ipfs_datasets_py/logic/deontic/utils/deontic_parser.py
logic tree pin compiler=/tmp/ir-release-datasets-20261001/ipfs_datasets_py/logic/legal_ir/canonical_compiler.py decompiler=/tmp/ir-release-datasets-20261001/ipfs_datasets_py/logic/legal_ir/canonical_decompiler.py parser=/tmp/ir-release-datasets-20261001/ipfs_datasets_py/logic/deontic/utils/deontic_parser.py
logic tree pin compiler=/tmp/ir-release-datasets-20261001/ipfs_datasets_py/logic/legal_ir/canonical_compiler.py decompiler=/tmp/ir-release-datasets-20261001/ipfs_datasets_py/logic/legal_ir/canonical_decompiler.py parser=/tmp/ir-release-datasets-20261001/ipfs_datasets_py/logic/deontic/utils/deontic_parser.py
logic tree pin compiler=/tmp/ir-release-datasets-20261001/ipfs_datasets_py/logic/legal_ir/canonical_compiler.py decompiler=/tmp/ir-release-datasets-20261001/ipfs_datasets_py/logic/legal_ir/canonical_decompiler.py parser=/tmp/ir-release-datasets-20261001/ipfs_datasets_py/logic/deontic/utils/deontic_parser.py
logic tree pin compiler=/tmp/ir-release-datasets-20261001/ipfs_datasets_py/logic/legal_ir/canonical_compiler.py decompiler=/tmp/ir-release-datasets-20261001/ipfs_datasets_py/logic/legal_ir/canonical_decompiler.py parser=/tmp/ir-release-datasets-20261001/ipfs_datasets_py/logic/deontic/utils/deontic_parser.py
logic tree pin compiler=/tmp/ir-release-datasets-20261001/ipfs_datasets_py/logic/legal_ir/canonical_compiler.py decompiler=/tmp/ir-release-datasets-20261001/ipfs_datasets_py/logic/legal_ir/canonical_decompiler.py parser=/tmp/ir-release-datasets-20261001/ipfs_datasets_py/logic/deontic/utils/deontic_parser.py
logic tree pin compiler=/tmp/ir-release-datasets-20261001/ipfs_datasets_py/logic/legal_ir/canonical_compiler.py decompiler=/tmp/ir-release-datasets-20261001/ipfs_datasets_py/logic/legal_ir/canonical_decompiler.py parser=/tmp/ir-release-datasets-20261001/ipfs_datasets_py/logic/deontic/utils/deontic_parser.py
logic tree pin compiler=/tmp/ir-release-datasets-20261001/ipfs_datasets_py/logic/legal_ir/canonical_compiler.py decompiler=/tmp/ir-release-datasets-20261001/ipfs_datasets_py/logic/legal_ir/canonical_decompiler.py parser=/tmp/ir-release-datasets-20261001/ipfs_datasets_py/logic/deontic/utils/deontic_parser.py
logic tree pin compiler=/tmp/ir-release-datasets-20261001/ipfs_datasets_py/logic/legal_ir/canonical_compiler.py decompiler=/tmp/ir-release-datasets-20261001/ipfs_datasets_py/logic/legal_ir/canonical_decompiler.py parser=/tmp/ir-release-datasets-20261001/ipfs_datasets_py/logic/deontic/utils/deontic_parser.py
logic tree pin compiler=/tmp/ir-release-datasets-20261001/ipfs_datasets_py/logic/legal_ir/canonical_compiler.py decompiler=/tmp/ir-release-datasets-20261001/ipfs_datasets_py/logic/legal_ir/canonical_decompiler.py parser=/tmp/ir-release-datasets-20261001/ipfs_datasets_py/logic/deontic/utils/deontic_parser.py
logic tree pin compiler=/tmp/ir-release-datasets-20261001/ipfs_datasets_py/logic/legal_ir/canonical_compiler.py decompiler=/tmp/ir-release-datasets-20261001/ipfs_datasets_py/logic/legal_ir/canonical_decompiler.py parser=/tmp/ir-release-datasets-20261001/ipfs_datasets_py/logic/deontic/utils/deontic_parser.py
logic tree pin compiler=/tmp/ir-release-datasets-20261001/ipfs_datasets_py/logic/legal_ir/canonical_compiler.py decompiler=/tmp/ir-release-datasets-20261001/ipfs_datasets_py/logic/legal_ir/canonical_decompiler.py parser=/tmp/ir-release-datasets-20261001/ipfs_datasets_py/logic/deontic/utils/deontic_parser.py
logic tree pin compiler=/tmp/ir-release-datasets-20261001/ipfs_datasets_py/logic/legal_ir/canonical_compiler.py decompiler=/tmp/ir-release-datasets-20261001/ipfs_datasets_py/logic/legal_ir/canonical_decompiler.py parser=/tmp/ir-release-datasets-20261001/ipfs_datasets_py/logic/deontic/utils/deontic_parser.py
logic tree pin compiler=/tmp/ir-release-datasets-20261001/ipfs_datasets_py/logic/legal_ir/canonical_compiler.py decompiler=/tmp/ir-release-datasets-20261001/ipfs_datasets_py/logic/legal_ir/canonical_decompiler.py parser=/tmp/ir-release-datasets-20261001/ipfs_datasets_py/logic/deontic/utils/deontic_parser.py
logic tree pin compiler=/tmp/ir-release-datasets-20261001/ipfs_datasets_py/logic/legal_ir/canonical_compiler.py decompiler=/tmp/ir-release-datasets-20261001/ipfs_datasets_py/logic/legal_ir/canonical_decompiler.py parser=/tmp/ir-release-datasets-20261001/ipfs_datasets_py/logic/deontic/utils/deontic_parser.py
logic tree pin compiler=/tmp/ir-release-datasets-20261001/ipfs_datasets_py/logic/legal_ir/canonical_compiler.py decompiler=/tmp/ir-release-datasets-20261001/ipfs_datasets_py/logic/legal_ir/canonical_decompiler.py parser=/tmp/ir-release-datasets-20261001/ipfs_datasets_py/logic/deontic/utils/deontic_parser.py
logic tree pin compiler=/tmp/ir-release-datasets-20261001/ipfs_datasets_py/logic/legal_ir/canonical_compiler.py decompiler=/tmp/ir-release-datasets-20261001/ipfs_datasets_py/logic/legal_ir/canonical_decompiler.py parser=/tmp/ir-release-datasets-20261001/ipfs_datasets_py/logic/deontic/utils/deontic_parser.py
logic tree pin compiler=/tmp/ir-release-datasets-20261001/ipfs_datasets_py/logic/legal_ir/canonical_compiler.py decompiler=/tmp/ir-release-datasets-20261001/ipfs_datasets_py/logic/legal_ir/canonical_decompiler.py parser=/tmp/ir-release-datasets-20261001/ipfs_datasets_py/logic/deontic/utils/deontic_parser.py
logic tree pin compiler=/tmp/ir-release-datasets-20261001/ipfs_datasets_py/logic/legal_ir/canonical_compiler.py decompiler=/tmp/ir-release-datasets-20261001/ipfs_datasets_py/logic/legal_ir/canonical_decompiler.py parser=/tmp/ir-release-datasets-20261001/ipfs_datasets_py/logic/deontic/utils/deontic_parser.py
logic tree pin compiler=/tmp/ir-release-datasets-20261001/ipfs_datasets_py/logic/legal_ir/canonical_compiler.py decompiler=/tmp/ir-release-datasets-20261001/ipfs_datasets_py/logic/legal_ir/canonical_decompiler.py parser=/tmp/ir-release-datasets-20261001/ipfs_datasets_py/logic/deontic/utils/deontic_parser.py
logic tree pin compiler=/tmp/ir-release-datasets-20261001/ipfs_datasets_py/logic/legal_ir/canonical_compiler.py decompiler=/tmp/ir-release-datasets-20261001/ipfs_datasets_py/logic/legal_ir/canonical_decompiler.py parser=/tmp/ir-release-datasets-20261001/ipfs_datasets_py/logic/deontic/utils/deontic_parser.py
logic tree pin compiler=/tmp/ir-release-datasets-20261001/ipfs_datasets_py/logic/legal_ir/canonical_compiler.py decompiler=/tmp/ir-release-datasets-20261001/ipfs_datasets_py/logic/legal_ir/canonical_decompiler.py parser=/tmp/ir-release-datasets-20261001/ipfs_datasets_py/logic/deontic/utils/deontic_parser.py
logic tree pin compiler=/tmp/ir-release-datasets-20261001/ipfs_datasets_py/logic/legal_ir/canonical_compiler.py decompiler=/tmp/ir-release-datasets-20261001/ipfs_datasets_py/logic/legal_ir/canonical_decompiler.py parser=/tmp/ir-release-datasets-20261001/ipfs_datasets_py/logic/deontic/utils/deontic_parser.py
logic tree pin compiler=/tmp/ir-release-datasets-20261001/ipfs_datasets_py/logic/legal_ir/canonical_compiler.py decompiler=/tmp/ir-release-datasets-20261001/ipfs_datasets_py/logic/legal_ir/canonical_decompiler.py parser=/tmp/ir-release-datasets-20261001/ipfs_datasets_py/logic/deontic/utils/deontic_parser.py
logic tree pin compiler=/tmp/ir-release-datasets-20261001/ipfs_datasets_py/logic/legal_ir/canonical_compiler.py decompiler=/tmp/ir-release-datasets-20261001/ipfs_datasets_py/logic/legal_ir/canonical_decompiler.py parser=/tmp/ir-release-datasets-20261001/ipfs_datasets_py/logic/deontic/utils/deontic_parser.py
logic tree pin compiler=/tmp/ir-release-datasets-20261001/ipfs_datasets_py/logic/legal_ir/canonical_compiler.py decompiler=/tmp/ir-release-datasets-20261001/ipfs_datasets_py/logic/legal_ir/canonical_decompiler.py parser=/tmp/ir-release-datasets-20261001/ipfs_datasets_py/logic/deontic/utils/deontic_parser.py
logic tree pin compiler=/tmp/ir-release-datasets-20261001/ipfs_datasets_py/logic/legal_ir/canonical_compiler.py decompiler=/tmp/ir-release-datasets-20261001/ipfs_datasets_py/logic/legal_ir/canonical_decompiler.py parser=/tmp/ir-release-datasets-20261001/ipfs_datasets_py/logic/deontic/utils/deontic_parser.py
logic tree pin compiler=/tmp/ir-release-datasets-20261001/ipfs_datasets_py/logic/legal_ir/canonical_compiler.py decompiler=/tmp/ir-release-datasets-20261001/ipfs_datasets_py/logic/legal_ir/canonical_decompiler.py parser=/tmp/ir-release-datasets-20261001/ipfs_datasets_py/logic/deontic/utils/deontic_parser.py
logic tree pin compiler=/tmp/ir-release-datasets-20261001/ipfs_datasets_py/logic/legal_ir/canonical_compiler.py decompiler=/tmp/ir-release-datasets-20261001/ipfs_datasets_py/logic/legal_ir/canonical_decompiler.py parser=/tmp/ir-release-datasets-20261001/ipfs_datasets_py/logic/deontic/utils/deontic_parser.py
logic tree pin compiler=/tmp/ir-release-datasets-20261001/ipfs_datasets_py/logic/legal_ir/canonical_compiler.py decompiler=/tmp/ir-release-datasets-20261001/ipfs_datasets_py/logic/legal_ir/canonical_decompiler.py parser=/tmp/ir-release-datasets-20261001/ipfs_datasets_py/logic/deontic/utils/deontic_parser.py
logic tree pin compiler=/tmp/ir-release-datasets-20261001/ipfs_datasets_py/logic/legal_ir/canonical_compiler.py decompiler=/tmp/ir-release-datasets-20261001/ipfs_datasets_py/logic/legal_ir/canonical_decompiler.py parser=/tmp/ir-release-datasets-20261001/ipfs_datasets_py/logic/deontic/utils/deontic_parser.py
logic tree pin compiler=/tmp/ir-release-datasets-20261001/ipfs_datasets_py/logic/legal_ir/canonical_compiler.py decompiler=/tmp/ir-release-datasets-20261001/ipfs_datasets_py/logic/legal_ir/canonical_decompiler.py parser=/tmp/ir-release-datasets-20261001/ipfs_datasets_py/logic/deontic/utils/deontic_parser.py
logic tree pin compiler=/tmp/ir-release-datasets-20261001/ipfs_datasets_py/logic/legal_ir/canonical_compiler.py decompiler=/tmp/ir-release-datasets-20261001/ipfs_datasets_py/logic/legal_ir/canonical_decompiler.py parser=/tmp/ir-release-datasets-20261001/ipfs_datasets_py/logic/deontic/utils/deontic_parser.py
logic tree pin compiler=/tmp/ir-release-datasets-20261001/ipfs_datasets_py/logic/legal_ir/canonical_compiler.py decompiler=/tmp/ir-release-datasets-20261001/ipfs_datasets_py/logic/legal_ir/canonical_decompiler.py parser=/tmp/ir-release-datasets-20261001/ipfs_datasets_py/logic/deontic/utils/deontic_parser.py
logic tree pin compiler=/tmp/ir-release-datasets-20261001/ipfs_datasets_py/logic/legal_ir/canonical_compiler.py decompiler=/tmp/ir-release-datasets-20261001/ipfs_datasets_py/logic/legal_ir/canonical_decompiler.py parser=/tmp/ir-release-datasets-20261001/ipfs_datasets_py/logic/deontic/utils/deontic_parser.py
logic tree pin compiler=/tmp/ir-release-datasets-20261001/ipfs_datasets_py/logic/legal_ir/canonical_compiler.py decompiler=/tmp/ir-release-datasets-20261001/ipfs_datasets_py/logic/legal_ir/canonical_decompiler.py parser=/tmp/ir-release-datasets-20261001/ipfs_datasets_py/logic/deontic/utils/deontic_parser.py
logic tree pin compiler=/tmp/ir-release-datasets-20261001/ipfs_datasets_py/logic/legal_ir/canonical_compiler.py decompiler=/tmp/ir-release-datasets-20261001/ipfs_datasets_py/logic/legal_ir/canonical_decompiler.py parser=/tmp/ir-release-datasets-20261001/ipfs_datasets_py/logic/deontic/utils/deontic_parser.py
logic tree pin compiler=/tmp/ir-release-datasets-20261001/ipfs_datasets_py/logic/legal_ir/canonical_compiler.py decompiler=/tmp/ir-release-datasets-20261001/ipfs_datasets_py/logic/legal_ir/canonical_decompiler.py parser=/tmp/ir-release-datasets-20261001/ipfs_datasets_py/logic/deontic/utils/deontic_parser.py
logic tree pin compiler=/tmp/ir-release-datasets-20261001/ipfs_datasets_py/logic/legal_ir/canonical_compiler.py decompiler=/tmp/ir-release-datasets-20261001/ipfs_datasets_py/logic/legal_ir/canonical_decompiler.py parser=/tmp/ir-release-datasets-20261001/ipfs_datasets_py/logic/deontic/utils/deontic_parser.py
logic tree pin compiler=/tmp/ir-release-datasets-20261001/ipfs_datasets_py/logic/legal_ir/canonical_compiler.py decompiler=/tmp/ir-release-datasets-20261001/ipfs_datasets_py/logic/legal_ir/canonical_decompiler.py parser=/tmp/ir-release-datasets-20261001/ipfs_datasets_py/logic/deontic/utils/deontic_parser.py
logic tree pin compiler=/tmp/ir-release-datasets-20261001/ipfs_datasets_py/logic/legal_ir/canonical_compiler.py decompiler=/tmp/ir-release-datasets-20261001/ipfs_datasets_py/logic/legal_ir/canonical_decompiler.py parser=/tmp/ir-release-datasets-20261001/ipfs_datasets_py/logic/deontic/utils/deontic_parser.py
logic tree pin compiler=/tmp/ir-release-datasets-20261001/ipfs_datasets_py/logic/legal_ir/canonical_compiler.py decompiler=/tmp/ir-release-datasets-20261001/ipfs_datasets_py/logic/legal_ir/canonical_decompiler.py parser=/tmp/ir-release-datasets-20261001/ipfs_datasets_py/logic/deontic/utils/deontic_parser.py
logic tree pin compiler=/tmp/ir-release-datasets-20261001/ipfs_datasets_py/logic/legal_ir/canonical_compiler.py decompiler=/tmp/ir-release-datasets-20261001/ipfs_datasets_py/logic/legal_ir/canonical_decompiler.py parser=/tmp/ir-release-datasets-20261001/ipfs_datasets_py/logic/deontic/utils/deontic_parser.py
logic tree pin compiler=/tmp/ir-release-datasets-20261001/ipfs_datasets_py/logic/legal_ir/canonical_compiler.py decompiler=/tmp/ir-release-datasets-20261001/ipfs_datasets_py/logic/legal_ir/canonical_decompiler.py parser=/tmp/ir-release-datasets-20261001/ipfs_datasets_py/logic/deontic/utils/deontic_parser.py
logic tree pin compiler=/tmp/ir-release-datasets-20261001/ipfs_datasets_py/logic/legal_ir/canonical_compiler.py decompiler=/tmp/ir-release-datasets-20261001/ipfs_datasets_py/logic/legal_ir/canonical_decompiler.py parser=/tmp/ir-release-datasets-20261001/ipfs_datasets_py/logic/deontic/utils/deontic_parser.py
logic tree pin compiler=/tmp/ir-release-datasets-20261001/ipfs_datasets_py/logic/legal_ir/canonical_compiler.py decompiler=/tmp/ir-release-datasets-20261001/ipfs_datasets_py/logic/legal_ir/canonical_decompiler.py parser=/tmp/ir-release-datasets-20261001/ipfs_datasets_py/logic/deontic/utils/deontic_parser.py
logic tree pin compiler=/tmp/ir-release-datasets-20261001/ipfs_datasets_py/logic/legal_ir/canonical_compiler.py decompiler=/tmp/ir-release-datasets-20261001/ipfs_datasets_py/logic/legal_ir/canonical_decompiler.py parser=/tmp/ir-release-datasets-20261001/ipfs_datasets_py/logic/deontic/utils/deontic_parser.py
logic tree pin compiler=/tmp/ir-release-datasets-20261001/ipfs_datasets_py/logic/legal_ir/canonical_compiler.py decompiler=/tmp/ir-release-datasets-20261001/ipfs_datasets_py/logic/legal_ir/canonical_decompiler.py parser=/tmp/ir-release-datasets-20261001/ipfs_datasets_py/logic/deontic/utils/deontic_parser.py
logic tree pin compiler=/tmp/ir-release-datasets-20261001/ipfs_datasets_py/logic/legal_ir/canonical_compiler.py decompiler=/tmp/ir-release-datasets-20261001/ipfs_datasets_py/logic/legal_ir/canonical_decompiler.py parser=/tmp/ir-release-datasets-20261001/ipfs_datasets_py/logic/deontic/utils/deontic_parser.py
logic tree pin compiler=/tmp/ir-release-datasets-20261001/ipfs_datasets_py/logic/legal_ir/canonical_compiler.py decompiler=/tmp/ir-release-datasets-20261001/ipfs_datasets_py/logic/legal_ir/canonical_decompiler.py parser=/tmp/ir-release-datasets-20261001/ipfs_datasets_py/logic/deontic/utils/deontic_parser.py
logic tree pin compiler=/tmp/ir-release-datasets-20261001/ipfs_datasets_py/logic/legal_ir/canonical_compiler.py decompiler=/tmp/ir-release-datasets-20261001/ipfs_datasets_py/logic/legal_ir/canonical_decompiler.py parser=/tmp/ir-release-datasets-20261001/ipfs_datasets_py/logic/deontic/utils/deontic_parser.py
logic tree pin compiler=/tmp/ir-release-datasets-20261001/ipfs_datasets_py/logic/legal_ir/canonical_compiler.py decompiler=/tmp/ir-release-datasets-20261001/ipfs_datasets_py/logic/legal_ir/canonical_decompiler.py parser=/tmp/ir-release-datasets-20261001/ipfs_datasets_py/logic/deontic/utils/deontic_parser.py
logic tree pin compiler=/tmp/ir-release-datasets-20261001/ipfs_datasets_py/logic/legal_ir/canonical_compiler.py decompiler=/tmp/ir-release-datasets-20261001/ipfs_datasets_py/logic/legal_ir/canonical_decompiler.py parser=/tmp/ir-release-datasets-20261001/ipfs_datasets_py/logic/deontic/utils/deontic_parser.py
logic tree pin compiler=/tmp/ir-release-datasets-20261001/ipfs_datasets_py/logic/legal_ir/canonical_compiler.py decompiler=/tmp/ir-release-datasets-20261001/ipfs_datasets_py/logic/legal_ir/canonical_decompiler.py parser=/tmp/ir-release-datasets-20261001/ipfs_datasets_py/logic/deontic/utils/deontic_parser.py
logic tree pin compiler=/tmp/ir-release-datasets-20261001/ipfs_datasets_py/logic/legal_ir/canonical_compiler.py decompiler=/tmp/ir-release-datasets-20261001/ipfs_datasets_py/logic/legal_ir/canonical_decompiler.py parser=/tmp/ir-release-datasets-20261001/ipfs_datasets_py/logic/deontic/utils/deontic_parser.py
logic tree pin compiler=/tmp/ir-release-datasets-20261001/ipfs_datasets_py/logic/legal_ir/canonical_compiler.py decompiler=/tmp/ir-release-datasets-20261001/ipfs_datasets_py/logic/legal_ir/canonical_decompiler.py parser=/tmp/ir-release-datasets-20261001/ipfs_datasets_py/logic/deontic/utils/deontic_parser.py
logic tree pin compiler=/tmp/ir-release-datasets-20261001/ipfs_datasets_py/logic/legal_ir/canonical_compiler.py decompiler=/tmp/ir-release-datasets-20261001/ipfs_datasets_py/logic/legal_ir/canonical_decompiler.py parser=/tmp/ir-release-datasets-20261001/ipfs_datasets_py/logic/deontic/utils/deontic_parser.py
logic tree pin compiler=/tmp/ir-release-datasets-20261001/ipfs_datasets_py/logic/legal_ir/canonical_compiler.py decompiler=/tmp/ir-release-datasets-20261001/ipfs_datasets_py/logic/legal_ir/canonical_decompiler.py parser=/tmp/ir-release-datasets-20261001/ipfs_datasets_py/logic/deontic/utils/deontic_parser.py
logic tree pin compiler=/tmp/ir-release-datasets-20261001/ipfs_datasets_py/logic/legal_ir/canonical_compiler.py decompiler=/tmp/ir-release-datasets-20261001/ipfs_datasets_py/logic/legal_ir/canonical_decompiler.py parser=/tmp/ir-release-datasets-20261001/ipfs_datasets_py/logic/deontic/utils/deontic_parser.py
logic tree pin compiler=/tmp/ir-release-datasets-20261001/ipfs_datasets_py/logic/legal_ir/canonical_compiler.py decompiler=/tmp/ir-release-datasets-20261001/ipfs_datasets_py/logic/legal_ir/canonical_decompiler.py parser=/tmp/ir-release-datasets-20261001/ipfs_datasets_py/logic/deontic/utils/deontic_parser.py
logic tree pin compiler=/tmp/ir-release-datasets-20261001/ipfs_datasets_py/logic/legal_ir/canonical_compiler.py decompiler=/tmp/ir-release-datasets-20261001/ipfs_datasets_py/logic/legal_ir/canonical_decompiler.py parser=/tmp/ir-release-datasets-20261001/ipfs_datasets_py/logic/deontic/utils/deontic_parser.py
logic tree pin compiler=/tmp/ir-release-datasets-20261001/ipfs_datasets_py/logic/legal_ir/canonical_compiler.py decompiler=/tmp/ir-release-datasets-20261001/ipfs_datasets_py/logic/legal_ir/canonical_decompiler.py parser=/tmp/ir-release-datasets-20261001/ipfs_datasets_py/logic/deontic/utils/deontic_parser.py
logic tree pin compiler=/tmp/ir-release-datasets-20261001/ipfs_datasets_py/logic/legal_ir/canonical_compiler.py decompiler=/tmp/ir-release-datasets-20261001/ipfs_datasets_py/logic/legal_ir/canonical_decompiler.py parser=/tmp/ir-release-datasets-20261001/ipfs_datasets_py/logic/deontic/utils/deontic_parser.py
logic tree pin compiler=/tmp/ir-release-datasets-20261001/ipfs_datasets_py/logic/legal_ir/canonical_compiler.py decompiler=/tmp/ir-release-datasets-20261001/ipfs_datasets_py/logic/legal_ir/canonical_decompiler.py parser=/tmp/ir-release-datasets-20261001/ipfs_datasets_py/logic/deontic/utils/deontic_parser.py
logic tree pin compiler=/tmp/ir-release-datasets-20261001/ipfs_datasets_py/logic/legal_ir/canonical_compiler.py decompiler=/tmp/ir-release-datasets-20261001/ipfs_datasets_py/logic/legal_ir/canonical_decompiler.py parser=/tmp/ir-release-datasets-20261001/ipfs_datasets_py/logic/deontic/utils/deontic_parser.py
logic tree pin compiler=/tmp/ir-release-datasets-20261001/ipfs_datasets_py/logic/legal_ir/canonical_compiler.py decompiler=/tmp/ir-release-datasets-20261001/ipfs_datasets_py/logic/legal_ir/canonical_decompiler.py parser=/tmp/ir-release-datasets-20261001/ipfs_datasets_py/logic/deontic/utils/deontic_parser.py
logic tree pin compiler=/tmp/ir-release-datasets-20261001/ipfs_datasets_py/logic/legal_ir/canonical_compiler.py decompiler=/tmp/ir-release-datasets-20261001/ipfs_datasets_py/logic/legal_ir/canonical_decompiler.py parser=/tmp/ir-release-datasets-20261001/ipfs_datasets_py/logic/deontic/utils/deontic_parser.py
logic tree pin compiler=/tmp/ir-release-datasets-20261001/ipfs_datasets_py/logic/legal_ir/canonical_compiler.py decompiler=/tmp/ir-release-datasets-20261001/ipfs_datasets_py/logic/legal_ir/canonical_decompiler.py parser=/tmp/ir-release-datasets-20261001/ipfs_datasets_py/logic/deontic/utils/deontic_parser.py
logic tree pin compiler=/tmp/ir-release-datasets-20261001/ipfs_datasets_py/logic/legal_ir/canonical_compiler.py decompiler=/tmp/ir-release-datasets-20261001/ipfs_datasets_py/logic/legal_ir/canonical_decompiler.py parser=/tmp/ir-release-datasets-20261001/ipfs_datasets_py/logic/deontic/utils/deontic_parser.py
logic tree pin compiler=/tmp/ir-release-datasets-20261001/ipfs_datasets_py/logic/legal_ir/canonical_compiler.py decompiler=/tmp/ir-release-datasets-20261001/ipfs_datasets_py/logic/legal_ir/canonical_decompiler.py parser=/tmp/ir-release-datasets-20261001/ipfs_datasets_py/logic/deontic/utils/deontic_parser.py
logic tree pin compiler=/tmp/ir-release-datasets-20261001/ipfs_datasets_py/logic/legal_ir/canonical_compiler.py decompiler=/tmp/ir-release-datasets-20261001/ipfs_datasets_py/logic/legal_ir/canonical_decompiler.py parser=/tmp/ir-release-datasets-20261001/ipfs_datasets_py/logic/deontic/utils/deontic_parser.py
logic tree pin compiler=/tmp/ir-release-datasets-20261001/ipfs_datasets_py/logic/legal_ir/canonical_compiler.py decompiler=/tmp/ir-release-datasets-20261001/ipfs_datasets_py/logic/legal_ir/canonical_decompiler.py parser=/tmp/ir-release-datasets-20261001/ipfs_datasets_py/logic/deontic/utils/deontic_parser.py
logic tree pin compiler=/tmp/ir-release-datasets-20261001/ipfs_datasets_py/logic/legal_ir/canonical_compiler.py decompiler=/tmp/ir-release-datasets-20261001/ipfs_datasets_py/logic/legal_ir/canonical_decompiler.py parser=/tmp/ir-release-datasets-20261001/ipfs_datasets_py/logic/deontic/utils/deontic_parser.py
logic tree pin compiler=/tmp/ir-release-datasets-20261001/ipfs_datasets_py/logic/legal_ir/canonical_compiler.py decompiler=/tmp/ir-release-datasets-20261001/ipfs_datasets_py/logic/legal_ir/canonical_decompiler.py parser=/tmp/ir-release-datasets-20261001/ipfs_datasets_py/logic/deontic/utils/deontic_parser.py
logic tree pin compiler=/tmp/ir-release-datasets-20261001/ipfs_datasets_py/logic/legal_ir/canonical_compiler.py decompiler=/tmp/ir-release-datasets-20261001/ipfs_datasets_py/logic/legal_ir/canonical_decompiler.py parser=/tmp/ir-release-datasets-20261001/ipfs_datasets_py/logic/deontic/utils/deontic_parser.py
logic tree pin compiler=/tmp/ir-release-datasets-20261001/ipfs_datasets_py/logic/legal_ir/canonical_compiler.py decompiler=/tmp/ir-release-datasets-20261001/ipfs_datasets_py/logic/legal_ir/canonical_decompiler.py parser=/tmp/ir-release-datasets-20261001/ipfs_datasets_py/logic/deontic/utils/deontic_parser.py
logic tree pin compiler=/tmp/ir-release-datasets-20261001/ipfs_datasets_py/logic/legal_ir/canonical_compiler.py decompiler=/tmp/ir-release-datasets-20261001/ipfs_datasets_py/logic/legal_ir/canonical_decompiler.py parser=/tmp/ir-release-datasets-20261001/ipfs_datasets_py/logic/deontic/utils/deontic_parser.py
logic tree pin compiler=/tmp/ir-release-datasets-20261001/ipfs_datasets_py/logic/legal_ir/canonical_compiler.py decompiler=/tmp/ir-release-datasets-20261001/ipfs_datasets_py/logic/legal_ir/canonical_decompiler.py parser=/tmp/ir-release-datasets-20261001/ipfs_datasets_py/logic/deontic/utils/deontic_parser.py
logic tree pin compiler=/tmp/ir-release-datasets-20261001/ipfs_datasets_py/logic/legal_ir/canonical_compiler.py decompiler=/tmp/ir-release-datasets-20261001/ipfs_datasets_py/logic/legal_ir/canonical_decompiler.py parser=/tmp/ir-release-datasets-20261001/ipfs_datasets_py/logic/deontic/utils/deontic_parser.py
logic tree pin compiler=/tmp/ir-release-datasets-20261001/ipfs_datasets_py/logic/legal_ir/canonical_compiler.py decompiler=/tmp/ir-release-datasets-20261001/ipfs_datasets_py/logic/legal_ir/canonical_decompiler.py parser=/tmp/ir-release-datasets-20261001/ipfs_datasets_py/logic/deontic/utils/deontic_parser.py
logic tree pin compiler=/tmp/ir-release-datasets-20261001/ipfs_datasets_py/logic/legal_ir/canonical_compiler.py decompiler=/tmp/ir-release-datasets-20261001/ipfs_datasets_py/logic/legal_ir/canonical_decompiler.py parser=/tmp/ir-release-datasets-20261001/ipfs_datasets_py/logic/deontic/utils/deontic_parser.py
logic tree pin compiler=/tmp/ir-release-datasets-20261001/ipfs_datasets_py/logic/legal_ir/canonical_compiler.py decompiler=/tmp/ir-release-datasets-20261001/ipfs_datasets_py/logic/legal_ir/canonical_decompiler.py parser=/tmp/ir-release-datasets-20261001/ipfs_datasets_py/logic/deontic/utils/deontic_parser.py
logic tree pin compiler=/tmp/ir-release-datasets-20261001/ipfs_datasets_py/logic/legal_ir/canonical_compiler.py decompiler=/tmp/ir-release-datasets-20261001/ipfs_datasets_py/logic/legal_ir/canonical_decompiler.py parser=/tmp/ir-release-datasets-20261001/ipfs_datasets_py/logic/deontic/utils/deontic_parser.py
logic tree pin compiler=/tmp/ir-release-datasets-20261001/ipfs_datasets_py/logic/legal_ir/canonical_compiler.py decompiler=/tmp/ir-release-datasets-20261001/ipfs_datasets_py/logic/legal_ir/canonical_decompiler.py parser=/tmp/ir-release-datasets-20261001/ipfs_datasets_py/logic/deontic/utils/deontic_parser.py
logic tree pin compiler=/tmp/ir-release-datasets-20261001/ipfs_datasets_py/logic/legal_ir/canonical_compiler.py decompiler=/tmp/ir-release-datasets-20261001/ipfs_datasets_py/logic/legal_ir/canonical_decompiler.py parser=/tmp/ir-release-datasets-20261001/ipfs_datasets_py/logic/deontic/utils/deontic_parser.py
logic tree pin compiler=/tmp/ir-release-datasets-20261001/ipfs_datasets_py/logic/legal_ir/canonical_compiler.py decompiler=/tmp/ir-release-datasets-20261001/ipfs_datasets_py/logic/legal_ir/canonical_decompiler.py parser=/tmp/ir-release-datasets-20261001/ipfs_datasets_py/logic/deontic/utils/deontic_parser.py
logic tree pin compiler=/tmp/ir-release-datasets-20261001/ipfs_datasets_py/logic/legal_ir/canonical_compiler.py decompiler=/tmp/ir-release-datasets-20261001/ipfs_datasets_py/logic/legal_ir/canonical_decompiler.py parser=/tmp/ir-release-datasets-20261001/ipfs_datasets_py/logic/deontic/utils/deontic_parser.py
logic tree pin compiler=/tmp/ir-release-datasets-20261001/ipfs_datasets_py/logic/legal_ir/canonical_compiler.py decompiler=/tmp/ir-release-datasets-20261001/ipfs_datasets_py/logic/legal_ir/canonical_decompiler.py parser=/tmp/ir-release-datasets-20261001/ipfs_datasets_py/logic/deontic/utils/deontic_parser.py
logic tree pin compiler=/tmp/ir-release-datasets-20261001/ipfs_datasets_py/logic/legal_ir/canonical_compiler.py decompiler=/tmp/ir-release-datasets-20261001/ipfs_datasets_py/logic/legal_ir/canonical_decompiler.py parser=/tmp/ir-release-datasets-20261001/ipfs_datasets_py/logic/deontic/utils/deontic_parser.py
logic tree pin compiler=/tmp/ir-release-datasets-20261001/ipfs_datasets_py/logic/legal_ir/canonical_compiler.py decompiler=/tmp/ir-release-datasets-20261001/ipfs_datasets_py/logic/legal_ir/canonical_decompiler.py parser=/tmp/ir-release-datasets-20261001/ipfs_datasets_py/logic/deontic/utils/deontic_parser.py
logic tree pin compiler=/tmp/ir-release-datasets-20261001/ipfs_datasets_py/logic/legal_ir/canonical_compiler.py decompiler=/tmp/ir-release-datasets-20261001/ipfs_datasets_py/logic/legal_ir/canonical_decompiler.py parser=/tmp/ir-release-datasets-20261001/ipfs_datasets_py/logic/deontic/utils/deontic_parser.py
logic tree pin compiler=/tmp/ir-release-datasets-20261001/ipfs_datasets_py/logic/legal_ir/canonical_compiler.py decompiler=/tmp/ir-release-datasets-20261001/ipfs_datasets_py/logic/legal_ir/canonical_decompiler.py parser=/tmp/ir-release-datasets-20261001/ipfs_datasets_py/logic/deontic/utils/deontic_parser.py
logic tree pin compiler=/tmp/ir-release-datasets-20261001/ipfs_datasets_py/logic/legal_ir/canonical_compiler.py decompiler=/tmp/ir-release-datasets-20261001/ipfs_datasets_py/logic/legal_ir/canonical_decompiler.py parser=/tmp/ir-release-datasets-20261001/ipfs_datasets_py/logic/deontic/utils/deontic_parser.py
logic tree pin compiler=/tmp/ir-release-datasets-20261001/ipfs_datasets_py/logic/legal_ir/canonical_compiler.py decompiler=/tmp/ir-release-datasets-20261001/ipfs_datasets_py/logic/legal_ir/canonical_decompiler.py parser=/tmp/ir-release-datasets-20261001/ipfs_datasets_py/logic/deontic/utils/deontic_parser.py
logic tree pin compiler=/tmp/ir-release-datasets-20261001/ipfs_datasets_py/logic/legal_ir/canonical_compiler.py decompiler=/tmp/ir-release-datasets-20261001/ipfs_datasets_py/logic/legal_ir/canonical_decompiler.py parser=/tmp/ir-release-datasets-20261001/ipfs_datasets_py/logic/deontic/utils/deontic_parser.py
logic tree pin compiler=/tmp/ir-release-datasets-20261001/ipfs_datasets_py/logic/legal_ir/canonical_compiler.py decompiler=/tmp/ir-release-datasets-20261001/ipfs_datasets_py/logic/legal_ir/canonical_decompiler.py parser=/tmp/ir-release-datasets-20261001/ipfs_datasets_py/logic/deontic/utils/deontic_parser.py
logic tree pin compiler=/tmp/ir-release-datasets-20261001/ipfs_datasets_py/logic/legal_ir/canonical_compiler.py decompiler=/tmp/ir-release-datasets-20261001/ipfs_datasets_py/logic/legal_ir/canonical_decompiler.py parser=/tmp/ir-release-datasets-20261001/ipfs_datasets_py/logic/deontic/utils/deontic_parser.py
logic tree pin compiler=/tmp/ir-release-datasets-20261001/ipfs_datasets_py/logic/legal_ir/canonical_compiler.py decompiler=/tmp/ir-release-datasets-20261001/ipfs_datasets_py/logic/legal_ir/canonical_decompiler.py parser=/tmp/ir-release-datasets-20261001/ipfs_datasets_py/logic/deontic/utils/deontic_parser.py
logic tree pin compiler=/tmp/ir-release-datasets-20261001/ipfs_datasets_py/logic/legal_ir/canonical_compiler.py decompiler=/tmp/ir-release-datasets-20261001/ipfs_datasets_py/logic/legal_ir/canonical_decompiler.py parser=/tmp/ir-release-datasets-20261001/ipfs_datasets_py/logic/deontic/utils/deontic_parser.py
logic tree pin compiler=/tmp/ir-release-datasets-20261001/ipfs_datasets_py/logic/legal_ir/canonical_compiler.py decompiler=/tmp/ir-release-datasets-20261001/ipfs_datasets_py/logic/legal_ir/canonical_decompiler.py parser=/tmp/ir-release-datasets-20261001/ipfs_datasets_py/logic/deontic/utils/deontic_parser.py
logic tree pin compiler=/tmp/ir-release-datasets-20261001/ipfs_datasets_py/logic/legal_ir/canonical_compiler.py decompiler=/tmp/ir-release-datasets-20261001/ipfs_datasets_py/logic/legal_ir/canonical_decompiler.py parser=/tmp/ir-release-datasets-20261001/ipfs_datasets_py/logic/deontic/utils/deontic_parser.py
logic tree pin compiler=/tmp/ir-release-datasets-20261001/ipfs_datasets_py/logic/legal_ir/canonical_compiler.py decompiler=/tmp/ir-release-datasets-20261001/ipfs_datasets_py/logic/legal_ir/canonical_decompiler.py parser=/tmp/ir-release-datasets-20261001/ipfs_datasets_py/logic/deontic/utils/deontic_parser.py
logic tree pin compiler=/tmp/ir-release-datasets-20261001/ipfs_datasets_py/logic/legal_ir/canonical_compiler.py decompiler=/tmp/ir-release-datasets-20261001/ipfs_datasets_py/logic/legal_ir/canonical_decompiler.py parser=/tmp/ir-release-datasets-20261001/ipfs_datasets_py/logic/deontic/utils/deontic_parser.py
logic tree pin compiler=/tmp/ir-release-datasets-20261001/ipfs_datasets_py/logic/legal_ir/canonical_compiler.py decompiler=/tmp/ir-release-datasets-20261001/ipfs_datasets_py/logic/legal_ir/canonical_decompiler.py parser=/tmp/ir-release-datasets-20261001/ipfs_datasets_py/logic/deontic/utils/deontic_parser.py
logic tree pin compiler=/tmp/ir-release-datasets-20261001/ipfs_datasets_py/logic/legal_ir/canonical_compiler.py decompiler=/tmp/ir-release-datasets-20261001/ipfs_datasets_py/logic/legal_ir/canonical_decompiler.py parser=/tmp/ir-release-datasets-20261001/ipfs_datasets_py/logic/deontic/utils/deontic_parser.py
logic tree pin compiler=/tmp/ir-release-datasets-20261001/ipfs_datasets_py/logic/legal_ir/canonical_compiler.py decompiler=/tmp/ir-release-datasets-20261001/ipfs_datasets_py/logic/legal_ir/canonical_decompiler.py parser=/tmp/ir-release-datasets-20261001/ipfs_datasets_py/logic/deontic/utils/deontic_parser.py
logic tree pin compiler=/tmp/ir-release-datasets-20261001/ipfs_datasets_py/logic/legal_ir/canonical_compiler.py decompiler=/tmp/ir-release-datasets-20261001/ipfs_datasets_py/logic/legal_ir/canonical_decompiler.py parser=/tmp/ir-release-datasets-20261001/ipfs_datasets_py/logic/deontic/utils/deontic_parser.py
logic tree pin compiler=/tmp/ir-release-datasets-20261001/ipfs_datasets_py/logic/legal_ir/canonical_compiler.py decompiler=/tmp/ir-release-datasets-20261001/ipfs_datasets_py/logic/legal_ir/canonical_decompiler.py parser=/tmp/ir-release-datasets-20261001/ipfs_datasets_py/logic/deontic/utils/deontic_parser.py
logic tree pin compiler=/tmp/ir-release-datasets-20261001/ipfs_datasets_py/logic/legal_ir/canonical_compiler.py decompiler=/tmp/ir-release-datasets-20261001/ipfs_datasets_py/logic/legal_ir/canonical_decompiler.py parser=/tmp/ir-release-datasets-20261001/ipfs_datasets_py/logic/deontic/utils/deontic_parser.py
logic tree pin compiler=/tmp/ir-release-datasets-20261001/ipfs_datasets_py/logic/legal_ir/canonical_compiler.py decompiler=/tmp/ir-release-datasets-20261001/ipfs_datasets_py/logic/legal_ir/canonical_decompiler.py parser=/tmp/ir-release-datasets-20261001/ipfs_datasets_py/logic/deontic/utils/deontic_parser.py
logic tree pin compiler=/tmp/ir-release-datasets-20261001/ipfs_datasets_py/logic/legal_ir/canonical_compiler.py decompiler=/tmp/ir-release-datasets-20261001/ipfs_datasets_py/logic/legal_ir/canonical_decompiler.py parser=/tmp/ir-release-datasets-20261001/ipfs_datasets_py/logic/deontic/utils/deontic_parser.py
logic tree pin compiler=/tmp/ir-release-datasets-20261001/ipfs_datasets_py/logic/legal_ir/canonical_compiler.py decompiler=/tmp/ir-release-datasets-20261001/ipfs_datasets_py/logic/legal_ir/canonical_decompiler.py parser=/tmp/ir-release-datasets-20261001/ipfs_datasets_py/logic/deontic/utils/deontic_parser.py
logic tree pin compiler=/tmp/ir-release-datasets-20261001/ipfs_datasets_py/logic/legal_ir/canonical_compiler.py decompiler=/tmp/ir-release-datasets-20261001/ipfs_datasets_py/logic/legal_ir/canonical_decompiler.py parser=/tmp/ir-release-datasets-20261001/ipfs_datasets_py/logic/deontic/utils/deontic_parser.py
logic tree pin compiler=/tmp/ir-release-datasets-20261001/ipfs_datasets_py/logic/legal_ir/canonical_compiler.py decompiler=/tmp/ir-release-datasets-20261001/ipfs_datasets_py/logic/legal_ir/canonical_decompiler.py parser=/tmp/ir-release-datasets-20261001/ipfs_datasets_py/logic/deontic/utils/deontic_parser.py
logic tree pin compiler=/tmp/ir-release-datasets-20261001/ipfs_datasets_py/logic/legal_ir/canonical_compiler.py decompiler=/tmp/ir-release-datasets-20261001/ipfs_datasets_py/logic/legal_ir/canonical_decompiler.py parser=/tmp/ir-release-datasets-20261001/ipfs_datasets_py/logic/deontic/utils/deontic_parser.py
logic tree pin compiler=/tmp/ir-release-datasets-20261001/ipfs_datasets_py/logic/legal_ir/canonical_compiler.py decompiler=/tmp/ir-release-datasets-20261001/ipfs_datasets_py/logic/legal_ir/canonical_decompiler.py parser=/tmp/ir-release-datasets-20261001/ipfs_datasets_py/logic/deontic/utils/deontic_parser.py
logic tree pin compiler=/tmp/ir-release-datasets-20261001/ipfs_datasets_py/logic/legal_ir/canonical_compiler.py decompiler=/tmp/ir-release-datasets-20261001/ipfs_datasets_py/logic/legal_ir/canonical_decompiler.py parser=/tmp/ir-release-datasets-20261001/ipfs_datasets_py/logic/deontic/utils/deontic_parser.py
logic tree pin compiler=/tmp/ir-release-datasets-20261001/ipfs_datasets_py/logic/legal_ir/canonical_compiler.py decompiler=/tmp/ir-release-datasets-20261001/ipfs_datasets_py/logic/legal_ir/canonical_decompiler.py parser=/tmp/ir-release-datasets-20261001/ipfs_datasets_py/logic/deontic/utils/deontic_parser.py
logic tree pin compiler=/tmp/ir-release-datasets-20261001/ipfs_datasets_py/logic/legal_ir/canonical_compiler.py decompiler=/tmp/ir-release-datasets-20261001/ipfs_datasets_py/logic/legal_ir/canonical_decompiler.py parser=/tmp/ir-release-datasets-20261001/ipfs_datasets_py/logic/deontic/utils/deontic_parser.py
logic tree pin compiler=/tmp/ir-release-datasets-20261001/ipfs_datasets_py/logic/legal_ir/canonical_compiler.py decompiler=/tmp/ir-release-datasets-20261001/ipfs_datasets_py/logic/legal_ir/canonical_decompiler.py parser=/tmp/ir-release-datasets-20261001/ipfs_datasets_py/logic/deontic/utils/deontic_parser.py
logic tree pin compiler=/tmp/ir-release-datasets-20261001/ipfs_datasets_py/logic/legal_ir/canonical_compiler.py decompiler=/tmp/ir-release-datasets-20261001/ipfs_datasets_py/logic/legal_ir/canonical_decompiler.py parser=/tmp/ir-release-datasets-20261001/ipfs_datasets_py/logic/deontic/utils/deontic_parser.py
logic tree pin compiler=/tmp/ir-release-datasets-20261001/ipfs_datasets_py/logic/legal_ir/canonical_compiler.py decompiler=/tmp/ir-release-datasets-20261001/ipfs_datasets_py/logic/legal_ir/canonical_decompiler.py parser=/tmp/ir-release-datasets-20261001/ipfs_datasets_py/logic/deontic/utils/deontic_parser.py
logic tree pin compiler=/tmp/ir-release-datasets-20261001/ipfs_datasets_py/logic/legal_ir/canonical_compiler.py decompiler=/tmp/ir-release-datasets-20261001/ipfs_datasets_py/logic/legal_ir/canonical_decompiler.py parser=/tmp/ir-release-datasets-20261001/ipfs_datasets_py/logic/deontic/utils/deontic_parser.py
logic tree pin compiler=/tmp/ir-release-datasets-20261001/ipfs_datasets_py/logic/legal_ir/canonical_compiler.py decompiler=/tmp/ir-release-datasets-20261001/ipfs_datasets_py/logic/legal_ir/canonical_decompiler.py parser=/tmp/ir-release-datasets-20261001/ipfs_datasets_py/logic/deontic/utils/deontic_parser.py
logic tree pin compiler=/tmp/ir-release-datasets-20261001/ipfs_datasets_py/logic/legal_ir/canonical_compiler.py decompiler=/tmp/ir-release-datasets-20261001/ipfs_datasets_py/logic/legal_ir/canonical_decompiler.py parser=/tmp/ir-release-datasets-20261001/ipfs_datasets_py/logic/deontic/utils/deontic_parser.py
logic tree pin compiler=/tmp/ir-release-datasets-20261001/ipfs_datasets_py/logic/legal_ir/canonical_compiler.py decompiler=/tmp/ir-release-datasets-20261001/ipfs_datasets_py/logic/legal_ir/canonical_decompiler.py parser=/tmp/ir-release-datasets-20261001/ipfs_datasets_py/logic/deontic/utils/deontic_parser.py
logic tree pin compiler=/tmp/ir-release-datasets-20261001/ipfs_datasets_py/logic/legal_ir/canonical_compiler.py decompiler=/tmp/ir-release-datasets-20261001/ipfs_datasets_py/logic/legal_ir/canonical_decompiler.py parser=/tmp/ir-release-datasets-20261001/ipfs_datasets_py/logic/deontic/utils/deontic_parser.py
logic tree pin compiler=/tmp/ir-release-datasets-20261001/ipfs_datasets_py/logic/legal_ir/canonical_compiler.py decompiler=/tmp/ir-release-datasets-20261001/ipfs_datasets_py/logic/legal_ir/canonical_decompiler.py parser=/tmp/ir-release-datasets-20261001/ipfs_datasets_py/logic/deontic/utils/deontic_parser.py
logic tree pin compiler=/tmp/ir-release-datasets-20261001/ipfs_datasets_py/logic/legal_ir/canonical_compiler.py decompiler=/tmp/ir-release-datasets-20261001/ipfs_datasets_py/logic/legal_ir/canonical_decompiler.py parser=/tmp/ir-release-datasets-20261001/ipfs_datasets_py/logic/deontic/utils/deontic_parser.py
logic tree pin compiler=/tmp/ir-release-datasets-20261001/ipfs_datasets_py/logic/legal_ir/canonical_compiler.py decompiler=/tmp/ir-release-datasets-20261001/ipfs_datasets_py/logic/legal_ir/canonical_decompiler.py parser=/tmp/ir-release-datasets-20261001/ipfs_datasets_py/logic/deontic/utils/deontic_parser.py
logic tree pin compiler=/tmp/ir-release-datasets-20261001/ipfs_datasets_py/logic/legal_ir/canonical_compiler.py decompiler=/tmp/ir-release-datasets-20261001/ipfs_datasets_py/logic/legal_ir/canonical_decompiler.py parser=/tmp/ir-release-datasets-20261001/ipfs_datasets_py/logic/deontic/utils/deontic_parser.py
logic tree pin compiler=/tmp/ir-release-datasets-20261001/ipfs_datasets_py/logic/legal_ir/canonical_compiler.py decompiler=/tmp/ir-release-datasets-20261001/ipfs_datasets_py/logic/legal_ir/canonical_decompiler.py parser=/tmp/ir-release-datasets-20261001/ipfs_datasets_py/logic/deontic/utils/deontic_parser.py
logic tree pin compiler=/tmp/ir-release-datasets-20261001/ipfs_datasets_py/logic/legal_ir/canonical_compiler.py decompiler=/tmp/ir-release-datasets-20261001/ipfs_datasets_py/logic/legal_ir/canonical_decompiler.py parser=/tmp/ir-release-datasets-20261001/ipfs_datasets_py/logic/deontic/utils/deontic_parser.py
logic tree pin compiler=/tmp/ir-release-datasets-20261001/ipfs_datasets_py/logic/legal_ir/canonical_compiler.py decompiler=/tmp/ir-release-datasets-20261001/ipfs_datasets_py/logic/legal_ir/canonical_decompiler.py parser=/tmp/ir-release-datasets-20261001/ipfs_datasets_py/logic/deontic/utils/deontic_parser.py
logic tree pin compiler=/tmp/ir-release-datasets-20261001/ipfs_datasets_py/logic/legal_ir/canonical_compiler.py decompiler=/tmp/ir-release-datasets-20261001/ipfs_datasets_py/logic/legal_ir/canonical_decompiler.py parser=/tmp/ir-release-datasets-20261001/ipfs_datasets_py/logic/deontic/utils/deontic_parser.py
logic tree pin compiler=/tmp/ir-release-datasets-20261001/ipfs_datasets_py/logic/legal_ir/canonical_compiler.py decompiler=/tmp/ir-release-datasets-20261001/ipfs_datasets_py/logic/legal_ir/canonical_decompiler.py parser=/tmp/ir-release-datasets-20261001/ipfs_datasets_py/logic/deontic/utils/deontic_parser.py
logic tree pin compiler=/tmp/ir-release-datasets-20261001/ipfs_datasets_py/logic/legal_ir/canonical_compiler.py decompiler=/tmp/ir-release-datasets-20261001/ipfs_datasets_py/logic/legal_ir/canonical_decompiler.py parser=/tmp/ir-release-datasets-20261001/ipfs_datasets_py/logic/deontic/utils/deontic_parser.py
logic tree pin compiler=/tmp/ir-release-datasets-20261001/ipfs_datasets_py/logic/legal_ir/canonical_compiler.py decompiler=/tmp/ir-release-datasets-20261001/ipfs_datasets_py/logic/legal_ir/canonical_decompiler.py parser=/tmp/ir-release-datasets-20261001/ipfs_datasets_py/logic/deontic/utils/deontic_parser.py
logic tree pin compiler=/tmp/ir-release-datasets-20261001/ipfs_datasets_py/logic/legal_ir/canonical_compiler.py decompiler=/tmp/ir-release-datasets-20261001/ipfs_datasets_py/logic/legal_ir/canonical_decompiler.py parser=/tmp/ir-release-datasets-20261001/ipfs_datasets_py/logic/deontic/utils/deontic_parser.py
logic tree pin compiler=/tmp/ir-release-datasets-20261001/ipfs_datasets_py/logic/legal_ir/canonical_compiler.py decompiler=/tmp/ir-release-datasets-20261001/ipfs_datasets_py/logic/legal_ir/canonical_decompiler.py parser=/tmp/ir-release-datasets-20261001/ipfs_datasets_py/logic/deontic/utils/deontic_parser.py
logic tree pin compiler=/tmp/ir-release-datasets-20261001/ipfs_datasets_py/logic/legal_ir/canonical_compiler.py decompiler=/tmp/ir-release-datasets-20261001/ipfs_datasets_py/logic/legal_ir/canonical_decompiler.py parser=/tmp/ir-release-datasets-20261001/ipfs_datasets_py/logic/deontic/utils/deontic_parser.py
logic tree pin compiler=/tmp/ir-release-datasets-20261001/ipfs_datasets_py/logic/legal_ir/canonical_compiler.py decompiler=/tmp/ir-release-datasets-20261001/ipfs_datasets_py/logic/legal_ir/canonical_decompiler.py parser=/tmp/ir-release-datasets-20261001/ipfs_datasets_py/logic/deontic/utils/deontic_parser.py
logic tree pin compiler=/tmp/ir-release-datasets-20261001/ipfs_datasets_py/logic/legal_ir/canonical_compiler.py decompiler=/tmp/ir-release-datasets-20261001/ipfs_datasets_py/logic/legal_ir/canonical_decompiler.py parser=/tmp/ir-release-datasets-20261001/ipfs_datasets_py/logic/deontic/utils/deontic_parser.py
logic tree pin compiler=/tmp/ir-release-datasets-20261001/ipfs_datasets_py/logic/legal_ir/canonical_compiler.py decompiler=/tmp/ir-release-datasets-20261001/ipfs_datasets_py/logic/legal_ir/canonical_decompiler.py parser=/tmp/ir-release-datasets-20261001/ipfs_datasets_py/logic/deontic/utils/deontic_parser.py
logic tree pin compiler=/tmp/ir-release-datasets-20261001/ipfs_datasets_py/logic/legal_ir/canonical_compiler.py decompiler=/tmp/ir-release-datasets-20261001/ipfs_datasets_py/logic/legal_ir/canonical_decompiler.py parser=/tmp/ir-release-datasets-20261001/ipfs_datasets_py/logic/deontic/utils/deontic_parser.py
logic tree pin compiler=/tmp/ir-release-datasets-20261001/ipfs_datasets_py/logic/legal_ir/canonical_compiler.py decompiler=/tmp/ir-release-datasets-20261001/ipfs_datasets_py/logic/legal_ir/canonical_decompiler.py parser=/tmp/ir-release-datasets-20261001/ipfs_datasets_py/logic/deontic/utils/deontic_parser.py
logic tree pin compiler=/tmp/ir-release-datasets-20261001/ipfs_datasets_py/logic/legal_ir/canonical_compiler.py decompiler=/tmp/ir-release-datasets-20261001/ipfs_datasets_py/logic/legal_ir/canonical_decompiler.py parser=/tmp/ir-release-datasets-20261001/ipfs_datasets_py/logic/deontic/utils/deontic_parser.py
logic tree pin compiler=/tmp/ir-release-datasets-20261001/ipfs_datasets_py/logic/legal_ir/canonical_compiler.py decompiler=/tmp/ir-release-datasets-20261001/ipfs_datasets_py/logic/legal_ir/canonical_decompiler.py parser=/tmp/ir-release-datasets-20261001/ipfs_datasets_py/logic/deontic/utils/deontic_parser.py
logic tree pin compiler=/tmp/ir-release-datasets-20261001/ipfs_datasets_py/logic/legal_ir/canonical_compiler.py decompiler=/tmp/ir-release-datasets-20261001/ipfs_datasets_py/logic/legal_ir/canonical_decompiler.py parser=/tmp/ir-release-datasets-20261001/ipfs_datasets_py/logic/deontic/utils/deontic_parser.py
logic tree pin compiler=/tmp/ir-release-datasets-20261001/ipfs_datasets_py/logic/legal_ir/canonical_compiler.py decompiler=/tmp/ir-release-datasets-20261001/ipfs_datasets_py/logic/legal_ir/canonical_decompiler.py parser=/tmp/ir-release-datasets-20261001/ipfs_datasets_py/logic/deontic/utils/deontic_parser.py
logic tree pin compiler=/tmp/ir-release-datasets-20261001/ipfs_datasets_py/logic/legal_ir/canonical_compiler.py decompiler=/tmp/ir-release-datasets-20261001/ipfs_datasets_py/logic/legal_ir/canonical_decompiler.py parser=/tmp/ir-release-datasets-20261001/ipfs_datasets_py/logic/deontic/utils/deontic_parser.py
logic tree pin compiler=/tmp/ir-release-datasets-20261001/ipfs_datasets_py/logic/legal_ir/canonical_compiler.py decompiler=/tmp/ir-release-datasets-20261001/ipfs_datasets_py/logic/legal_ir/canonical_decompiler.py parser=/tmp/ir-release-datasets-20261001/ipfs_datasets_py/logic/deontic/utils/deontic_parser.py
logic tree pin compiler=/tmp/ir-release-datasets-20261001/ipfs_datasets_py/logic/legal_ir/canonical_compiler.py decompiler=/tmp/ir-release-datasets-20261001/ipfs_datasets_py/logic/legal_ir/canonical_decompiler.py parser=/tmp/ir-release-datasets-20261001/ipfs_datasets_py/logic/deontic/utils/deontic_parser.py
logic tree pin compiler=/tmp/ir-release-datasets-20261001/ipfs_datasets_py/logic/legal_ir/canonical_compiler.py decompiler=/tmp/ir-release-datasets-20261001/ipfs_datasets_py/logic/legal_ir/canonical_decompiler.py parser=/tmp/ir-release-datasets-20261001/ipfs_datasets_py/logic/deontic/utils/deontic_parser.py
logic tree pin compiler=/tmp/ir-release-datasets-20261001/ipfs_datasets_py/logic/legal_ir/canonical_compiler.py decompiler=/tmp/ir-release-datasets-20261001/ipfs_datasets_py/logic/legal_ir/canonical_decompiler.py parser=/tmp/ir-release-datasets-20261001/ipfs_datasets_py/logic/deontic/utils/deontic_parser.py
logic tree pin compiler=/tmp/ir-release-datasets-20261001/ipfs_datasets_py/logic/legal_ir/canonical_compiler.py decompiler=/tmp/ir-release-datasets-20261001/ipfs_datasets_py/logic/legal_ir/canonical_decompiler.py parser=/tmp/ir-release-datasets-20261001/ipfs_datasets_py/logic/deontic/utils/deontic_parser.py
logic tree pin compiler=/tmp/ir-release-datasets-20261001/ipfs_datasets_py/logic/legal_ir/canonical_compiler.py decompiler=/tmp/ir-release-datasets-20261001/ipfs_datasets_py/logic/legal_ir/canonical_decompiler.py parser=/tmp/ir-release-datasets-20261001/ipfs_datasets_py/logic/deontic/utils/deontic_parser.py
logic tree pin compiler=/tmp/ir-release-datasets-20261001/ipfs_datasets_py/logic/legal_ir/canonical_compiler.py decompiler=/tmp/ir-release-datasets-20261001/ipfs_datasets_py/logic/legal_ir/canonical_decompiler.py parser=/tmp/ir-release-datasets-20261001/ipfs_datasets_py/logic/deontic/utils/deontic_parser.py
logic tree pin compiler=/tmp/ir-release-datasets-20261001/ipfs_datasets_py/logic/legal_ir/canonical_compiler.py decompiler=/tmp/ir-release-datasets-20261001/ipfs_datasets_py/logic/legal_ir/canonical_decompiler.py parser=/tmp/ir-release-datasets-20261001/ipfs_datasets_py/logic/deontic/utils/deontic_parser.py
logic tree pin compiler=/tmp/ir-release-datasets-20261001/ipfs_datasets_py/logic/legal_ir/canonical_compiler.py decompiler=/tmp/ir-release-datasets-20261001/ipfs_datasets_py/logic/legal_ir/canonical_decompiler.py parser=/tmp/ir-release-datasets-20261001/ipfs_datasets_py/logic/deontic/utils/deontic_parser.py
logic tree pin compiler=/tmp/ir-release-datasets-20261001/ipfs_datasets_py/logic/legal_ir/canonical_compiler.py decompiler=/tmp/ir-release-datasets-20261001/ipfs_datasets_py/logic/legal_ir/canonical_decompiler.py parser=/tmp/ir-release-datasets-20261001/ipfs_datasets_py/logic/deontic/utils/deontic_parser.py
logic tree pin compiler=/tmp/ir-release-datasets-20261001/ipfs_datasets_py/logic/legal_ir/canonical_compiler.py decompiler=/tmp/ir-release-datasets-20261001/ipfs_datasets_py/logic/legal_ir/canonical_decompiler.py parser=/tmp/ir-release-datasets-20261001/ipfs_datasets_py/logic/deontic/utils/deontic_parser.py
logic tree pin compiler=/tmp/ir-release-datasets-20261001/ipfs_datasets_py/logic/legal_ir/canonical_compiler.py decompiler=/tmp/ir-release-datasets-20261001/ipfs_datasets_py/logic/legal_ir/canonical_decompiler.py parser=/tmp/ir-release-datasets-20261001/ipfs_datasets_py/logic/deontic/utils/deontic_parser.py
logic tree pin compiler=/tmp/ir-release-datasets-20261001/ipfs_datasets_py/logic/legal_ir/canonical_compiler.py decompiler=/tmp/ir-release-datasets-20261001/ipfs_datasets_py/logic/legal_ir/canonical_decompiler.py parser=/tmp/ir-release-datasets-20261001/ipfs_datasets_py/logic/deontic/utils/deontic_parser.py
logic tree pin compiler=/tmp/ir-release-datasets-20261001/ipfs_datasets_py/logic/legal_ir/canonical_compiler.py decompiler=/tmp/ir-release-datasets-20261001/ipfs_datasets_py/logic/legal_ir/canonical_decompiler.py parser=/tmp/ir-release-datasets-20261001/ipfs_datasets_py/logic/deontic/utils/deontic_parser.py
logic tree pin compiler=/tmp/ir-release-datasets-20261001/ipfs_datasets_py/logic/legal_ir/canonical_compiler.py decompiler=/tmp/ir-release-datasets-20261001/ipfs_datasets_py/logic/legal_ir/canonical_decompiler.py parser=/tmp/ir-release-datasets-20261001/ipfs_datasets_py/logic/deontic/utils/deontic_parser.py
logic tree pin compiler=/tmp/ir-release-datasets-20261001/ipfs_datasets_py/logic/legal_ir/canonical_compiler.py decompiler=/tmp/ir-release-datasets-20261001/ipfs_datasets_py/logic/legal_ir/canonical_decompiler.py parser=/tmp/ir-release-datasets-20261001/ipfs_datasets_py/logic/deontic/utils/deontic_parser.py
logic tree pin compiler=/tmp/ir-release-datasets-20261001/ipfs_datasets_py/logic/legal_ir/canonical_compiler.py decompiler=/tmp/ir-release-datasets-20261001/ipfs_datasets_py/logic/legal_ir/canonical_decompiler.py parser=/tmp/ir-release-datasets-20261001/ipfs_datasets_py/logic/deontic/utils/deontic_parser.py
logic tree pin compiler=/tmp/ir-release-datasets-20261001/ipfs_datasets_py/logic/legal_ir/canonical_compiler.py decompiler=/tmp/ir-release-datasets-20261001/ipfs_datasets_py/logic/legal_ir/canonical_decompiler.py parser=/tmp/ir-release-datasets-20261001/ipfs_datasets_py/logic/deontic/utils/deontic_parser.py
logic tree pin compiler=/tmp/ir-release-datasets-20261001/ipfs_datasets_py/logic/legal_ir/canonical_compiler.py decompiler=/tmp/ir-release-datasets-20261001/ipfs_datasets_py/logic/legal_ir/canonical_decompiler.py parser=/tmp/ir-release-datasets-20261001/ipfs_datasets_py/logic/deontic/utils/deontic_parser.py
logic tree pin compiler=/tmp/ir-release-datasets-20261001/ipfs_datasets_py/logic/legal_ir/canonical_compiler.py decompiler=/tmp/ir-release-datasets-20261001/ipfs_datasets_py/logic/legal_ir/canonical_decompiler.py parser=/tmp/ir-release-datasets-20261001/ipfs_datasets_py/logic/deontic/utils/deontic_parser.py
logic tree pin compiler=/tmp/ir-release-datasets-20261001/ipfs_datasets_py/logic/legal_ir/canonical_compiler.py decompiler=/tmp/ir-release-datasets-20261001/ipfs_datasets_py/logic/legal_ir/canonical_decompiler.py parser=/tmp/ir-release-datasets-20261001/ipfs_datasets_py/logic/deontic/utils/deontic_parser.py
logic tree pin compiler=/tmp/ir-release-datasets-20261001/ipfs_datasets_py/logic/legal_ir/canonical_compiler.py decompiler=/tmp/ir-release-datasets-20261001/ipfs_datasets_py/logic/legal_ir/canonical_decompiler.py parser=/tmp/ir-release-datasets-20261001/ipfs_datasets_py/logic/deontic/utils/deontic_parser.py
logic tree pin compiler=/tmp/ir-release-datasets-20261001/ipfs_datasets_py/logic/legal_ir/canonical_compiler.py decompiler=/tmp/ir-release-datasets-20261001/ipfs_datasets_py/logic/legal_ir/canonical_decompiler.py parser=/tmp/ir-release-datasets-20261001/ipfs_datasets_py/logic/deontic/utils/deontic_parser.py
logic tree pin compiler=/tmp/ir-release-datasets-20261001/ipfs_datasets_py/logic/legal_ir/canonical_compiler.py decompiler=/tmp/ir-release-datasets-20261001/ipfs_datasets_py/logic/legal_ir/canonical_decompiler.py parser=/tmp/ir-release-datasets-20261001/ipfs_datasets_py/logic/deontic/utils/deontic_parser.py
logic tree pin compiler=/tmp/ir-release-datasets-20261001/ipfs_datasets_py/logic/legal_ir/canonical_compiler.py decompiler=/tmp/ir-release-datasets-20261001/ipfs_datasets_py/logic/legal_ir/canonical_decompiler.py parser=/tmp/ir-release-datasets-20261001/ipfs_datasets_py/logic/deontic/utils/deontic_parser.py
logic tree pin compiler=/tmp/ir-release-datasets-20261001/ipfs_datasets_py/logic/legal_ir/canonical_compiler.py decompiler=/tmp/ir-release-datasets-20261001/ipfs_datasets_py/logic/legal_ir/canonical_decompiler.py parser=/tmp/ir-release-datasets-20261001/ipfs_datasets_py/logic/deontic/utils/deontic_parser.py
logic tree pin compiler=/tmp/ir-release-datasets-20261001/ipfs_datasets_py/logic/legal_ir/canonical_compiler.py decompiler=/tmp/ir-release-datasets-20261001/ipfs_datasets_py/logic/legal_ir/canonical_decompiler.py parser=/tmp/ir-release-datasets-20261001/ipfs_datasets_py/logic/deontic/utils/deontic_parser.py
logic tree pin compiler=/tmp/ir-release-datasets-20261001/ipfs_datasets_py/logic/legal_ir/canonical_compiler.py decompiler=/tmp/ir-release-datasets-20261001/ipfs_datasets_py/logic/legal_ir/canonical_decompiler.py parser=/tmp/ir-release-datasets-20261001/ipfs_datasets_py/logic/deontic/utils/deontic_parser.py
logic tree pin compiler=/tmp/ir-release-datasets-20261001/ipfs_datasets_py/logic/legal_ir/canonical_compiler.py decompiler=/tmp/ir-release-datasets-20261001/ipfs_datasets_py/logic/legal_ir/canonical_decompiler.py parser=/tmp/ir-release-datasets-20261001/ipfs_datasets_py/logic/deontic/utils/deontic_parser.py
logic tree pin compiler=/tmp/ir-release-datasets-20261001/ipfs_datasets_py/logic/legal_ir/canonical_compiler.py decompiler=/tmp/ir-release-datasets-20261001/ipfs_datasets_py/logic/legal_ir/canonical_decompiler.py parser=/tmp/ir-release-datasets-20261001/ipfs_datasets_py/logic/deontic/utils/deontic_parser.py
logic tree pin compiler=/tmp/ir-release-datasets-20261001/ipfs_datasets_py/logic/legal_ir/canonical_compiler.py decompiler=/tmp/ir-release-datasets-20261001/ipfs_datasets_py/logic/legal_ir/canonical_decompiler.py parser=/tmp/ir-release-datasets-20261001/ipfs_datasets_py/logic/deontic/utils/deontic_parser.py
logic tree pin compiler=/tmp/ir-release-datasets-20261001/ipfs_datasets_py/logic/legal_ir/canonical_compiler.py decompiler=/tmp/ir-release-datasets-20261001/ipfs_datasets_py/logic/legal_ir/canonical_decompiler.py parser=/tmp/ir-release-datasets-20261001/ipfs_datasets_py/logic/deontic/utils/deontic_parser.py
logic tree pin compiler=/tmp/ir-release-datasets-20261001/ipfs_datasets_py/logic/legal_ir/canonical_compiler.py decompiler=/tmp/ir-release-datasets-20261001/ipfs_datasets_py/logic/legal_ir/canonical_decompiler.py parser=/tmp/ir-release-datasets-20261001/ipfs_datasets_py/logic/deontic/utils/deontic_parser.py
logic tree pin compiler=/tmp/ir-release-datasets-20261001/ipfs_datasets_py/logic/legal_ir/canonical_compiler.py decompiler=/tmp/ir-release-datasets-20261001/ipfs_datasets_py/logic/legal_ir/canonical_decompiler.py parser=/tmp/ir-release-datasets-20261001/ipfs_datasets_py/logic/deontic/utils/deontic_parser.py
logic tree pin compiler=/tmp/ir-release-datasets-20261001/ipfs_datasets_py/logic/legal_ir/canonical_compiler.py decompiler=/tmp/ir-release-datasets-20261001/ipfs_datasets_py/logic/legal_ir/canonical_decompiler.py parser=/tmp/ir-release-datasets-20261001/ipfs_datasets_py/logic/deontic/utils/deontic_parser.py
logic tree pin compiler=/tmp/ir-release-datasets-20261001/ipfs_datasets_py/logic/legal_ir/canonical_compiler.py decompiler=/tmp/ir-release-datasets-20261001/ipfs_datasets_py/logic/legal_ir/canonical_decompiler.py parser=/tmp/ir-release-datasets-20261001/ipfs_datasets_py/logic/deontic/utils/deontic_parser.py
logic tree pin compiler=/tmp/ir-release-datasets-20261001/ipfs_datasets_py/logic/legal_ir/canonical_compiler.py decompiler=/tmp/ir-release-datasets-20261001/ipfs_datasets_py/logic/legal_ir/canonical_decompiler.py parser=/tmp/ir-release-datasets-20261001/ipfs_datasets_py/logic/deontic/utils/deontic_parser.py
logic tree pin compiler=/tmp/ir-release-datasets-20261001/ipfs_datasets_py/logic/legal_ir/canonical_compiler.py decompiler=/tmp/ir-release-datasets-20261001/ipfs_datasets_py/logic/legal_ir/canonical_decompiler.py parser=/tmp/ir-release-datasets-20261001/ipfs_datasets_py/logic/deontic/utils/deontic_parser.py
logic tree pin compiler=/tmp/ir-release-datasets-20261001/ipfs_datasets_py/logic/legal_ir/canonical_compiler.py decompiler=/tmp/ir-release-datasets-20261001/ipfs_datasets_py/logic/legal_ir/canonical_decompiler.py parser=/tmp/ir-release-datasets-20261001/ipfs_datasets_py/logic/deontic/utils/deontic_parser.py
logic tree pin compiler=/tmp/ir-release-datasets-20261001/ipfs_datasets_py/logic/legal_ir/canonical_compiler.py decompiler=/tmp/ir-release-datasets-20261001/ipfs_datasets_py/logic/legal_ir/canonical_decompiler.py parser=/tmp/ir-release-datasets-20261001/ipfs_datasets_py/logic/deontic/utils/deontic_parser.py
logic tree pin compiler=/tmp/ir-release-datasets-20261001/ipfs_datasets_py/logic/legal_ir/canonical_compiler.py decompiler=/tmp/ir-release-datasets-20261001/ipfs_datasets_py/logic/legal_ir/canonical_decompiler.py parser=/tmp/ir-release-datasets-20261001/ipfs_datasets_py/logic/deontic/utils/deontic_parser.py
logic tree pin compiler=/tmp/ir-release-datasets-20261001/ipfs_datasets_py/logic/legal_ir/canonical_compiler.py decompiler=/tmp/ir-release-datasets-20261001/ipfs_datasets_py/logic/legal_ir/canonical_decompiler.py parser=/tmp/ir-release-datasets-20261001/ipfs_datasets_py/logic/deontic/utils/deontic_parser.py
logic tree pin compiler=/tmp/ir-release-datasets-20261001/ipfs_datasets_py/logic/legal_ir/canonical_compiler.py decompiler=/tmp/ir-release-datasets-20261001/ipfs_datasets_py/logic/legal_ir/canonical_decompiler.py parser=/tmp/ir-release-datasets-20261001/ipfs_datasets_py/logic/deontic/utils/deontic_parser.py
logic tree pin compiler=/tmp/ir-release-datasets-20261001/ipfs_datasets_py/logic/legal_ir/canonical_compiler.py decompiler=/tmp/ir-release-datasets-20261001/ipfs_datasets_py/logic/legal_ir/canonical_decompiler.py parser=/tmp/ir-release-datasets-20261001/ipfs_datasets_py/logic/deontic/utils/deontic_parser.py
logic tree pin compiler=/tmp/ir-release-datasets-20261001/ipfs_datasets_py/logic/legal_ir/canonical_compiler.py decompiler=/tmp/ir-release-datasets-20261001/ipfs_datasets_py/logic/legal_ir/canonical_decompiler.py parser=/tmp/ir-release-datasets-20261001/ipfs_datasets_py/logic/deontic/utils/deontic_parser.py
logic tree pin compiler=/tmp/ir-release-datasets-20261001/ipfs_datasets_py/logic/legal_ir/canonical_compiler.py decompiler=/tmp/ir-release-datasets-20261001/ipfs_datasets_py/logic/legal_ir/canonical_decompiler.py parser=/tmp/ir-release-datasets-20261001/ipfs_datasets_py/logic/deontic/utils/deontic_parser.py
logic tree pin compiler=/tmp/ir-release-datasets-20261001/ipfs_datasets_py/logic/legal_ir/canonical_compiler.py decompiler=/tmp/ir-release-datasets-20261001/ipfs_datasets_py/logic/legal_ir/canonical_decompiler.py parser=/tmp/ir-release-datasets-20261001/ipfs_datasets_py/logic/deontic/utils/deontic_parser.py
logic tree pin compiler=/tmp/ir-release-datasets-20261001/ipfs_datasets_py/logic/legal_ir/canonical_compiler.py decompiler=/tmp/ir-release-datasets-20261001/ipfs_datasets_py/logic/legal_ir/canonical_decompiler.py parser=/tmp/ir-release-datasets-20261001/ipfs_datasets_py/logic/deontic/utils/deontic_parser.py
logic tree pin compiler=/tmp/ir-release-datasets-20261001/ipfs_datasets_py/logic/legal_ir/canonical_compiler.py decompiler=/tmp/ir-release-datasets-20261001/ipfs_datasets_py/logic/legal_ir/canonical_decompiler.py parser=/tmp/ir-release-datasets-20261001/ipfs_datasets_py/logic/deontic/utils/deontic_parser.py
logic tree pin compiler=/tmp/ir-release-datasets-20261001/ipfs_datasets_py/logic/legal_ir/canonical_compiler.py decompiler=/tmp/ir-release-datasets-20261001/ipfs_datasets_py/logic/legal_ir/canonical_decompiler.py parser=/tmp/ir-release-datasets-20261001/ipfs_datasets_py/logic/deontic/utils/deontic_parser.py
logic tree pin compiler=/tmp/ir-release-datasets-20261001/ipfs_datasets_py/logic/legal_ir/canonical_compiler.py decompiler=/tmp/ir-release-datasets-20261001/ipfs_datasets_py/logic/legal_ir/canonical_decompiler.py parser=/tmp/ir-release-datasets-20261001/ipfs_datasets_py/logic/deontic/utils/deontic_parser.py
logic tree pin compiler=/tmp/ir-release-datasets-20261001/ipfs_datasets_py/logic/legal_ir/canonical_compiler.py decompiler=/tmp/ir-release-datasets-20261001/ipfs_datasets_py/logic/legal_ir/canonical_decompiler.py parser=/tmp/ir-release-datasets-20261001/ipfs_datasets_py/logic/deontic/utils/deontic_parser.py
logic tree pin compiler=/tmp/ir-release-datasets-20261001/ipfs_datasets_py/logic/legal_ir/canonical_compiler.py decompiler=/tmp/ir-release-datasets-20261001/ipfs_datasets_py/logic/legal_ir/canonical_decompiler.py parser=/tmp/ir-release-datasets-20261001/ipfs_datasets_py/logic/deontic/utils/deontic_parser.py
logic tree pin compiler=/tmp/ir-release-datasets-20261001/ipfs_datasets_py/logic/legal_ir/canonical_compiler.py decompiler=/tmp/ir-release-datasets-20261001/ipfs_datasets_py/logic/legal_ir/canonical_decompiler.py parser=/tmp/ir-release-datasets-20261001/ipfs_datasets_py/logic/deontic/utils/deontic_parser.py
logic tree pin compiler=/tmp/ir-release-datasets-20261001/ipfs_datasets_py/logic/legal_ir/canonical_compiler.py decompiler=/tmp/ir-release-datasets-20261001/ipfs_datasets_py/logic/legal_ir/canonical_decompiler.py parser=/tmp/ir-release-datasets-20261001/ipfs_datasets_py/logic/deontic/utils/deontic_parser.py
logic tree pin compiler=/tmp/ir-release-datasets-20261001/ipfs_datasets_py/logic/legal_ir/canonical_compiler.py decompiler=/tmp/ir-release-datasets-20261001/ipfs_datasets_py/logic/legal_ir/canonical_decompiler.py parser=/tmp/ir-release-datasets-20261001/ipfs_datasets_py/logic/deontic/utils/deontic_parser.py
logic tree pin compiler=/tmp/ir-release-datasets-20261001/ipfs_datasets_py/logic/legal_ir/canonical_compiler.py decompiler=/tmp/ir-release-datasets-20261001/ipfs_datasets_py/logic/legal_ir/canonical_decompiler.py parser=/tmp/ir-release-datasets-20261001/ipfs_datasets_py/logic/deontic/utils/deontic_parser.py
logic tree pin compiler=/tmp/ir-release-datasets-20261001/ipfs_datasets_py/logic/legal_ir/canonical_compiler.py decompiler=/tmp/ir-release-datasets-20261001/ipfs_datasets_py/logic/legal_ir/canonical_decompiler.py parser=/tmp/ir-release-datasets-20261001/ipfs_datasets_py/logic/deontic/utils/deontic_parser.py
logic tree pin compiler=/tmp/ir-release-datasets-20261001/ipfs_datasets_py/logic/legal_ir/canonical_compiler.py decompiler=/tmp/ir-release-datasets-20261001/ipfs_datasets_py/logic/legal_ir/canonical_decompiler.py parser=/tmp/ir-release-datasets-20261001/ipfs_datasets_py/logic/deontic/utils/deontic_parser.py
logic tree pin compiler=/tmp/ir-release-datasets-20261001/ipfs_datasets_py/logic/legal_ir/canonical_compiler.py decompiler=/tmp/ir-release-datasets-20261001/ipfs_datasets_py/logic/legal_ir/canonical_decompiler.py parser=/tmp/ir-release-datasets-20261001/ipfs_datasets_py/logic/deontic/utils/deontic_parser.py
logic tree pin compiler=/tmp/ir-release-datasets-20261001/ipfs_datasets_py/logic/legal_ir/canonical_compiler.py decompiler=/tmp/ir-release-datasets-20261001/ipfs_datasets_py/logic/legal_ir/canonical_decompiler.py parser=/tmp/ir-release-datasets-20261001/ipfs_datasets_py/logic/deontic/utils/deontic_parser.py
logic tree pin compiler=/tmp/ir-release-datasets-20261001/ipfs_datasets_py/logic/legal_ir/canonical_compiler.py decompiler=/tmp/ir-release-datasets-20261001/ipfs_datasets_py/logic/legal_ir/canonical_decompiler.py parser=/tmp/ir-release-datasets-20261001/ipfs_datasets_py/logic/deontic/utils/deontic_parser.py
logic tree pin compiler=/tmp/ir-release-datasets-20261001/ipfs_datasets_py/logic/legal_ir/canonical_compiler.py decompiler=/tmp/ir-release-datasets-20261001/ipfs_datasets_py/logic/legal_ir/canonical_decompiler.py parser=/tmp/ir-release-datasets-20261001/ipfs_datasets_py/logic/deontic/utils/deontic_parser.py
logic tree pin compiler=/tmp/ir-release-datasets-20261001/ipfs_datasets_py/logic/legal_ir/canonical_compiler.py decompiler=/tmp/ir-release-datasets-20261001/ipfs_datasets_py/logic/legal_ir/canonical_decompiler.py parser=/tmp/ir-release-datasets-20261001/ipfs_datasets_py/logic/deontic/utils/deontic_parser.py
logic tree pin compiler=/tmp/ir-release-datasets-20261001/ipfs_datasets_py/logic/legal_ir/canonical_compiler.py decompiler=/tmp/ir-release-datasets-20261001/ipfs_datasets_py/logic/legal_ir/canonical_decompiler.py parser=/tmp/ir-release-datasets-20261001/ipfs_datasets_py/logic/deontic/utils/deontic_parser.py
logic tree pin compiler=/tmp/ir-release-datasets-20261001/ipfs_datasets_py/logic/legal_ir/canonical_compiler.py decompiler=/tmp/ir-release-datasets-20261001/ipfs_datasets_py/logic/legal_ir/canonical_decompiler.py parser=/tmp/ir-release-datasets-20261001/ipfs_datasets_py/logic/deontic/utils/deontic_parser.py
logic tree pin compiler=/tmp/ir-release-datasets-20261001/ipfs_datasets_py/logic/legal_ir/canonical_compiler.py decompiler=/tmp/ir-release-datasets-20261001/ipfs_datasets_py/logic/legal_ir/canonical_decompiler.py parser=/tmp/ir-release-datasets-20261001/ipfs_datasets_py/logic/deontic/utils/deontic_parser.py
logic tree pin compiler=/tmp/ir-release-datasets-20261001/ipfs_datasets_py/logic/legal_ir/canonical_compiler.py decompiler=/tmp/ir-release-datasets-20261001/ipfs_datasets_py/logic/legal_ir/canonical_decompiler.py parser=/tmp/ir-release-datasets-20261001/ipfs_datasets_py/logic/deontic/utils/deontic_parser.py
logic tree pin compiler=/tmp/ir-release-datasets-20261001/ipfs_datasets_py/logic/legal_ir/canonical_compiler.py decompiler=/tmp/ir-release-datasets-20261001/ipfs_datasets_py/logic/legal_ir/canonical_decompiler.py parser=/tmp/ir-release-datasets-20261001/ipfs_datasets_py/logic/deontic/utils/deontic_parser.py
logic tree pin compiler=/tmp/ir-release-datasets-20261001/ipfs_datasets_py/logic/legal_ir/canonical_compiler.py decompiler=/tmp/ir-release-datasets-20261001/ipfs_datasets_py/logic/legal_ir/canonical_decompiler.py parser=/tmp/ir-release-datasets-20261001/ipfs_datasets_py/logic/deontic/utils/deontic_parser.py
logic tree pin compiler=/tmp/ir-release-datasets-20261001/ipfs_datasets_py/logic/legal_ir/canonical_compiler.py decompiler=/tmp/ir-release-datasets-20261001/ipfs_datasets_py/logic/legal_ir/canonical_decompiler.py parser=/tmp/ir-release-datasets-20261001/ipfs_datasets_py/logic/deontic/utils/deontic_parser.py
logic tree pin compiler=/tmp/ir-release-datasets-20261001/ipfs_datasets_py/logic/legal_ir/canonical_compiler.py decompiler=/tmp/ir-release-datasets-20261001/ipfs_datasets_py/logic/legal_ir/canonical_decompiler.py parser=/tmp/ir-release-datasets-20261001/ipfs_datasets_py/logic/deontic/utils/deontic_parser.py
logic tree pin compiler=/tmp/ir-release-datasets-20261001/ipfs_datasets_py/logic/legal_ir/canonical_compiler.py decompiler=/tmp/ir-release-datasets-20261001/ipfs_datasets_py/logic/legal_ir/canonical_decompiler.py parser=/tmp/ir-release-datasets-20261001/ipfs_datasets_py/logic/deontic/utils/deontic_parser.py
logic tree pin compiler=/tmp/ir-release-datasets-20261001/ipfs_datasets_py/logic/legal_ir/canonical_compiler.py decompiler=/tmp/ir-release-datasets-20261001/ipfs_datasets_py/logic/legal_ir/canonical_decompiler.py parser=/tmp/ir-release-datasets-20261001/ipfs_datasets_py/logic/deontic/utils/deontic_parser.py
logic tree pin compiler=/tmp/ir-release-datasets-20261001/ipfs_datasets_py/logic/legal_ir/canonical_compiler.py decompiler=/tmp/ir-release-datasets-20261001/ipfs_datasets_py/logic/legal_ir/canonical_decompiler.py parser=/tmp/ir-release-datasets-20261001/ipfs_datasets_py/logic/deontic/utils/deontic_parser.py
logic tree pin compiler=/tmp/ir-release-datasets-20261001/ipfs_datasets_py/logic/legal_ir/canonical_compiler.py decompiler=/tmp/ir-release-datasets-20261001/ipfs_datasets_py/logic/legal_ir/canonical_decompiler.py parser=/tmp/ir-release-datasets-20261001/ipfs_datasets_py/logic/deontic/utils/deontic_parser.py
logic tree pin compiler=/tmp/ir-release-datasets-20261001/ipfs_datasets_py/logic/legal_ir/canonical_compiler.py decompiler=/tmp/ir-release-datasets-20261001/ipfs_datasets_py/logic/legal_ir/canonical_decompiler.py parser=/tmp/ir-release-datasets-20261001/ipfs_datasets_py/logic/deontic/utils/deontic_parser.py
logic tree pin compiler=/tmp/ir-release-datasets-20261001/ipfs_datasets_py/logic/legal_ir/canonical_compiler.py decompiler=/tmp/ir-release-datasets-20261001/ipfs_datasets_py/logic/legal_ir/canonical_decompiler.py parser=/tmp/ir-release-datasets-20261001/ipfs_datasets_py/logic/deontic/utils/deontic_parser.py
logic tree pin compiler=/tmp/ir-release-datasets-20261001/ipfs_datasets_py/logic/legal_ir/canonical_compiler.py decompiler=/tmp/ir-release-datasets-20261001/ipfs_datasets_py/logic/legal_ir/canonical_decompiler.py parser=/tmp/ir-release-datasets-20261001/ipfs_datasets_py/logic/deontic/utils/deontic_parser.py
logic tree pin compiler=/tmp/ir-release-datasets-20261001/ipfs_datasets_py/logic/legal_ir/canonical_compiler.py decompiler=/tmp/ir-release-datasets-20261001/ipfs_datasets_py/logic/legal_ir/canonical_decompiler.py parser=/tmp/ir-release-datasets-20261001/ipfs_datasets_py/logic/deontic/utils/deontic_parser.py
logic tree pin compiler=/tmp/ir-release-datasets-20261001/ipfs_datasets_py/logic/legal_ir/canonical_compiler.py decompiler=/tmp/ir-release-datasets-20261001/ipfs_datasets_py/logic/legal_ir/canonical_decompiler.py parser=/tmp/ir-release-datasets-20261001/ipfs_datasets_py/logic/deontic/utils/deontic_parser.py
logic tree pin compiler=/tmp/ir-release-datasets-20261001/ipfs_datasets_py/logic/legal_ir/canonical_compiler.py decompiler=/tmp/ir-release-datasets-20261001/ipfs_datasets_py/logic/legal_ir/canonical_decompiler.py parser=/tmp/ir-release-datasets-20261001/ipfs_datasets_py/logic/deontic/utils/deontic_parser.py
logic tree pin compiler=/tmp/ir-release-datasets-20261001/ipfs_datasets_py/logic/legal_ir/canonical_compiler.py decompiler=/tmp/ir-release-datasets-20261001/ipfs_datasets_py/logic/legal_ir/canonical_decompiler.py parser=/tmp/ir-release-datasets-20261001/ipfs_datasets_py/logic/deontic/utils/deontic_parser.py
logic tree pin compiler=/tmp/ir-release-datasets-20261001/ipfs_datasets_py/logic/legal_ir/canonical_compiler.py decompiler=/tmp/ir-release-datasets-20261001/ipfs_datasets_py/logic/legal_ir/canonical_decompiler.py parser=/tmp/ir-release-datasets-20261001/ipfs_datasets_py/logic/deontic/utils/deontic_parser.py
logic tree pin compiler=/tmp/ir-release-datasets-20261001/ipfs_datasets_py/logic/legal_ir/canonical_compiler.py decompiler=/tmp/ir-release-datasets-20261001/ipfs_datasets_py/logic/legal_ir/canonical_decompiler.py parser=/tmp/ir-release-datasets-20261001/ipfs_datasets_py/logic/deontic/utils/deontic_parser.py
logic tree pin compiler=/tmp/ir-release-datasets-20261001/ipfs_datasets_py/logic/legal_ir/canonical_compiler.py decompiler=/tmp/ir-release-datasets-20261001/ipfs_datasets_py/logic/legal_ir/canonical_decompiler.py parser=/tmp/ir-release-datasets-20261001/ipfs_datasets_py/logic/deontic/utils/deontic_parser.py
logic tree pin compiler=/tmp/ir-release-datasets-20261001/ipfs_datasets_py/logic/legal_ir/canonical_compiler.py decompiler=/tmp/ir-release-datasets-20261001/ipfs_datasets_py/logic/legal_ir/canonical_decompiler.py parser=/tmp/ir-release-datasets-20261001/ipfs_datasets_py/logic/deontic/utils/deontic_parser.py
logic tree pin compiler=/tmp/ir-release-datasets-20261001/ipfs_datasets_py/logic/legal_ir/canonical_compiler.py decompiler=/tmp/ir-release-datasets-20261001/ipfs_datasets_py/logic/legal_ir/canonical_decompiler.py parser=/tmp/ir-release-datasets-20261001/ipfs_datasets_py/logic/deontic/utils/deontic_parser.py
logic tree pin compiler=/tmp/ir-release-datasets-20261001/ipfs_datasets_py/logic/legal_ir/canonical_compiler.py decompiler=/tmp/ir-release-datasets-20261001/ipfs_datasets_py/logic/legal_ir/canonical_decompiler.py parser=/tmp/ir-release-datasets-20261001/ipfs_datasets_py/logic/deontic/utils/deontic_parser.py
logic tree pin compiler=/tmp/ir-release-datasets-20261001/ipfs_datasets_py/logic/legal_ir/canonical_compiler.py decompiler=/tmp/ir-release-datasets-20261001/ipfs_datasets_py/logic/legal_ir/canonical_decompiler.py parser=/tmp/ir-release-datasets-20261001/ipfs_datasets_py/logic/deontic/utils/deontic_parser.py
logic tree pin compiler=/tmp/ir-release-datasets-20261001/ipfs_datasets_py/logic/legal_ir/canonical_compiler.py decompiler=/tmp/ir-release-datasets-20261001/ipfs_datasets_py/logic/legal_ir/canonical_decompiler.py parser=/tmp/ir-release-datasets-20261001/ipfs_datasets_py/logic/deontic/utils/deontic_parser.py
logic tree pin compiler=/tmp/ir-release-datasets-20261001/ipfs_datasets_py/logic/legal_ir/canonical_compiler.py decompiler=/tmp/ir-release-datasets-20261001/ipfs_datasets_py/logic/legal_ir/canonical_decompiler.py parser=/tmp/ir-release-datasets-20261001/ipfs_datasets_py/logic/deontic/utils/deontic_parser.py
logic tree pin compiler=/tmp/ir-release-datasets-20261001/ipfs_datasets_py/logic/legal_ir/canonical_compiler.py decompiler=/tmp/ir-release-datasets-20261001/ipfs_datasets_py/logic/legal_ir/canonical_decompiler.py parser=/tmp/ir-release-datasets-20261001/ipfs_datasets_py/logic/deontic/utils/deontic_parser.py
logic tree pin compiler=/tmp/ir-release-datasets-20261001/ipfs_datasets_py/logic/legal_ir/canonical_compiler.py decompiler=/tmp/ir-release-datasets-20261001/ipfs_datasets_py/logic/legal_ir/canonical_decompiler.py parser=/tmp/ir-release-datasets-20261001/ipfs_datasets_py/logic/deontic/utils/deontic_parser.py
logic tree pin compiler=/tmp/ir-release-datasets-20261001/ipfs_datasets_py/logic/legal_ir/canonical_compiler.py decompiler=/tmp/ir-release-datasets-20261001/ipfs_datasets_py/logic/legal_ir/canonical_decompiler.py parser=/tmp/ir-release-datasets-20261001/ipfs_datasets_py/logic/deontic/utils/deontic_parser.py
logic tree pin compiler=/tmp/ir-release-datasets-20261001/ipfs_datasets_py/logic/legal_ir/canonical_compiler.py decompiler=/tmp/ir-release-datasets-20261001/ipfs_datasets_py/logic/legal_ir/canonical_decompiler.py parser=/tmp/ir-release-datasets-20261001/ipfs_datasets_py/logic/deontic/utils/deontic_parser.py
logic tree pin compiler=/tmp/ir-release-datasets-20261001/ipfs_datasets_py/logic/legal_ir/canonical_compiler.py decompiler=/tmp/ir-release-datasets-20261001/ipfs_datasets_py/logic/legal_ir/canonical_decompiler.py parser=/tmp/ir-release-datasets-20261001/ipfs_datasets_py/logic/deontic/utils/deontic_parser.py
logic tree pin compiler=/tmp/ir-release-datasets-20261001/ipfs_datasets_py/logic/legal_ir/canonical_compiler.py decompiler=/tmp/ir-release-datasets-20261001/ipfs_datasets_py/logic/legal_ir/canonical_decompiler.py parser=/tmp/ir-release-datasets-20261001/ipfs_datasets_py/logic/deontic/utils/deontic_parser.py
logic tree pin compiler=/tmp/ir-release-datasets-20261001/ipfs_datasets_py/logic/legal_ir/canonical_compiler.py decompiler=/tmp/ir-release-datasets-20261001/ipfs_datasets_py/logic/legal_ir/canonical_decompiler.py parser=/tmp/ir-release-datasets-20261001/ipfs_datasets_py/logic/deontic/utils/deontic_parser.py
logic tree pin compiler=/tmp/ir-release-datasets-20261001/ipfs_datasets_py/logic/legal_ir/canonical_compiler.py decompiler=/tmp/ir-release-datasets-20261001/ipfs_datasets_py/logic/legal_ir/canonical_decompiler.py parser=/tmp/ir-release-datasets-20261001/ipfs_datasets_py/logic/deontic/utils/deontic_parser.py
logic tree pin compiler=/tmp/ir-release-datasets-20261001/ipfs_datasets_py/logic/legal_ir/canonical_compiler.py decompiler=/tmp/ir-release-datasets-20261001/ipfs_datasets_py/logic/legal_ir/canonical_decompiler.py parser=/tmp/ir-release-datasets-20261001/ipfs_datasets_py/logic/deontic/utils/deontic_parser.py
logic tree pin compiler=/tmp/ir-release-datasets-20261001/ipfs_datasets_py/logic/legal_ir/canonical_compiler.py decompiler=/tmp/ir-release-datasets-20261001/ipfs_datasets_py/logic/legal_ir/canonical_decompiler.py parser=/tmp/ir-release-datasets-20261001/ipfs_datasets_py/logic/deontic/utils/deontic_parser.py
logic tree pin compiler=/tmp/ir-release-datasets-20261001/ipfs_datasets_py/logic/legal_ir/canonical_compiler.py decompiler=/tmp/ir-release-datasets-20261001/ipfs_datasets_py/logic/legal_ir/canonical_decompiler.py parser=/tmp/ir-release-datasets-20261001/ipfs_datasets_py/logic/deontic/utils/deontic_parser.py
logic tree pin compiler=/tmp/ir-release-datasets-20261001/ipfs_datasets_py/logic/legal_ir/canonical_compiler.py decompiler=/tmp/ir-release-datasets-20261001/ipfs_datasets_py/logic/legal_ir/canonical_decompiler.py parser=/tmp/ir-release-datasets-20261001/ipfs_datasets_py/logic/deontic/utils/deontic_parser.py
logic tree pin compiler=/tmp/ir-release-datasets-20261001/ipfs_datasets_py/logic/legal_ir/canonical_compiler.py decompiler=/tmp/ir-release-datasets-20261001/ipfs_datasets_py/logic/legal_ir/canonical_decompiler.py parser=/tmp/ir-release-datasets-20261001/ipfs_datasets_py/logic/deontic/utils/deontic_parser.py
logic tree pin compiler=/tmp/ir-release-datasets-20261001/ipfs_datasets_py/logic/legal_ir/canonical_compiler.py decompiler=/tmp/ir-release-datasets-20261001/ipfs_datasets_py/logic/legal_ir/canonical_decompiler.py parser=/tmp/ir-release-datasets-20261001/ipfs_datasets_py/logic/deontic/utils/deontic_parser.py
logic tree pin compiler=/tmp/ir-release-datasets-20261001/ipfs_datasets_py/logic/legal_ir/canonical_compiler.py decompiler=/tmp/ir-release-datasets-20261001/ipfs_datasets_py/logic/legal_ir/canonical_decompiler.py parser=/tmp/ir-release-datasets-20261001/ipfs_datasets_py/logic/deontic/utils/deontic_parser.py
logic tree pin compiler=/tmp/ir-release-datasets-20261001/ipfs_datasets_py/logic/legal_ir/canonical_compiler.py decompiler=/tmp/ir-release-datasets-20261001/ipfs_datasets_py/logic/legal_ir/canonical_decompiler.py parser=/tmp/ir-release-datasets-20261001/ipfs_datasets_py/logic/deontic/utils/deontic_parser.py
logic tree pin compiler=/tmp/ir-release-datasets-20261001/ipfs_datasets_py/logic/legal_ir/canonical_compiler.py decompiler=/tmp/ir-release-datasets-20261001/ipfs_datasets_py/logic/legal_ir/canonical_decompiler.py parser=/tmp/ir-release-datasets-20261001/ipfs_datasets_py/logic/deontic/utils/deontic_parser.py
logic tree pin compiler=/tmp/ir-release-datasets-20261001/ipfs_datasets_py/logic/legal_ir/canonical_compiler.py decompiler=/tmp/ir-release-datasets-20261001/ipfs_datasets_py/logic/legal_ir/canonical_decompiler.py parser=/tmp/ir-release-datasets-20261001/ipfs_datasets_py/logic/deontic/utils/deontic_parser.py
logic tree pin compiler=/tmp/ir-release-datasets-20261001/ipfs_datasets_py/logic/legal_ir/canonical_compiler.py decompiler=/tmp/ir-release-datasets-20261001/ipfs_datasets_py/logic/legal_ir/canonical_decompiler.py parser=/tmp/ir-release-datasets-20261001/ipfs_datasets_py/logic/deontic/utils/deontic_parser.py
logic tree pin compiler=/tmp/ir-release-datasets-20261001/ipfs_datasets_py/logic/legal_ir/canonical_compiler.py decompiler=/tmp/ir-release-datasets-20261001/ipfs_datasets_py/logic/legal_ir/canonical_decompiler.py parser=/tmp/ir-release-datasets-20261001/ipfs_datasets_py/logic/deontic/utils/deontic_parser.py
logic tree pin compiler=/tmp/ir-release-datasets-20261001/ipfs_datasets_py/logic/legal_ir/canonical_compiler.py decompiler=/tmp/ir-release-datasets-20261001/ipfs_datasets_py/logic/legal_ir/canonical_decompiler.py parser=/tmp/ir-release-datasets-20261001/ipfs_datasets_py/logic/deontic/utils/deontic_parser.py
logic tree pin compiler=/tmp/ir-release-datasets-20261001/ipfs_datasets_py/logic/legal_ir/canonical_compiler.py decompiler=/tmp/ir-release-datasets-20261001/ipfs_datasets_py/logic/legal_ir/canonical_decompiler.py parser=/tmp/ir-release-datasets-20261001/ipfs_datasets_py/logic/deontic/utils/deontic_parser.py
logic tree pin compiler=/tmp/ir-release-datasets-20261001/ipfs_datasets_py/logic/legal_ir/canonical_compiler.py decompiler=/tmp/ir-release-datasets-20261001/ipfs_datasets_py/logic/legal_ir/canonical_decompiler.py parser=/tmp/ir-release-datasets-20261001/ipfs_datasets_py/logic/deontic/utils/deontic_parser.py
logic tree pin compiler=/tmp/ir-release-datasets-20261001/ipfs_datasets_py/logic/legal_ir/canonical_compiler.py decompiler=/tmp/ir-release-datasets-20261001/ipfs_datasets_py/logic/legal_ir/canonical_decompiler.py parser=/tmp/ir-release-datasets-20261001/ipfs_datasets_py/logic/deontic/utils/deontic_parser.py
logic tree pin compiler=/tmp/ir-release-datasets-20261001/ipfs_datasets_py/logic/legal_ir/canonical_compiler.py decompiler=/tmp/ir-release-datasets-20261001/ipfs_datasets_py/logic/legal_ir/canonical_decompiler.py parser=/tmp/ir-release-datasets-20261001/ipfs_datasets_py/logic/deontic/utils/deontic_parser.py
logic tree pin compiler=/tmp/ir-release-datasets-20261001/ipfs_datasets_py/logic/legal_ir/canonical_compiler.py decompiler=/tmp/ir-release-datasets-20261001/ipfs_datasets_py/logic/legal_ir/canonical_decompiler.py parser=/tmp/ir-release-datasets-20261001/ipfs_datasets_py/logic/deontic/utils/deontic_parser.py
logic tree pin compiler=/tmp/ir-release-datasets-20261001/ipfs_datasets_py/logic/legal_ir/canonical_compiler.py decompiler=/tmp/ir-release-datasets-20261001/ipfs_datasets_py/logic/legal_ir/canonical_decompiler.py parser=/tmp/ir-release-datasets-20261001/ipfs_datasets_py/logic/deontic/utils/deontic_parser.py
logic tree pin compiler=/tmp/ir-release-datasets-20261001/ipfs_datasets_py/logic/legal_ir/canonical_compiler.py decompiler=/tmp/ir-release-datasets-20261001/ipfs_datasets_py/logic/legal_ir/canonical_decompiler.py parser=/tmp/ir-release-datasets-20261001/ipfs_datasets_py/logic/deontic/utils/deontic_parser.py
logic tree pin compiler=/tmp/ir-release-datasets-20261001/ipfs_datasets_py/logic/legal_ir/canonical_compiler.py decompiler=/tmp/ir-release-datasets-20261001/ipfs_datasets_py/logic/legal_ir/canonical_decompiler.py parser=/tmp/ir-release-datasets-20261001/ipfs_datasets_py/logic/deontic/utils/deontic_parser.py
logic tree pin compiler=/tmp/ir-release-datasets-20261001/ipfs_datasets_py/logic/legal_ir/canonical_compiler.py decompiler=/tmp/ir-release-datasets-20261001/ipfs_datasets_py/logic/legal_ir/canonical_decompiler.py parser=/tmp/ir-release-datasets-20261001/ipfs_datasets_py/logic/deontic/utils/deontic_parser.py
logic tree pin compiler=/tmp/ir-release-datasets-20261001/ipfs_datasets_py/logic/legal_ir/canonical_compiler.py decompiler=/tmp/ir-release-datasets-20261001/ipfs_datasets_py/logic/legal_ir/canonical_decompiler.py parser=/tmp/ir-release-datasets-20261001/ipfs_datasets_py/logic/deontic/utils/deontic_parser.py
logic tree pin compiler=/tmp/ir-release-datasets-20261001/ipfs_datasets_py/logic/legal_ir/canonical_compiler.py decompiler=/tmp/ir-release-datasets-20261001/ipfs_datasets_py/logic/legal_ir/canonical_decompiler.py parser=/tmp/ir-release-datasets-20261001/ipfs_datasets_py/logic/deontic/utils/deontic_parser.py
logic tree pin compiler=/tmp/ir-release-datasets-20261001/ipfs_datasets_py/logic/legal_ir/canonical_compiler.py decompiler=/tmp/ir-release-datasets-20261001/ipfs_datasets_py/logic/legal_ir/canonical_decompiler.py parser=/tmp/ir-release-datasets-20261001/ipfs_datasets_py/logic/deontic/utils/deontic_parser.py
logic tree pin compiler=/tmp/ir-release-datasets-20261001/ipfs_datasets_py/logic/legal_ir/canonical_compiler.py decompiler=/tmp/ir-release-datasets-20261001/ipfs_datasets_py/logic/legal_ir/canonical_decompiler.py parser=/tmp/ir-release-datasets-20261001/ipfs_datasets_py/logic/deontic/utils/deontic_parser.py
logic tree pin compiler=/tmp/ir-release-datasets-20261001/ipfs_datasets_py/logic/legal_ir/canonical_compiler.py decompiler=/tmp/ir-release-datasets-20261001/ipfs_datasets_py/logic/legal_ir/canonical_decompiler.py parser=/tmp/ir-release-datasets-20261001/ipfs_datasets_py/logic/deontic/utils/deontic_parser.py
logic tree pin compiler=/tmp/ir-release-datasets-20261001/ipfs_datasets_py/logic/legal_ir/canonical_compiler.py decompiler=/tmp/ir-release-datasets-20261001/ipfs_datasets_py/logic/legal_ir/canonical_decompiler.py parser=/tmp/ir-release-datasets-20261001/ipfs_datasets_py/logic/deontic/utils/deontic_parser.py
logic tree pin compiler=/tmp/ir-release-datasets-20261001/ipfs_datasets_py/logic/legal_ir/canonical_compiler.py decompiler=/tmp/ir-release-datasets-20261001/ipfs_datasets_py/logic/legal_ir/canonical_decompiler.py parser=/tmp/ir-release-datasets-20261001/ipfs_datasets_py/logic/deontic/utils/deontic_parser.py
logic tree pin compiler=/tmp/ir-release-datasets-20261001/ipfs_datasets_py/logic/legal_ir/canonical_compiler.py decompiler=/tmp/ir-release-datasets-20261001/ipfs_datasets_py/logic/legal_ir/canonical_decompiler.py parser=/tmp/ir-release-datasets-20261001/ipfs_datasets_py/logic/deontic/utils/deontic_parser.py
logic tree pin compiler=/tmp/ir-release-datasets-20261001/ipfs_datasets_py/logic/legal_ir/canonical_compiler.py decompiler=/tmp/ir-release-datasets-20261001/ipfs_datasets_py/logic/legal_ir/canonical_decompiler.py parser=/tmp/ir-release-datasets-20261001/ipfs_datasets_py/logic/deontic/utils/deontic_parser.py
logic tree pin compiler=/tmp/ir-release-datasets-20261001/ipfs_datasets_py/logic/legal_ir/canonical_compiler.py decompiler=/tmp/ir-release-datasets-20261001/ipfs_datasets_py/logic/legal_ir/canonical_decompiler.py parser=/tmp/ir-release-datasets-20261001/ipfs_datasets_py/logic/deontic/utils/deontic_parser.py
logic tree pin compiler=/tmp/ir-release-datasets-20261001/ipfs_datasets_py/logic/legal_ir/canonical_compiler.py decompiler=/tmp/ir-release-datasets-20261001/ipfs_datasets_py/logic/legal_ir/canonical_decompiler.py parser=/tmp/ir-release-datasets-20261001/ipfs_datasets_py/logic/deontic/utils/deontic_parser.py
logic tree pin compiler=/tmp/ir-release-datasets-20261001/ipfs_datasets_py/logic/legal_ir/canonical_compiler.py decompiler=/tmp/ir-release-datasets-20261001/ipfs_datasets_py/logic/legal_ir/canonical_decompiler.py parser=/tmp/ir-release-datasets-20261001/ipfs_datasets_py/logic/deontic/utils/deontic_parser.py
logic tree pin compiler=/tmp/ir-release-datasets-20261001/ipfs_datasets_py/logic/legal_ir/canonical_compiler.py decompiler=/tmp/ir-release-datasets-20261001/ipfs_datasets_py/logic/legal_ir/canonical_decompiler.py parser=/tmp/ir-release-datasets-20261001/ipfs_datasets_py/logic/deontic/utils/deontic_parser.py
logic tree pin compiler=/tmp/ir-release-datasets-20261001/ipfs_datasets_py/logic/legal_ir/canonical_compiler.py decompiler=/tmp/ir-release-datasets-20261001/ipfs_datasets_py/logic/legal_ir/canonical_decompiler.py parser=/tmp/ir-release-datasets-20261001/ipfs_datasets_py/logic/deontic/utils/deontic_parser.py
logic tree pin compiler=/tmp/ir-release-datasets-20261001/ipfs_datasets_py/logic/legal_ir/canonical_compiler.py decompiler=/tmp/ir-release-datasets-20261001/ipfs_datasets_py/logic/legal_ir/canonical_decompiler.py parser=/tmp/ir-release-datasets-20261001/ipfs_datasets_py/logic/deontic/utils/deontic_parser.py
logic tree pin compiler=/tmp/ir-release-datasets-20261001/ipfs_datasets_py/logic/legal_ir/canonical_compiler.py decompiler=/tmp/ir-release-datasets-20261001/ipfs_datasets_py/logic/legal_ir/canonical_decompiler.py parser=/tmp/ir-release-datasets-20261001/ipfs_datasets_py/logic/deontic/utils/deontic_parser.py
logic tree pin compiler=/tmp/ir-release-datasets-20261001/ipfs_datasets_py/logic/legal_ir/canonical_compiler.py decompiler=/tmp/ir-release-datasets-20261001/ipfs_datasets_py/logic/legal_ir/canonical_decompiler.py parser=/tmp/ir-release-datasets-20261001/ipfs_datasets_py/logic/deontic/utils/deontic_parser.py
logic tree pin compiler=/tmp/ir-release-datasets-20261001/ipfs_datasets_py/logic/legal_ir/canonical_compiler.py decompiler=/tmp/ir-release-datasets-20261001/ipfs_datasets_py/logic/legal_ir/canonical_decompiler.py parser=/tmp/ir-release-datasets-20261001/ipfs_datasets_py/logic/deontic/utils/deontic_parser.py
logic tree pin compiler=/tmp/ir-release-datasets-20261001/ipfs_datasets_py/logic/legal_ir/canonical_compiler.py decompiler=/tmp/ir-release-datasets-20261001/ipfs_datasets_py/logic/legal_ir/canonical_decompiler.py parser=/tmp/ir-release-datasets-20261001/ipfs_datasets_py/logic/deontic/utils/deontic_parser.py
logic tree pin compiler=/tmp/ir-release-datasets-20261001/ipfs_datasets_py/logic/legal_ir/canonical_compiler.py decompiler=/tmp/ir-release-datasets-20261001/ipfs_datasets_py/logic/legal_ir/canonical_decompiler.py parser=/tmp/ir-release-datasets-20261001/ipfs_datasets_py/logic/deontic/utils/deontic_parser.py
logic tree pin compiler=/tmp/ir-release-datasets-20261001/ipfs_datasets_py/logic/legal_ir/canonical_compiler.py decompiler=/tmp/ir-release-datasets-20261001/ipfs_datasets_py/logic/legal_ir/canonical_decompiler.py parser=/tmp/ir-release-datasets-20261001/ipfs_datasets_py/logic/deontic/utils/deontic_parser.py
logic tree pin compiler=/tmp/ir-release-datasets-20261001/ipfs_datasets_py/logic/legal_ir/canonical_compiler.py decompiler=/tmp/ir-release-datasets-20261001/ipfs_datasets_py/logic/legal_ir/canonical_decompiler.py parser=/tmp/ir-release-datasets-20261001/ipfs_datasets_py/logic/deontic/utils/deontic_parser.py
logic tree pin compiler=/tmp/ir-release-datasets-20261001/ipfs_datasets_py/logic/legal_ir/canonical_compiler.py decompiler=/tmp/ir-release-datasets-20261001/ipfs_datasets_py/logic/legal_ir/canonical_decompiler.py parser=/tmp/ir-release-datasets-20261001/ipfs_datasets_py/logic/deontic/utils/deontic_parser.py
logic tree pin compiler=/tmp/ir-release-datasets-20261001/ipfs_datasets_py/logic/legal_ir/canonical_compiler.py decompiler=/tmp/ir-release-datasets-20261001/ipfs_datasets_py/logic/legal_ir/canonical_decompiler.py parser=/tmp/ir-release-datasets-20261001/ipfs_datasets_py/logic/deontic/utils/deontic_parser.py
logic tree pin compiler=/tmp/ir-release-datasets-20261001/ipfs_datasets_py/logic/legal_ir/canonical_compiler.py decompiler=/tmp/ir-release-datasets-20261001/ipfs_datasets_py/logic/legal_ir/canonical_decompiler.py parser=/tmp/ir-release-datasets-20261001/ipfs_datasets_py/logic/deontic/utils/deontic_parser.py
logic tree pin compiler=/tmp/ir-release-datasets-20261001/ipfs_datasets_py/logic/legal_ir/canonical_compiler.py decompiler=/tmp/ir-release-datasets-20261001/ipfs_datasets_py/logic/legal_ir/canonical_decompiler.py parser=/tmp/ir-release-datasets-20261001/ipfs_datasets_py/logic/deontic/utils/deontic_parser.py
logic tree pin compiler=/tmp/ir-release-datasets-20261001/ipfs_datasets_py/logic/legal_ir/canonical_compiler.py decompiler=/tmp/ir-release-datasets-20261001/ipfs_datasets_py/logic/legal_ir/canonical_decompiler.py parser=/tmp/ir-release-datasets-20261001/ipfs_datasets_py/logic/deontic/utils/deontic_parser.py
logic tree pin compiler=/tmp/ir-release-datasets-20261001/ipfs_datasets_py/logic/legal_ir/canonical_compiler.py decompiler=/tmp/ir-release-datasets-20261001/ipfs_datasets_py/logic/legal_ir/canonical_decompiler.py parser=/tmp/ir-release-datasets-20261001/ipfs_datasets_py/logic/deontic/utils/deontic_parser.py
logic tree pin compiler=/tmp/ir-release-datasets-20261001/ipfs_datasets_py/logic/legal_ir/canonical_compiler.py decompiler=/tmp/ir-release-datasets-20261001/ipfs_datasets_py/logic/legal_ir/canonical_decompiler.py parser=/tmp/ir-release-datasets-20261001/ipfs_datasets_py/logic/deontic/utils/deontic_parser.py
logic tree pin compiler=/tmp/ir-release-datasets-20261001/ipfs_datasets_py/logic/legal_ir/canonical_compiler.py decompiler=/tmp/ir-release-datasets-20261001/ipfs_datasets_py/logic/legal_ir/canonical_decompiler.py parser=/tmp/ir-release-datasets-20261001/ipfs_datasets_py/logic/deontic/utils/deontic_parser.py
logic tree pin compiler=/tmp/ir-release-datasets-20261001/ipfs_datasets_py/logic/legal_ir/canonical_compiler.py decompiler=/tmp/ir-release-datasets-20261001/ipfs_datasets_py/logic/legal_ir/canonical_decompiler.py parser=/tmp/ir-release-datasets-20261001/ipfs_datasets_py/logic/deontic/utils/deontic_parser.py
logic tree pin compiler=/tmp/ir-release-datasets-20261001/ipfs_datasets_py/logic/legal_ir/canonical_compiler.py decompiler=/tmp/ir-release-datasets-20261001/ipfs_datasets_py/logic/legal_ir/canonical_decompiler.py parser=/tmp/ir-release-datasets-20261001/ipfs_datasets_py/logic/deontic/utils/deontic_parser.py
logic tree pin compiler=/tmp/ir-release-datasets-20261001/ipfs_datasets_py/logic/legal_ir/canonical_compiler.py decompiler=/tmp/ir-release-datasets-20261001/ipfs_datasets_py/logic/legal_ir/canonical_decompiler.py parser=/tmp/ir-release-datasets-20261001/ipfs_datasets_py/logic/deontic/utils/deontic_parser.py
logic tree pin compiler=/tmp/ir-release-datasets-20261001/ipfs_datasets_py/logic/legal_ir/canonical_compiler.py decompiler=/tmp/ir-release-datasets-20261001/ipfs_datasets_py/logic/legal_ir/canonical_decompiler.py parser=/tmp/ir-release-datasets-20261001/ipfs_datasets_py/logic/deontic/utils/deontic_parser.py
logic tree pin compiler=/tmp/ir-release-datasets-20261001/ipfs_datasets_py/logic/legal_ir/canonical_compiler.py decompiler=/tmp/ir-release-datasets-20261001/ipfs_datasets_py/logic/legal_ir/canonical_decompiler.py parser=/tmp/ir-release-datasets-20261001/ipfs_datasets_py/logic/deontic/utils/deontic_parser.py
logic tree pin compiler=/tmp/ir-release-datasets-20261001/ipfs_datasets_py/logic/legal_ir/canonical_compiler.py decompiler=/tmp/ir-release-datasets-20261001/ipfs_datasets_py/logic/legal_ir/canonical_decompiler.py parser=/tmp/ir-release-datasets-20261001/ipfs_datasets_py/logic/deontic/utils/deontic_parser.py
logic tree pin compiler=/tmp/ir-release-datasets-20261001/ipfs_datasets_py/logic/legal_ir/canonical_compiler.py decompiler=/tmp/ir-release-datasets-20261001/ipfs_datasets_py/logic/legal_ir/canonical_decompiler.py parser=/tmp/ir-release-datasets-20261001/ipfs_datasets_py/logic/deontic/utils/deontic_parser.py
logic tree pin compiler=/tmp/ir-release-datasets-20261001/ipfs_datasets_py/logic/legal_ir/canonical_compiler.py decompiler=/tmp/ir-release-datasets-20261001/ipfs_datasets_py/logic/legal_ir/canonical_decompiler.py parser=/tmp/ir-release-datasets-20261001/ipfs_datasets_py/logic/deontic/utils/deontic_parser.py
logic tree pin compiler=/tmp/ir-release-datasets-20261001/ipfs_datasets_py/logic/legal_ir/canonical_compiler.py decompiler=/tmp/ir-release-datasets-20261001/ipfs_datasets_py/logic/legal_ir/canonical_decompiler.py parser=/tmp/ir-release-datasets-20261001/ipfs_datasets_py/logic/deontic/utils/deontic_parser.py
logic tree pin compiler=/tmp/ir-release-datasets-20261001/ipfs_datasets_py/logic/legal_ir/canonical_compiler.py decompiler=/tmp/ir-release-datasets-20261001/ipfs_datasets_py/logic/legal_ir/canonical_decompiler.py parser=/tmp/ir-release-datasets-20261001/ipfs_datasets_py/logic/deontic/utils/deontic_parser.py
logic tree pin compiler=/tmp/ir-release-datasets-20261001/ipfs_datasets_py/logic/legal_ir/canonical_compiler.py decompiler=/tmp/ir-release-datasets-20261001/ipfs_datasets_py/logic/legal_ir/canonical_decompiler.py parser=/tmp/ir-release-datasets-20261001/ipfs_datasets_py/logic/deontic/utils/deontic_parser.py
logic tree pin compiler=/tmp/ir-release-datasets-20261001/ipfs_datasets_py/logic/legal_ir/canonical_compiler.py decompiler=/tmp/ir-release-datasets-20261001/ipfs_datasets_py/logic/legal_ir/canonical_decompiler.py parser=/tmp/ir-release-datasets-20261001/ipfs_datasets_py/logic/deontic/utils/deontic_parser.py
logic tree pin compiler=/tmp/ir-release-datasets-20261001/ipfs_datasets_py/logic/legal_ir/canonical_compiler.py decompiler=/tmp/ir-release-datasets-20261001/ipfs_datasets_py/logic/legal_ir/canonical_decompiler.py parser=/tmp/ir-release-datasets-20261001/ipfs_datasets_py/logic/deontic/utils/deontic_parser.py
logic tree pin compiler=/tmp/ir-release-datasets-20261001/ipfs_datasets_py/logic/legal_ir/canonical_compiler.py decompiler=/tmp/ir-release-datasets-20261001/ipfs_datasets_py/logic/legal_ir/canonical_decompiler.py parser=/tmp/ir-release-datasets-20261001/ipfs_datasets_py/logic/deontic/utils/deontic_parser.py
logic tree pin compiler=/tmp/ir-release-datasets-20261001/ipfs_datasets_py/logic/legal_ir/canonical_compiler.py decompiler=/tmp/ir-release-datasets-20261001/ipfs_datasets_py/logic/legal_ir/canonical_decompiler.py parser=/tmp/ir-release-datasets-20261001/ipfs_datasets_py/logic/deontic/utils/deontic_parser.py
logic tree pin compiler=/tmp/ir-release-datasets-20261001/ipfs_datasets_py/logic/legal_ir/canonical_compiler.py decompiler=/tmp/ir-release-datasets-20261001/ipfs_datasets_py/logic/legal_ir/canonical_decompiler.py parser=/tmp/ir-release-datasets-20261001/ipfs_datasets_py/logic/deontic/utils/deontic_parser.py
logic tree pin compiler=/tmp/ir-release-datasets-20261001/ipfs_datasets_py/logic/legal_ir/canonical_compiler.py decompiler=/tmp/ir-release-datasets-20261001/ipfs_datasets_py/logic/legal_ir/canonical_decompiler.py parser=/tmp/ir-release-datasets-20261001/ipfs_datasets_py/logic/deontic/utils/deontic_parser.py
logic tree pin compiler=/tmp/ir-release-datasets-20261001/ipfs_datasets_py/logic/legal_ir/canonical_compiler.py decompiler=/tmp/ir-release-datasets-20261001/ipfs_datasets_py/logic/legal_ir/canonical_decompiler.py parser=/tmp/ir-release-datasets-20261001/ipfs_datasets_py/logic/deontic/utils/deontic_parser.py
logic tree pin compiler=/tmp/ir-release-datasets-20261001/ipfs_datasets_py/logic/legal_ir/canonical_compiler.py decompiler=/tmp/ir-release-datasets-20261001/ipfs_datasets_py/logic/legal_ir/canonical_decompiler.py parser=/tmp/ir-release-datasets-20261001/ipfs_datasets_py/logic/deontic/utils/deontic_parser.py
logic tree pin compiler=/tmp/ir-release-datasets-20261001/ipfs_datasets_py/logic/legal_ir/canonical_compiler.py decompiler=/tmp/ir-release-datasets-20261001/ipfs_datasets_py/logic/legal_ir/canonical_decompiler.py parser=/tmp/ir-release-datasets-20261001/ipfs_datasets_py/logic/deontic/utils/deontic_parser.py
logic tree pin compiler=/tmp/ir-release-datasets-20261001/ipfs_datasets_py/logic/legal_ir/canonical_compiler.py decompiler=/tmp/ir-release-datasets-20261001/ipfs_datasets_py/logic/legal_ir/canonical_decompiler.py parser=/tmp/ir-release-datasets-20261001/ipfs_datasets_py/logic/deontic/utils/deontic_parser.py
logic tree pin compiler=/tmp/ir-release-datasets-20261001/ipfs_datasets_py/logic/legal_ir/canonical_compiler.py decompiler=/tmp/ir-release-datasets-20261001/ipfs_datasets_py/logic/legal_ir/canonical_decompiler.py parser=/tmp/ir-release-datasets-20261001/ipfs_datasets_py/logic/deontic/utils/deontic_parser.py
logic tree pin compiler=/tmp/ir-release-datasets-20261001/ipfs_datasets_py/logic/legal_ir/canonical_compiler.py decompiler=/tmp/ir-release-datasets-20261001/ipfs_datasets_py/logic/legal_ir/canonical_decompiler.py parser=/tmp/ir-release-datasets-20261001/ipfs_datasets_py/logic/deontic/utils/deontic_parser.py
logic tree pin compiler=/tmp/ir-release-datasets-20261001/ipfs_datasets_py/logic/legal_ir/canonical_compiler.py decompiler=/tmp/ir-release-datasets-20261001/ipfs_datasets_py/logic/legal_ir/canonical_decompiler.py parser=/tmp/ir-release-datasets-20261001/ipfs_datasets_py/logic/deontic/utils/deontic_parser.py
logic tree pin compiler=/tmp/ir-release-datasets-20261001/ipfs_datasets_py/logic/legal_ir/canonical_compiler.py decompiler=/tmp/ir-release-datasets-20261001/ipfs_datasets_py/logic/legal_ir/canonical_decompiler.py parser=/tmp/ir-release-datasets-20261001/ipfs_datasets_py/logic/deontic/utils/deontic_parser.py
logic tree pin compiler=/tmp/ir-release-datasets-20261001/ipfs_datasets_py/logic/legal_ir/canonical_compiler.py decompiler=/tmp/ir-release-datasets-20261001/ipfs_datasets_py/logic/legal_ir/canonical_decompiler.py parser=/tmp/ir-release-datasets-20261001/ipfs_datasets_py/logic/deontic/utils/deontic_parser.py
logic tree pin compiler=/tmp/ir-release-datasets-20261001/ipfs_datasets_py/logic/legal_ir/canonical_compiler.py decompiler=/tmp/ir-release-datasets-20261001/ipfs_datasets_py/logic/legal_ir/canonical_decompiler.py parser=/tmp/ir-release-datasets-20261001/ipfs_datasets_py/logic/deontic/utils/deontic_parser.py
logic tree pin compiler=/tmp/ir-release-datasets-20261001/ipfs_datasets_py/logic/legal_ir/canonical_compiler.py decompiler=/tmp/ir-release-datasets-20261001/ipfs_datasets_py/logic/legal_ir/canonical_decompiler.py parser=/tmp/ir-release-datasets-20261001/ipfs_datasets_py/logic/deontic/utils/deontic_parser.py
logic tree pin compiler=/tmp/ir-release-datasets-20261001/ipfs_datasets_py/logic/legal_ir/canonical_compiler.py decompiler=/tmp/ir-release-datasets-20261001/ipfs_datasets_py/logic/legal_ir/canonical_decompiler.py parser=/tmp/ir-release-datasets-20261001/ipfs_datasets_py/logic/deontic/utils/deontic_parser.py
logic tree pin compiler=/tmp/ir-release-datasets-20261001/ipfs_datasets_py/logic/legal_ir/canonical_compiler.py decompiler=/tmp/ir-release-datasets-20261001/ipfs_datasets_py/logic/legal_ir/canonical_decompiler.py parser=/tmp/ir-release-datasets-20261001/ipfs_datasets_py/logic/deontic/utils/deontic_parser.py
logic tree pin compiler=/tmp/ir-release-datasets-20261001/ipfs_datasets_py/logic/legal_ir/canonical_compiler.py decompiler=/tmp/ir-release-datasets-20261001/ipfs_datasets_py/logic/legal_ir/canonical_decompiler.py parser=/tmp/ir-release-datasets-20261001/ipfs_datasets_py/logic/deontic/utils/deontic_parser.py
logic tree pin compiler=/tmp/ir-release-datasets-20261001/ipfs_datasets_py/logic/legal_ir/canonical_compiler.py decompiler=/tmp/ir-release-datasets-20261001/ipfs_datasets_py/logic/legal_ir/canonical_decompiler.py parser=/tmp/ir-release-datasets-20261001/ipfs_datasets_py/logic/deontic/utils/deontic_parser.py
logic tree pin compiler=/tmp/ir-release-datasets-20261001/ipfs_datasets_py/logic/legal_ir/canonical_compiler.py decompiler=/tmp/ir-release-datasets-20261001/ipfs_datasets_py/logic/legal_ir/canonical_decompiler.py parser=/tmp/ir-release-datasets-20261001/ipfs_datasets_py/logic/deontic/utils/deontic_parser.py
logic tree pin compiler=/tmp/ir-release-datasets-20261001/ipfs_datasets_py/logic/legal_ir/canonical_compiler.py decompiler=/tmp/ir-release-datasets-20261001/ipfs_datasets_py/logic/legal_ir/canonical_decompiler.py parser=/tmp/ir-release-datasets-20261001/ipfs_datasets_py/logic/deontic/utils/deontic_parser.py
logic tree pin compiler=/tmp/ir-release-datasets-20261001/ipfs_datasets_py/logic/legal_ir/canonical_compiler.py decompiler=/tmp/ir-release-datasets-20261001/ipfs_datasets_py/logic/legal_ir/canonical_decompiler.py parser=/tmp/ir-release-datasets-20261001/ipfs_datasets_py/logic/deontic/utils/deontic_parser.py
logic tree pin compiler=/tmp/ir-release-datasets-20261001/ipfs_datasets_py/logic/legal_ir/canonical_compiler.py decompiler=/tmp/ir-release-datasets-20261001/ipfs_datasets_py/logic/legal_ir/canonical_decompiler.py parser=/tmp/ir-release-datasets-20261001/ipfs_datasets_py/logic/deontic/utils/deontic_parser.py
logic tree pin compiler=/tmp/ir-release-datasets-20261001/ipfs_datasets_py/logic/legal_ir/canonical_compiler.py decompiler=/tmp/ir-release-datasets-20261001/ipfs_datasets_py/logic/legal_ir/canonical_decompiler.py parser=/tmp/ir-release-datasets-20261001/ipfs_datasets_py/logic/deontic/utils/deontic_parser.py
logic tree pin compiler=/tmp/ir-release-datasets-20261001/ipfs_datasets_py/logic/legal_ir/canonical_compiler.py decompiler=/tmp/ir-release-datasets-20261001/ipfs_datasets_py/logic/legal_ir/canonical_decompiler.py parser=/tmp/ir-release-datasets-20261001/ipfs_datasets_py/logic/deontic/utils/deontic_parser.py
logic tree pin compiler=/tmp/ir-release-datasets-20261001/ipfs_datasets_py/logic/legal_ir/canonical_compiler.py decompiler=/tmp/ir-release-datasets-20261001/ipfs_datasets_py/logic/legal_ir/canonical_decompiler.py parser=/tmp/ir-release-datasets-20261001/ipfs_datasets_py/logic/deontic/utils/deontic_parser.py
logic tree pin compiler=/tmp/ir-release-datasets-20261001/ipfs_datasets_py/logic/legal_ir/canonical_compiler.py decompiler=/tmp/ir-release-datasets-20261001/ipfs_datasets_py/logic/legal_ir/canonical_decompiler.py parser=/tmp/ir-release-datasets-20261001/ipfs_datasets_py/logic/deontic/utils/deontic_parser.py
logic tree pin compiler=/tmp/ir-release-datasets-20261001/ipfs_datasets_py/logic/legal_ir/canonical_compiler.py decompiler=/tmp/ir-release-datasets-20261001/ipfs_datasets_py/logic/legal_ir/canonical_decompiler.py parser=/tmp/ir-release-datasets-20261001/ipfs_datasets_py/logic/deontic/utils/deontic_parser.py
logic tree pin compiler=/tmp/ir-release-datasets-20261001/ipfs_datasets_py/logic/legal_ir/canonical_compiler.py decompiler=/tmp/ir-release-datasets-20261001/ipfs_datasets_py/logic/legal_ir/canonical_decompiler.py parser=/tmp/ir-release-datasets-20261001/ipfs_datasets_py/logic/deontic/utils/deontic_parser.py
logic tree pin compiler=/tmp/ir-release-datasets-20261001/ipfs_datasets_py/logic/legal_ir/canonical_compiler.py decompiler=/tmp/ir-release-datasets-20261001/ipfs_datasets_py/logic/legal_ir/canonical_decompiler.py parser=/tmp/ir-release-datasets-20261001/ipfs_datasets_py/logic/deontic/utils/deontic_parser.py
logic tree pin compiler=/tmp/ir-release-datasets-20261001/ipfs_datasets_py/logic/legal_ir/canonical_compiler.py decompiler=/tmp/ir-release-datasets-20261001/ipfs_datasets_py/logic/legal_ir/canonical_decompiler.py parser=/tmp/ir-release-datasets-20261001/ipfs_datasets_py/logic/deontic/utils/deontic_parser.py
logic tree pin compiler=/tmp/ir-release-datasets-20261001/ipfs_datasets_py/logic/legal_ir/canonical_compiler.py decompiler=/tmp/ir-release-datasets-20261001/ipfs_datasets_py/logic/legal_ir/canonical_decompiler.py parser=/tmp/ir-release-datasets-20261001/ipfs_datasets_py/logic/deontic/utils/deontic_parser.py
logic tree pin compiler=/tmp/ir-release-datasets-20261001/ipfs_datasets_py/logic/legal_ir/canonical_compiler.py decompiler=/tmp/ir-release-datasets-20261001/ipfs_datasets_py/logic/legal_ir/canonical_decompiler.py parser=/tmp/ir-release-datasets-20261001/ipfs_datasets_py/logic/deontic/utils/deontic_parser.py
logic tree pin compiler=/tmp/ir-release-datasets-20261001/ipfs_datasets_py/logic/legal_ir/canonical_compiler.py decompiler=/tmp/ir-release-datasets-20261001/ipfs_datasets_py/logic/legal_ir/canonical_decompiler.py parser=/tmp/ir-release-datasets-20261001/ipfs_datasets_py/logic/deontic/utils/deontic_parser.py
logic tree pin compiler=/tmp/ir-release-datasets-20261001/ipfs_datasets_py/logic/legal_ir/canonical_compiler.py decompiler=/tmp/ir-release-datasets-20261001/ipfs_datasets_py/logic/legal_ir/canonical_decompiler.py parser=/tmp/ir-release-datasets-20261001/ipfs_datasets_py/logic/deontic/utils/deontic_parser.py
logic tree pin compiler=/tmp/ir-release-datasets-20261001/ipfs_datasets_py/logic/legal_ir/canonical_compiler.py decompiler=/tmp/ir-release-datasets-20261001/ipfs_datasets_py/logic/legal_ir/canonical_decompiler.py parser=/tmp/ir-release-datasets-20261001/ipfs_datasets_py/logic/deontic/utils/deontic_parser.py
logic tree pin compiler=/tmp/ir-release-datasets-20261001/ipfs_datasets_py/logic/legal_ir/canonical_compiler.py decompiler=/tmp/ir-release-datasets-20261001/ipfs_datasets_py/logic/legal_ir/canonical_decompiler.py parser=/tmp/ir-release-datasets-20261001/ipfs_datasets_py/logic/deontic/utils/deontic_parser.py
logic tree pin compiler=/tmp/ir-release-datasets-20261001/ipfs_datasets_py/logic/legal_ir/canonical_compiler.py decompiler=/tmp/ir-release-datasets-20261001/ipfs_datasets_py/logic/legal_ir/canonical_decompiler.py parser=/tmp/ir-release-datasets-20261001/ipfs_datasets_py/logic/deontic/utils/deontic_parser.py
logic tree pin compiler=/tmp/ir-release-datasets-20261001/ipfs_datasets_py/logic/legal_ir/canonical_compiler.py decompiler=/tmp/ir-release-datasets-20261001/ipfs_datasets_py/logic/legal_ir/canonical_decompiler.py parser=/tmp/ir-release-datasets-20261001/ipfs_datasets_py/logic/deontic/utils/deontic_parser.py
logic tree pin compiler=/tmp/ir-release-datasets-20261001/ipfs_datasets_py/logic/legal_ir/canonical_compiler.py decompiler=/tmp/ir-release-datasets-20261001/ipfs_datasets_py/logic/legal_ir/canonical_decompiler.py parser=/tmp/ir-release-datasets-20261001/ipfs_datasets_py/logic/deontic/utils/deontic_parser.py
logic tree pin compiler=/tmp/ir-release-datasets-20261001/ipfs_datasets_py/logic/legal_ir/canonical_compiler.py decompiler=/tmp/ir-release-datasets-20261001/ipfs_datasets_py/logic/legal_ir/canonical_decompiler.py parser=/tmp/ir-release-datasets-20261001/ipfs_datasets_py/logic/deontic/utils/deontic_parser.py
logic tree pin compiler=/tmp/ir-release-datasets-20261001/ipfs_datasets_py/logic/legal_ir/canonical_compiler.py decompiler=/tmp/ir-release-datasets-20261001/ipfs_datasets_py/logic/legal_ir/canonical_decompiler.py parser=/tmp/ir-release-datasets-20261001/ipfs_datasets_py/logic/deontic/utils/deontic_parser.py
logic tree pin compiler=/tmp/ir-release-datasets-20261001/ipfs_datasets_py/logic/legal_ir/canonical_compiler.py decompiler=/tmp/ir-release-datasets-20261001/ipfs_datasets_py/logic/legal_ir/canonical_decompiler.py parser=/tmp/ir-release-datasets-20261001/ipfs_datasets_py/logic/deontic/utils/deontic_parser.py
logic tree pin compiler=/tmp/ir-release-datasets-20261001/ipfs_datasets_py/logic/legal_ir/canonical_compiler.py decompiler=/tmp/ir-release-datasets-20261001/ipfs_datasets_py/logic/legal_ir/canonical_decompiler.py parser=/tmp/ir-release-datasets-20261001/ipfs_datasets_py/logic/deontic/utils/deontic_parser.py
logic tree pin compiler=/tmp/ir-release-datasets-20261001/ipfs_datasets_py/logic/legal_ir/canonical_compiler.py decompiler=/tmp/ir-release-datasets-20261001/ipfs_datasets_py/logic/legal_ir/canonical_decompiler.py parser=/tmp/ir-release-datasets-20261001/ipfs_datasets_py/logic/deontic/utils/deontic_parser.py
logic tree pin compiler=/tmp/ir-release-datasets-20261001/ipfs_datasets_py/logic/legal_ir/canonical_compiler.py decompiler=/tmp/ir-release-datasets-20261001/ipfs_datasets_py/logic/legal_ir/canonical_decompiler.py parser=/tmp/ir-release-datasets-20261001/ipfs_datasets_py/logic/deontic/utils/deontic_parser.py
______ test_complete_ancestral_roles_fixed_canaries_and_no_implicit_merge ______
tests/integration/logic/software_contracts/test_codebase_prior_384.py:117: in test_complete_ancestral_roles_fixed_canaries_and_no_implicit_merge
    second,value=current.second
                 ^^^^^^^^^^^^^^
E   AttributeError: 'types.SimpleNamespace' object has no attribute 'second'
_________ test_caller_metrics_cannot_waive_native_fixed_canary_policy __________
tests/integration/logic/software_contracts/test_codebase_prior_384.py:131: in test_caller_metrics_cannot_waive_native_fixed_canary_policy
    second,value=current.second
                 ^^^^^^^^^^^^^^
E   AttributeError: 'types.SimpleNamespace' object has no attribute 'second'
=========================== short test summary info ============================
FAILED tests/integration/logic/software_contracts/test_codebase_prior_384.py::test_exact_durable_native_fit_replay_performs_no_numerical_work
FAILED tests/integration/logic/software_contracts/test_codebase_prior_384.py::test_real_canary_policy_and_atomic_promotion_allow_ordered_changed_source_continuation
FAILED tests/integration/logic/software_contracts/test_codebase_prior_384.py::test_complete_ancestral_roles_fixed_canaries_and_no_implicit_merge
FAILED tests/integration/logic/software_contracts/test_codebase_prior_384.py::test_caller_metrics_cannot_waive_native_fixed_canary_policy
========================= 4 failed, 1 passed in 25.01s =========================
