{"final_evaluation":{"cosine_loss":1.1839872742040245,"cross_entropy_loss":5.425805550411447,"decoded_embeddings":{"us-code-10-436-56578433374d1b68":[-0.08767970338427947,0.22370045818777293,-0.051799038537117884,-0.1273615997816594,-0.1762995277292576,0.3537814157205241,0.7275476934497817,0.45046170938864627],"us-code-20-4508-ee668da1dcf69cb2":[-0.25177613558951967,-0.5675156945414846,0.07878130764192141,-0.2928177331877729,0.28591131484716154,-0.08526638951965065,0.5937097956331877,-0.2674495270742358],"us-code-28-1292-c3e7ac6a977a0607":[-0.47683513067685585,-0.3772186983624454,0.3282747022925765,-0.2347455399563319,0.6357342744541484,-0.20926347685589525,0.15693149868995634,-0.0881507181222708],"us-code-36-210301-e3dc1a7ab53b78c6":[0.2311711561135371,-0.3360342325327511,0.20625787445414848,-0.15724752620087334,0.406562827510917,-0.682922886462882,0.22521378602620087,-0.3312106266375546]},"embedding_cosine_similarity":-0.1839872742040244,"frame_ranking_loss":0.0,"reconstruction_loss":0.39801443759934546,"sample_count":4,"symbolic_validity_penalty":0.25},"steps":[{"after":{"cosine_loss":1.1839872742040245,"cross_entropy_loss":5.425805550411447,"decoded_embeddings":{"us-code-10-436-56578433374d1b68":[-0.08767970338427947,0.22370045818777293,-0.051799038537117884,-0.1273615997816594,-0.1762995277292576,0.3537814157205241,0.7275476934497817,0.45046170938864627],"us-code-20-4508-ee668da1dcf69cb2":[-0.25177613558951967,-0.5675156945414846,0.07878130764192141,-0.2928177331877729,0.28591131484716154,-0.08526638951965065,0.5937097956331877,-0.2674495270742358],"us-code-28-1292-c3e7ac6a977a0607":[-0.47683513067685585,-0.3772186983624454,0.3282747022925765,-0.2347455399563319,0.6357342744541484,-0.20926347685589525,0.15693149868995634,-0.0881507181222708],"us-code-36-210301-e3dc1a7ab53b78c6":[0.2311711561135371,-0.3360342325327511,0.20625787445414848,-0.15724752620087334,0.406562827510917,-0.682922886462882,0.22521378602620087,-0.3312106266375546]},"embedding_cosine_similarity":-0.1839872742040244,"frame_ranking_loss":0.0,"reconstruction_loss":0.39801443759934546,"sample_count":4,"symbolic_validity_penalty":0.25},"applied_count":0,"applied_updates":[],"autoencoder_claimed_count":4,"before":{"cosine_loss":1.1839872742040245,"cross_entropy_loss":5.425805550411447,"decoded_embeddings":{"us-code-10-436-56578433374d1b68":[-0.08767970338427947,0.22370045818777293,-0.051799038537117884,-0.1273615997816594,-0.1762995277292576,0.3537814157205241,0.7275476934497817,0.45046170938864627],"us-code-20-4508-ee668da1dcf69cb2":[-0.25177613558951967,-0.5675156945414846,0.07878130764192141,-0.2928177331877729,0.28591131484716154,-0.08526638951965065,0.5937097956331877,-0.2674495270742358],"us-code-28-1292-c3e7ac6a977a0607":[-0.47683513067685585,-0.3772186983624454,0.3282747022925765,-0.2347455399563319,0.6357342744541484,-0.20926347685589525,0.15693149868995634,-0.0881507181222708],"us-code-36-210301-e3dc1a7ab53b78c6":[0.2311711561135371,-0.3360342325327511,0.20625787445414848,-0.15724752620087334,0.406562827510917,-0.682922886462882,0.22521378602620087,-0.3312106266375546]},"embedding_cosine_similarity":-0.1839872742040244,"frame_ranking_loss":0.0,"reconstruction_loss":0.39801443759934546,"sample_count":4,"symbolic_validity_penalty":0.25},"claimed_count":4,"claimed_open_count":17,"completed_count":0,"completed_todo_ids":[],"cosine_similarity_delta":0.0,"created_at":"2026-05-10T00:06:03+00:00","cross_entropy_delta":0.0,"failed_validation_count":4,"failed_validation_todo_ids":["0511571ee281ca43","a05f061c47ce96b2","bc9c49c9d80ec929","bea2a2b417ab6fab"],"improved":false,"iteration":1,"loss_seeded_count":17,"pending_count":55,"program_synthesis_pending_count":15,"program_synthesis_seeded_count":3,"seeded_count":20,"validation_after":{"cosine_loss":0.9898641282547125,"cross_entropy_loss":0.024366276528968077,"decoded_embeddings":{"us-code-15-4728-72d1381ad10c431a":[-0.6409818545851528,-0.06080731310043669,-0.2949525183406113,-0.31403588034934504,-0.16911739563318778,-0.4244617851528385,0.32766761048034937,-0.21702185502183408],"us-code-2-6567-c84e9d60389190c2":[-0.15087001069868994,-0.35523208056768557,0.34617760720524016,0.33358264585152836,-0.27951722314410476,-0.3686218986899563,0.5002538244541485,-0.26471222838427944]},"embedding_cosine_similarity":0.010135871745287475,"frame_ranking_loss":0.0,"reconstruction_loss":0.39935641287058865,"sample_count":2,"symbolic_validity_penalty":0.0},"validation_before":{"cosine_loss":0.9898641282547125,"cross_entropy_loss":0.024366276528968077,"decoded_embeddings":{"us-code-15-4728-72d1381ad10c431a":[-0.6409818545851528,-0.06080731310043669,-0.2949525183406113,-0.31403588034934504,-0.16911739563318778,-0.4244617851528385,0.32766761048034937,-0.21702185502183408],"us-code-2-6567-c84e9d60389190c2":[-0.15087001069868994,-0.35523208056768557,0.34617760720524016,0.33358264585152836,-0.27951722314410476,-0.3686218986899563,0.5002538244541485,-0.26471222838427944]},"embedding_cosine_similarity":0.010135871745287475,"frame_ranking_loss":0.0,"reconstruction_loss":0.39935641287058865,"sample_count":2,"symbolic_validity_penalty":0.0},"validation_cosine_similarity_delta":0.0,"validation_cross_entropy_delta":0.0,"worker_id":"random-uscode-daemon-detached"}],"stopped_reason":"no_validated_improvement","validation_final_evaluation":{"cosine_loss":0.9898641282547125,"cross_entropy_loss":0.024366276528968077,"decoded_embeddings":{"us-code-15-4728-72d1381ad10c431a":[-0.6409818545851528,-0.06080731310043669,-0.2949525183406113,-0.31403588034934504,-0.16911739563318778,-0.4244617851528385,0.32766761048034937,-0.21702185502183408],"us-code-2-6567-c84e9d60389190c2":[-0.15087001069868994,-0.35523208056768557,0.34617760720524016,0.33358264585152836,-0.27951722314410476,-0.3686218986899563,0.5002538244541485,-0.26471222838427944]},"embedding_cosine_similarity":0.010135871745287475,"frame_ranking_loss":0.0,"reconstruction_loss":0.39935641287058865,"sample_count":2,"symbolic_validity_penalty":0.0}}
