{"final_evaluation":{"cosine_loss":1.0964706806447422,"cross_entropy_loss":1.558490171410471,"decoded_embeddings":{"us-code-12-3763-952bf7bbbbdbbee0":[-0.5758597687339672,0.33189016153938816,0.0807499109378902,-0.16214389731937245,-0.19656647524808837,-0.2123873633791421,0.13870812363763224,0.4581568637058692]},"embedding_cosine_similarity":-0.09647068064474215,"frame_ranking_loss":0.0,"legal_ir_losses":{"legal_ir_multiview_acceptance_loss":0.0,"legal_ir_multiview_cosine_loss":0.20913189896636977,"legal_ir_multiview_cross_entropy_loss":0.22612851705673462,"legal_ir_multiview_frame_logic_missing_loss":0.0,"legal_ir_multiview_graph_failure_penalty":0.0,"legal_ir_multiview_proof_failure_ratio":0.0,"legal_ir_multiview_reconstruction_loss":0.130972128671375,"legal_ir_multiview_text_reconstruction_loss":0.0,"legal_ir_multiview_total_loss":0.7289533280278128,"legal_ir_multiview_view_coverage_loss":0.0,"legal_ir_view_cross_entropy_loss":1.5959427746685515},"legal_ir_predicted_view_distribution":{"CEC.native":0.21404796607419108,"TDFOL.prover":0.19575034235582398,"deontic.ir":0.2108374487380244,"knowledge_graphs.neo4j_compat":0.19530149813867087,"zkp.circuits":0.1840627446932896},"legal_ir_target_count":1,"legal_ir_target_hashes":{"us-code-12-3763-952bf7bbbbdbbee0":"3f170ce1d35cfd6e68527bcccf6e48f40e5daeba7666be19e45b41e00fc3fde3"},"legal_ir_view_distribution":{"CEC.native":0.26815,"TDFOL.prover":0.1804,"deontic.ir":0.2533029804068967,"knowledge_graphs.neo4j_compat":0.1781470195931033,"zkp.circuits":0.12},"reconstruction_loss":0.6721979395577925,"sample_count":1,"symbolic_validity_penalty":0.0},"steps":[{"after":{"cosine_loss":1.0964706806447422,"cross_entropy_loss":1.558490171410471,"decoded_embeddings":{"us-code-12-3763-952bf7bbbbdbbee0":[-0.5758597687339672,0.33189016153938816,0.0807499109378902,-0.16214389731937245,-0.19656647524808837,-0.2123873633791421,0.13870812363763224,0.4581568637058692]},"embedding_cosine_similarity":-0.09647068064474215,"frame_ranking_loss":0.0,"legal_ir_losses":{"legal_ir_multiview_acceptance_loss":0.0,"legal_ir_multiview_cosine_loss":0.20913189896636977,"legal_ir_multiview_cross_entropy_loss":0.22612851705673462,"legal_ir_multiview_frame_logic_missing_loss":0.0,"legal_ir_multiview_graph_failure_penalty":0.0,"legal_ir_multiview_proof_failure_ratio":0.0,"legal_ir_multiview_reconstruction_loss":0.130972128671375,"legal_ir_multiview_text_reconstruction_loss":0.0,"legal_ir_multiview_total_loss":0.7289533280278128,"legal_ir_multiview_view_coverage_loss":0.0,"legal_ir_view_cross_entropy_loss":1.5959427746685515},"legal_ir_predicted_view_distribution":{"CEC.native":0.21404796607419108,"TDFOL.prover":0.19575034235582398,"deontic.ir":0.2108374487380244,"knowledge_graphs.neo4j_compat":0.19530149813867087,"zkp.circuits":0.1840627446932896},"legal_ir_target_count":1,"legal_ir_target_hashes":{"us-code-12-3763-952bf7bbbbdbbee0":"3f170ce1d35cfd6e68527bcccf6e48f40e5daeba7666be19e45b41e00fc3fde3"},"legal_ir_view_distribution":{"CEC.native":0.26815,"TDFOL.prover":0.1804,"deontic.ir":0.2533029804068967,"knowledge_graphs.neo4j_compat":0.1781470195931033,"zkp.circuits":0.12},"reconstruction_loss":0.6721979395577925,"sample_count":1,"symbolic_validity_penalty":0.0},"applied_count":1,"applied_updates":[{"action":"improve_legal_ir_view_distribution","changed":["legal_ir_view_logits"],"sample_ids":["us-code-12-3763-952bf7bbbbdbbee0"],"todo_id":"1b4ae1837e96646d"}],"autoencoder_claimed_count":1,"before":{"cosine_loss":1.0964706806447422,"cross_entropy_loss":1.558490171410471,"decoded_embeddings":{"us-code-12-3763-952bf7bbbbdbbee0":[-0.5758597687339672,0.33189016153938816,0.0807499109378902,-0.16214389731937245,-0.19656647524808837,-0.2123873633791421,0.13870812363763224,0.4581568637058692]},"embedding_cosine_similarity":-0.09647068064474215,"frame_ranking_loss":0.0,"legal_ir_losses":{"legal_ir_multiview_acceptance_loss":0.0,"legal_ir_multiview_cosine_loss":0.20913189896636977,"legal_ir_multiview_cross_entropy_loss":0.22612851705673462,"legal_ir_multiview_frame_logic_missing_loss":0.0,"legal_ir_multiview_graph_failure_penalty":0.0,"legal_ir_multiview_proof_failure_ratio":0.0,"legal_ir_multiview_reconstruction_loss":0.130972128671375,"legal_ir_multiview_text_reconstruction_loss":0.0,"legal_ir_multiview_total_loss":0.7289533280278128,"legal_ir_multiview_view_coverage_loss":0.0,"legal_ir_view_cross_entropy_loss":1.605406121721885},"legal_ir_predicted_view_distribution":{"CEC.native":0.2038473359167631,"TDFOL.prover":0.19887713594693443,"deontic.ir":0.20299774768125406,"knowledge_graphs.neo4j_compat":0.19875113453205076,"zkp.circuits":0.19552664592299773},"legal_ir_target_count":1,"legal_ir_target_hashes":{"us-code-12-3763-952bf7bbbbdbbee0":"3f170ce1d35cfd6e68527bcccf6e48f40e5daeba7666be19e45b41e00fc3fde3"},"legal_ir_view_distribution":{"CEC.native":0.26815,"TDFOL.prover":0.1804,"deontic.ir":0.2533029804068967,"knowledge_graphs.neo4j_compat":0.1781470195931033,"zkp.circuits":0.12},"reconstruction_loss":0.6721979395577925,"sample_count":1,"symbolic_validity_penalty":0.0},"bridge_loss_failure_count":0,"bridge_loss_sample_count":1,"bridge_loss_signal_count":11,"claimed_count":1,"claimed_open_count":0,"completed_count":1,"completed_todo_ids":["1b4ae1837e96646d"],"cosine_similarity_delta":0.0,"created_at":"2026-05-25T19:35:53+00:00","cross_entropy_delta":0.0,"failed_validation_count":0,"failed_validation_todo_ids":[],"improved":false,"iteration":1,"loss_seeded_count":7,"pending_count":6,"program_synthesis_deduped_count":0,"program_synthesis_pending_count":3,"program_synthesis_seeded_count":0,"seeded_count":7,"validation_after":{"cosine_loss":0.5482224282447125,"cross_entropy_loss":1.351100302752035,"decoded_embeddings":{"us-code-15-601-54e2a8625925086e":[0.017946789824996628,-0.10365572922233433,0.01971991975311222,0.7248684664968551,-0.45333307269198,-0.07701602185272304,0.16484778415293255,-0.5824152479814502]},"embedding_cosine_similarity":0.45177757175528754,"frame_ranking_loss":0.0,"legal_ir_losses":{"legal_ir_multiview_acceptance_loss":0.0,"legal_ir_multiview_cosine_loss":0.0974476931126685,"legal_ir_multiview_cross_entropy_loss":0.25946029481827254,"legal_ir_multiview_frame_logic_missing_loss":0.0,"legal_ir_multiview_graph_failure_penalty":0.0,"legal_ir_multiview_proof_failure_ratio":0.0,"legal_ir_multiview_reconstruction_loss":0.045998357821208334,"legal_ir_multiview_text_reconstruction_loss":0.0,"legal_ir_multiview_total_loss":0.7595346957521493,"legal_ir_multiview_view_coverage_loss":0.0,"legal_ir_view_cross_entropy_loss":1.6026489594552205},"legal_ir_predicted_view_distribution":{"CEC.native":0.20697962559424538,"TDFOL.prover":0.19794010810297732,"deontic.ir":0.20542212258051684,"knowledge_graphs.neo4j_compat":0.19771320886655147,"zkp.circuits":0.19194493485570902},"legal_ir_target_count":1,"legal_ir_target_hashes":{"us-code-15-601-54e2a8625925086e":"53dc4315437462cf555275b2e4d0e92257ab5f0eb5dbed5c1eba1ee7429b5973"},"legal_ir_view_distribution":{"CEC.native":0.2141625,"TDFOL.prover":0.2512,"deontic.ir":0.29156798245614035,"knowledge_graphs.neo4j_compat":0.14306951754385966,"zkp.circuits":0.1},"reconstruction_loss":0.26581101065611873,"sample_count":1,"symbolic_validity_penalty":0.0},"validation_before":{"cosine_loss":0.5482224282447125,"cross_entropy_loss":1.351100302752035,"decoded_embeddings":{"us-code-15-601-54e2a8625925086e":[0.017946789824996628,-0.10365572922233433,0.01971991975311222,0.7248684664968551,-0.45333307269198,-0.07701602185272304,0.16484778415293255,-0.5824152479814502]},"embedding_cosine_similarity":0.45177757175528754,"frame_ranking_loss":0.0,"legal_ir_losses":{"legal_ir_multiview_acceptance_loss":0.0,"legal_ir_multiview_cosine_loss":0.0974476931126685,"legal_ir_multiview_cross_entropy_loss":0.25946029481827254,"legal_ir_multiview_frame_logic_missing_loss":0.0,"legal_ir_multiview_graph_failure_penalty":0.0,"legal_ir_multiview_proof_failure_ratio":0.0,"legal_ir_multiview_reconstruction_loss":0.045998357821208334,