{"final_evaluation":{"cosine_loss":1.4419506376092985,"cross_entropy_loss":1.4792017618664848,"decoded_embeddings":{"us-code-26-7303-a176cda938fc39d9":[-0.055341,-0.090132,0.744129,0.263775,-0.550516,0.235815,0.017764,-0.080725]},"embedding_cosine_similarity":-0.4419506376092986,"frame_ranking_loss":0.0,"legal_ir_losses":{"legal_ir_multiview_acceptance_loss":0.0,"legal_ir_multiview_cosine_loss":0.24032510626821643,"legal_ir_multiview_cross_entropy_loss":0.2654381736390452,"legal_ir_multiview_frame_logic_missing_loss":0.0,"legal_ir_multiview_graph_failure_penalty":0.0,"legal_ir_multiview_proof_failure_ratio":0.0,"legal_ir_multiview_reconstruction_loss":0.12939806784479166,"legal_ir_multiview_text_reconstruction_loss":0.0,"legal_ir_multiview_total_loss":0.8897017477520534,"legal_ir_multiview_view_coverage_loss":0.0,"legal_ir_view_cross_entropy_loss":1.5918991759686008},"legal_ir_predicted_view_distribution":{"CEC.native":0.20356626883417958,"TDFOL.prover":0.2054445404502028,"deontic.ir":0.2174165276411323,"knowledge_graphs.neo4j_compat":0.19346188309496445,"zkp.circuits":0.18011077997952082},"legal_ir_target_count":1,"legal_ir_target_hashes":{"us-code-26-7303-a176cda938fc39d9":"957a51b143d10079832220633ddb05b5a8c136e500acd3651884567c74f8d19c"},"legal_ir_view_distribution":{"CEC.native":0.21912316668516432,"TDFOL.prover":0.2280675169129401,"deontic.ir":0.28324773305931333,"knowledge_graphs.neo4j_compat":0.16956158334258217,"zkp.circuits":0.1},"reconstruction_loss":0.77638840706875,"sample_count":1,"symbolic_validity_penalty":0.0},"steps":[{"after":{"cosine_loss":1.4419506376092985,"cross_entropy_loss":1.4792017618664848,"decoded_embeddings":{"us-code-26-7303-a176cda938fc39d9":[-0.055341,-0.090132,0.744129,0.263775,-0.550516,0.235815,0.017764,-0.080725]},"embedding_cosine_similarity":-0.4419506376092986,"frame_ranking_loss":0.0,"legal_ir_losses":{"legal_ir_multiview_acceptance_loss":0.0,"legal_ir_multiview_cosine_loss":0.24032510626821643,"legal_ir_multiview_cross_entropy_loss":0.2654381736390452,"legal_ir_multiview_frame_logic_missing_loss":0.0,"legal_ir_multiview_graph_failure_penalty":0.0,"legal_ir_multiview_proof_failure_ratio":0.0,"legal_ir_multiview_reconstruction_loss":0.12939806784479166,"legal_ir_multiview_text_reconstruction_loss":0.0,"legal_ir_multiview_total_loss":0.8897017477520534,"legal_ir_multiview_view_coverage_loss":0.0,"legal_ir_view_cross_entropy_loss":1.5918991759686008},"legal_ir_predicted_view_distribution":{"CEC.native":0.20356626883417958,"TDFOL.prover":0.2054445404502028,"deontic.ir":0.2174165276411323,"knowledge_graphs.neo4j_compat":0.19346188309496445,"zkp.circuits":0.18011077997952082},"legal_ir_target_count":1,"legal_ir_target_hashes":{"us-code-26-7303-a176cda938fc39d9":"957a51b143d10079832220633ddb05b5a8c136e500acd3651884567c74f8d19c"},"legal_ir_view_distribution":{"CEC.native":0.21912316668516432,"TDFOL.prover":0.2280675169129401,"deontic.ir":0.28324773305931333,"knowledge_graphs.neo4j_compat":0.16956158334258217,"zkp.circuits":0.1},"reconstruction_loss":0.77638840706875,"sample_count":1,"symbolic_validity_penalty":0.0},"applied_count":1,"applied_updates":[{"action":"improve_legal_ir_view_distribution","changed":["legal_ir_view_logits"],"sample_ids":["us-code-26-7303-a176cda938fc39d9"],"todo_id":"9d627a1d95b7cc73"}],"autoencoder_claimed_count":1,"before":{"cosine_loss":1.4419506376092985,"cross_entropy_loss":1.4792017618664848,"decoded_embeddings":{"us-code-26-7303-a176cda938fc39d9":[-0.055341,-0.090132,0.744129,0.263775,-0.550516,0.235815,0.017764,-0.080725]},"embedding_cosine_similarity":-0.4419506376092986,"frame_ranking_loss":0.0,"legal_ir_losses":{"legal_ir_multiview_acceptance_loss":0.0,"legal_ir_multiview_cosine_loss":0.24032510626821643,"legal_ir_multiview_cross_entropy_loss":0.2654381736390452,"legal_ir_multiview_frame_logic_missing_loss":0.0,"legal_ir_multiview_graph_failure_penalty":0.0,"legal_ir_multiview_proof_failure_ratio":0.0,"legal_ir_multiview_reconstruction_loss":0.12939806784479166,"legal_ir_multiview_text_reconstruction_loss":0.0,"legal_ir_multiview_total_loss":0.8897017477520534,"legal_ir_multiview_view_coverage_loss":0.0,"legal_ir_view_cross_entropy_loss":1.6041550762436394},"legal_ir_predicted_view_distribution":{"CEC.native":0.20106586251657366,"TDFOL.prover":0.20158097418733398,"deontic.ir":0.2047881563552356,"knowledge_graphs.neo4j_compat":0.19823533714772662,"zkp.circuits":0.1943296697931301},"legal_ir_target_count":1,"legal_ir_target_hashes":{"us-code-26-7303-a176cda938fc39d9":"957a51b143d10079832220633ddb05b5a8c136e500acd3651884567c74f8d19c"},"legal_ir_view_distribution":{"CEC.native":0.21912316668516432,"TDFOL.prover":0.2280675169129401,"deontic.ir":0.28324773305931333,"knowledge_graphs.neo4j_compat":0.16956158334258217,"zkp.circuits":0.1},"reconstruction_loss":0.77638840706875,"sample_count":1,"symbolic_validity_penalty":0.0},"bridge_loss_failure_count":0,"bridge_loss_sample_count":1,"bridge_loss_signal_count":8,"claimed_count":1,"claimed_open_count":0,"completed_count":1,"completed_todo_ids":["9d627a1d95b7cc73"],"cosine_similarity_delta":0.0,"created_at":"2026-05-25T18:44:04+00:00","cross_entropy_delta":0.0,"failed_validation_count":0,"failed_validation_todo_ids":[],"improved":false,"iteration":1,"loss_seeded_count":7,"pending_count":6,"program_synthesis_deduped_count":0,"program_synthesis_pending_count":3,"program_synthesis_seeded_count":0,"seeded_count":7,"validation_after":{"cosine_loss":1.5581263975483988,"cross_entropy_loss":1.5648073347368832,"decoded_embeddings":{"us-code-42-300ff-80fc0193f99c9d47":[-0.446339,-0.274437,0.426066,-0.60595,0.13153,0.300639,0.096122,0.244614]},"embedding_cosine_similarity":-0.5581263975483988,"frame_ranking_loss":0.0,"legal_ir_losses":{"legal_ir_multiview_acceptance_loss":0.0,"legal_ir_multiview_cosine_loss":0.25968773292473313,"legal_ir_multiview_cross_entropy_loss":0.2473312884394833,"legal_ir_multiview_frame_logic_missing_loss":0.0,"legal_ir_multiview_graph_failure_penalty":0.0,"legal_ir_multiview_proof_failure_ratio":0.0,"legal_ir_multiview_reconstruction_loss":0.12538573029508332,"legal_ir_multiview_text_reconstruction_loss":0.0,"legal_ir_multiview_total_loss":0.6852389897545379,"legal_ir_multiview_view_coverage_loss":0.0,"legal_ir_view_cross_entropy_loss":1.6047948841210435},"legal_ir_predicted_view_distribution":{"CEC.native":0.20184618356872322,"TDFOL.prover":0.20276053151172502,"deontic.ir":0.20849212727775515,"knowledge_graphs.neo4j_compat":0.1968526841987756,"zkp.circuits":0.19004847344302103},"legal_ir_target_count":1,"legal_ir_target_hashes":{"us-code-42-300ff-80fc0193f99c9d47":"301aa1399586442294286ca1fd8484db182d0848b966d6de8f501ee53b4f9c04"},"legal_ir_view_distribution":{"CEC.native":0.23975,"TDFOL.prover":0.20700000000000002,"deontic.ir":0.23769298245614037,"knowledge_graphs.neo4j_compat":0.16555701754385965,"zkp.circuits":0.15},"reconstruction_loss":0.7523143817704999,"sample_count":1,"symbolic_validity_penalty":0.0},"validation_before":{"cosine_loss":1.5581263975483988,"cross_entropy_loss":1.5648073347368832,"decoded_embeddings":{"us-code-42-300ff-80fc0193f99c9d47":[-0.446339,-0.274437,0.426066,-0.60595,0.13153,0.300639,0.096122,0.244614]},"embedding_cosine_similarity":-0.5581263975483988,"frame_ranking_loss":0.0,"legal_ir_losses":{"legal_ir_multiview_acceptance_loss":0.0,"legal_ir_multiview_cosine_loss":0.25968773292473313,"legal_ir_multiview_cross_entropy_loss":0.2473312884394833,"legal_ir_multiview_frame_logic_missing_loss":0.0,"legal_ir_multiview_graph_failure_penalty":0.0,"legal_ir_multiview_proof_failure_ratio":0.0,"legal_ir_multiview_reconstruction_loss":0.12538573029508332,"legal_ir_multiview_text_reconstruction_loss":0.0,"legal_ir_multiview_total_loss":0.6852389897545379,"legal_ir_multiview_view_coverage_loss":0.0,"legal_ir_view_cross_entropy_loss":1.6069276763477507},"legal_ir_predicted_view_distribution":{"CEC.native":0.20097164043051677,"TDFOL.prover":0.20143981578029907,"deontic.ir":0.20435233762863458,