{"final_evaluation":{"cosine_loss":0.752308502988825,"cross_entropy_loss":1.6280768830085144,"decoded_embeddings":{"us-code-16-3121-d5d6528ab497fa95":[-0.5180810333006982,0.10586076300543168,-0.3200454892022729,-0.5117170911117068,0.05721107003084839,-0.34897627762474315,-0.014065608481218975,-0.40937527898661524]},"embedding_cosine_similarity":0.24769149701117502,"frame_ranking_loss":0.0,"legal_ir_losses":{},"legal_ir_predicted_view_distribution":{},"legal_ir_target_count":0,"legal_ir_target_hashes":{},"legal_ir_view_distribution":{},"reconstruction_loss":0.346282623113305,"sample_count":1,"symbolic_validity_penalty":0.0},"steps":[{"after":{"cosine_loss":0.752308502988825,"cross_entropy_loss":1.6280768830085144,"decoded_embeddings":{"us-code-16-3121-d5d6528ab497fa95":[-0.5180810333006982,0.10586076300543168,-0.3200454892022729,-0.5117170911117068,0.05721107003084839,-0.34897627762474315,-0.014065608481218975,-0.40937527898661524]},"embedding_cosine_similarity":0.24769149701117502,"frame_ranking_loss":0.0,"legal_ir_losses":{},"legal_ir_predicted_view_distribution":{},"legal_ir_target_count":0,"legal_ir_target_hashes":{},"legal_ir_view_distribution":{},"reconstruction_loss":0.346282623113305,"sample_count":1,"symbolic_validity_penalty":0.0},"applied_count":0,"applied_updates":[],"autoencoder_claimed_count":0,"before":{"cosine_loss":0.752308502988825,"cross_entropy_loss":1.6280768830085144,"decoded_embeddings":{"us-code-16-3121-d5d6528ab497fa95":[-0.5180810333006982,0.10586076300543168,-0.3200454892022729,-0.5117170911117068,0.05721107003084839,-0.34897627762474315,-0.014065608481218975,-0.40937527898661524]},"embedding_cosine_similarity":0.24769149701117502,"frame_ranking_loss":0.0,"legal_ir_losses":{},"legal_ir_predicted_view_distribution":{},"legal_ir_target_count":0,"legal_ir_target_hashes":{},"legal_ir_view_distribution":{},"reconstruction_loss":0.346282623113305,"sample_count":1,"symbolic_validity_penalty":0.0},"bridge_loss_failure_count":0,"bridge_loss_sample_count":0,"bridge_loss_signal_count":0,"claimed_count":0,"claimed_open_count":0,"completed_count":0,"completed_todo_ids":[],"cosine_similarity_delta":0.0,"created_at":"2026-05-26T07:15:00+00:00","cross_entropy_delta":0.0,"failed_validation_count":0,"failed_validation_todo_ids":[],"improved":false,"iteration":1,"loss_seeded_count":0,"pending_count":0,"program_synthesis_deduped_count":0,"program_synthesis_pending_count":0,"program_synthesis_seeded_count":0,"seeded_count":0,"validation_after":{"cosine_loss":0.3267806316993237,"cross_entropy_loss":1.6197295029214391,"decoded_embeddings":{"us-code-43-950.-b77ec793b2d96659":[-0.062085572173536864,-0.30618970131308015,-0.03829715972794314,0.811837566281193,-0.2923193438163682,-0.3041541014025409,-0.13189781654517432,-0.1564539211871342]},"embedding_cosine_similarity":0.6732193683006763,"frame_ranking_loss":0.0,"legal_ir_losses":{},"legal_ir_predicted_view_distribution":{},"legal_ir_target_count":0,"legal_ir_target_hashes":{},"legal_ir_view_distribution":{},"reconstruction_loss":0.09955545768826807,"sample_count":1,"symbolic_validity_penalty":0.0},"validation_before":{"cosine_loss":0.3267806316993237,"cross_entropy_loss":1.6197295029214391,"decoded_embeddings":{"us-code-43-950.-b77ec793b2d96659":[-0.062085572173536864,-0.30618970131308015,-0.03829715972794314,0.811837566281193,-0.2923193438163682,-0.3041541014025409,-0.13189781654517432,-0.1564539211871342]},"embedding_cosine_similarity":0.6732193683006763,"frame_ranking_loss":0.0,"legal_ir_losses":{},"legal_ir_predicted_view_distribution":{},"legal_ir_target_count":0,"legal_ir_target_hashes":{},"legal_ir_view_distribution":{},"reconstruction_loss":0.09955545768826807,"sample_count":1,"symbolic_validity_penalty":0.0},"validation_cosine_similarity_delta":0.0,"validation_cross_entropy_delta":0.0,"worker_id":"random-uscode-daemon-detached"}],"stopped_reason":"no_claimed_todos","validation_final_evaluation":{"cosine_loss":0.3267806316993237,"cross_entropy_loss":1.6197295029214391,"decoded_embeddings":{"us-code-43-950.-b77ec793b2d96659":[-0.062085572173536864,-0.30618970131308015,-0.03829715972794314,0.811837566281193,-0.2923193438163682,-0.3041541014025409,-0.13189781654517432,-0.1564539211871342]},"embedding_cosine_similarity":0.6732193683006763,"frame_ranking_loss":0.0,"legal_ir_losses":{},"legal_ir_predicted_view_distribution":{},"legal_ir_target_count":0,"legal_ir_target_hashes":{},"legal_ir_view_distribution":{},"reconstruction_loss":0.09955545768826807,"sample_count":1,"symbolic_validity_penalty":0.0}}
