{"final_evaluation":{"cosine_loss":0.292701345810519,"cross_entropy_loss":5.65666880100692,"decoded_embeddings":{"us-code-12-1701d-3-a6084f189bd0c853":[-0.19346004788961943,-0.3582728323658281,-0.3449552928325023,-0.07481547988525006,-0.07326162673555991,-0.17975987722840087,0.6141336094465794,-0.22130643779278894],"us-code-49-31707.-57c35dbe88399372":[-0.062491095905798044,-0.2472001022055878,0.6843512021468308,-0.2575392364994834,0.16766620234061494,-0.1217203775798969,0.16734776238735266,-0.2689006380525872],"us-code-49-60131.-2dac2352d65340fa":[0.4333768876344631,-0.35382137771762223,-0.4218098864476565,0.6225511829242822,0.47086723796913965,0.2536227190904524,-0.7846862019089882,-0.3486536049723985],"us-code-8-1448a-f719be92163c857b":[-0.23537045472556764,-0.2891556817156654,0.28146252813567146,-0.2586600296890906,-0.36129956928663787,0.8569369051638812,-0.4768342471375352,0.06499430193038158]},"embedding_cosine_similarity":0.707298654189481,"frame_ranking_loss":0.0,"reconstruction_loss":0.21819606286947196,"sample_count":4,"symbolic_validity_penalty":0.0},"steps":[{"after":{"cosine_loss":0.3219074105175864,"cross_entropy_loss":6.400371057714645,"decoded_embeddings":{"us-code-12-1701d-3-a6084f189bd0c853":[-0.19346004788961943,-0.3582728323658281,-0.3449552928325023,-0.07481547988525006,-0.07326162673555991,-0.17975987722840087,0.6141336094465794,-0.22130643779278894],"us-code-49-31707.-57c35dbe88399372":[-0.062491095905798044,-0.2472001022055878,0.6843512021468308,-0.2575392364994834,0.16766620234061494,-0.1217203775798969,0.16734776238735266,-0.2689006380525872],"us-code-49-60131.-2dac2352d65340fa":[0.4013022886684048,-0.34400327341172654,-0.1340209791502408,0.4404656660373572,0.3949265199525226,-0.008774586014688612,-0.677229849090751,-0.3126260076498439],"us-code-8-1448a-f719be92163c857b":[-0.23702236540193117,-0.28865002827501846,0.2962842744342508,-0.26803782455021974,-0.3652106792274079,0.8434228808666207,-0.47130001437436425,0.06684980050493372]},"embedding_cosine_similarity":0.6780925894824136,"frame_ranking_loss":0.0,"reconstruction_loss":0.2477990282494415,"sample_count":4,"symbolic_validity_penalty":0.0},"applied_count":4,"applied_updates":[{"action":"improve_modal_family_classifier","changed":["family_logits"],"sample_ids":["us-code-49-60131.-2dac2352d65340fa"],"todo_id":"a80ec2f4e18dc2bb"},{"action":"improve_encoder_decoder_reconstruction","changed":["decoded_embedding"],"sample_ids":["us-code-49-60131.-2dac2352d65340fa"],"todo_id":"a6288ad0e9edb3ab"},{"action":"improve_encoder_decoder_reconstruction","changed":["decoded_embedding"],"sample_ids":["us-code-49-31707.-57c35dbe88399372"],"todo_id":"a8e30e3de9339682"},{"action":"improve_encoder_decoder_reconstruction","changed":["decoded_embedding"],"sample_ids":["us-code-12-1701d-3-a6084f189bd0c853"],"todo_id":"c76ae69502e8e583"}],"before":{"cosine_loss":0.791754102470706,"cross_entropy_loss":6.772223544255883,"decoded_embeddings":{"us-code-12-1701d-3-a6084f189bd0c853":[-0.1490918046589124,-0.048827461388487765,-0.06007994708466881,-0.3523160256673791,-0.5500047388549836,0.10542549691349795,0.3790864152822281,-0.247253001799022],"us-code-49-31707.-57c35dbe88399372":[0.11325347979061384,-0.09282003744366457,0.725946319070226,-0.04086840853911443,-0.14975200914363085,0.003040285393414416,-0.03887950304103301,0.07238178578390703],"us-code-49-60131.-2dac2352d65340fa":[0.3519567517975458,-0.32889849755650236,0.3087311859227063,0.1603341015959342,0.27809464608080403,-0.41246274771490554,-0.5119123832165401,-0.2571989348459137],"us-code-8-1448a-f719be92163c857b":[-0.20590794298112775,-0.17514915425570815,0.4021932414409711,-0.3396687544640659,-0.5511500166226889,0.9344022480706469,-0.5619673020762601,0.09649968709078172]},"embedding_cosine_similarity":0.20824589752929396,"frame_ranking_loss":0.0,"reconstruction_loss":0.45340674378860346,"sample_count":4,"symbolic_validity_penalty":0.0},"claimed_count":8,"claimed_open_count":0,"completed_count":4,"completed_todo_ids":["a80ec2f4e18dc2bb","a6288ad0e9edb3ab","a8e30e3de9339682","c76ae69502e8e583"],"cosine_similarity_delta":0.4698466919531196,"created_at":"2026-05-09T19:16:27+00:00","cross_entropy_delta":0.37185248654123804,"failed_validation_count":4,"failed_validation_todo_ids":["2e7ad08a523fce06","586500637453d430","c3b287d37caa7f50","9755046568998969"],"improved":true,"iteration":1,"pending_count":549,"seeded_count":12,"validation_after":{"cosine_loss":0.8391750892228756,"cross_entropy_loss":4.493752200719029,"decoded_embeddings":{"us-code-10-642-7f696445434b16ec":[-0.7615780672366961,-0.12727850298142823,-0.07122053015997937,-0.3576950169698578,0.22778884356752424,-0.08109631198731931,0.1990396316464876,0.09488761769674148],"us-code-42-1584.-116c2c0c1495cd20":[0.4563678314042798,-0.035146265334666055,-0.26006015939286475,-0.20352932918693728,-0.08628057482018597,-0.42185802984091647,-0.02511422570264346,-0.3049436844868312],"us-code-42-910.-d75654ec2b4d4111":[0.07725495232772284,-0.6125863602513559,-0.17931273308067136,0.26707682785275605,0.031451459552534575,0.7949810218309334,-0.18289867098038778,0.5377533009791469],"us-code-44-3503.-80ba74d827a07c8c":[0.5461744473542379,-0.7849259875161146,0.11818374851526753,-0.014557216002351672,0.23328473709679112,-0.37820589362702406,-0.14943301984821517,-0.11741224112508453]},"embedding_cosine_similarity":0.16082491077712435,"frame_ranking_loss":0.0,"reconstruction_loss":0.3516873385042124,"sample_count":4,"symbolic_validity_penalty":0.0},"validation_before":{"cosine_loss":0.8936493762136808,"cross_entropy_loss":4.504142865133898,"decoded_embeddings":{"us-code-10-642-7f696445434b16ec":[-0.7206913646463997,0.012882755652692313,0.06325874236729456,-0.44243625759118343,-0.004716918498339967,0.02528620388990166,0.08762169469436873,0.13953970990900583],"us-code-42-1584.-116c2c0c1495cd20":[0.5035866221673477,0.11569344619705152,-0.08430691995436737,-0.2996582583294685,-0.34824982208143657,-0.3432481324938925,-0.13456093767833938,-0.23475640830983135],"us-code-42-910.-d75654ec2b4d4111":[0.11838146457118937,-0.5116167669911456,-0.046376651313448,0.2167027032115737,-0.15538618814476543,0.8234525821531382,-0.2536700829570271,0.6162433366465675],"us-code-44-3503.-80ba74d827a07c8c":[0.5947879084922916,-0.6401915149270279,0.27536885513745535,-0.09568456104002812,-0.016966438122824404,-0.29319711206996074,-0.25981997799939466,-0.04656858536026365]},"embedding_cosine_similarity":0.10635062378631915,"frame_ranking_loss":0.0,"reconstruction_loss":0.36996213816374235,"sample_count":4,"symbolic_validity_penalty":0.0},"validation_cosine_similarity_delta":0.0544742869908052,"validation_cross_entropy_delta":0.010390664414869022,"worker_id":"random-uscode-daemon-detached"},{"after":{"cosine_loss":0.292701345810519,"cross_entropy_loss":6.028519464503776,"decoded_embeddings":{"us-code-12-1701d-3-a6084f189bd0c853":[-0.19346004788961943,-0.3582728323658281,-0.3449552928325023,-0.07481547988525006,-0.07326162673555991,-0.17975987722840087,0.6141336094465794,-0.22130643779278894],"us-code-49-31707.-57c35dbe88399372":[-0.062491095905798044,-0.2472001022055878,0.6843512021468308,-0.2575392364994834,0.16766620234061494,-0.1217203775798969,0.16734776238735266,-0.2689006380525872],"us-code-49-60131.-2dac2352d65340fa":[0.4333768876344631,-0.35382137771762223,-0.4218098864476565,0.6225511829242822,0.47086723796913965,0.2536227190904524,-0.7846862019089882,-0.3486536049723985],"us-code-8-1448a-f719be92163c857b":[-0.23537045472556764,-0.2891556817156654,0.28146252813567146,-0.2586600296890906,-0.36129956928663787,0.8569369051638812,-0.4768342471375352,0.06499430193038158]},"embedding_cosine_similarity":0.707298654189481,"frame_ranking_loss":0.0,"reconstruction_loss":0.21819606286947196,"sample_count":4,"symbolic_validity_penalty":0.0},"applied_count":2,"applied_updates":[{"action":"improve_modal_family_classifier","changed":["family_logits"],"sample_ids":["us-code-49-60131.-2dac2352d65340fa"],