{"final_evaluation":{"cosine_loss":0.6791792322816567,"cross_entropy_loss":1.3564246947505798,"decoded_embeddings":{"us-code-12-1181-bfee9cdde6603fbb":[0.4636240621194242,-0.031769737917919066,-0.40364125669079465,0.1094623463269551,0.14490330888291775,0.5465675984160551,0.4597218830330072,0.010498643768078388],"us-code-16-410aaa-73-8112112ef7bebc90":[-0.030355718111607977,-0.6105506141872269,-0.8093563267262389,-0.07781005945289324,0.14779558878144594,0.12995564738080745,-0.427958081768387,-0.5275186864795581],"us-code-18-3738-61e641cc78a31215":[-0.5309441570103103,-0.1094543773471797,-1.1429224314311064,-0.08210540758140814,0.48993680223418884,0.07417870686048608,-0.16070566665261996,-0.008790874130841717],"us-code-24-111-a97abe113fb32411":[0.42362377945228175,-0.0850499372823085,-0.41700354827568553,0.548215941200838,-0.3661245167469064,0.1459705711964801,-0.45026933430783916,-0.03356188671727776],"us-code-25-415c-f392b4bc99be990c":[0.2443338329140657,0.29345736937921074,-0.6925748526210059,0.2008793955698706,0.3681184881115388,-0.29299286777359435,-0.23495018915194824,-0.3420990874688047],"us-code-35-26-1dbca2eefa92b2a1":[0.27258466784279295,-0.8859861744131151,-0.42972471684564345,-0.059810304161078326,0.46358781900747237,0.027155508222025518,-0.06579947431239458,-0.013719808159137323],"us-code-43-2242.-5c87f2501ad3aa85":[0.05701153469408681,0.3533772989965839,-0.8771391189448775,0.19946670351815485,0.06579807237978655,-0.3414893268290772,0.15305170653933114,0.11937847263200846],"us-code-7-4533-4d87ab14efa839c9":[-0.0789103139914325,-0.17232561503953947,0.11807762055300629,-0.17985247492109807,0.39962252013581834,0.22095502670266245,0.005149028236181458,-0.06970322229318918]},"embedding_cosine_similarity":0.32082076771834334,"frame_ranking_loss":0.0,"legal_ir_losses":{"legal_ir_multiview_acceptance_loss":0.0,"legal_ir_multiview_cosine_loss":0.3116380222221777,"legal_ir_multiview_cross_entropy_loss":0.9627424733367901,"legal_ir_multiview_frame_logic_missing_loss":0.0,"legal_ir_multiview_graph_failure_penalty":0.0,"legal_ir_multiview_proof_failure_ratio":0.0,"legal_ir_multiview_reconstruction_loss":0.07790947597679687,"legal_ir_multiview_text_reconstruction_loss":0.0,"legal_ir_multiview_total_loss":1.7717268484524313,"legal_ir_multiview_view_coverage_loss":0.0,"legal_ir_view_cross_entropy_loss":0.7155887848786836},"legal_ir_predicted_view_distribution":{"deontic.ir":0.3955516131174549,"knowledge_graphs.neo4j_compat":0.6044483868825451},"legal_ir_target_count":8,"legal_ir_target_hashes":{"us-code-12-1181-bfee9cdde6603fbb":"c315f7cdfd04ae3beaa54e1b9ebd82e0bce5970979433dd09831b503abb4cd36","us-code-16-410aaa-73-8112112ef7bebc90":"a3639d65418297ff41dfaea8a50a8120963884d8037e333462667516dfb2dfe6","us-code-18-3738-61e641cc78a31215":"eb6a9bb9c8df572e0c7277f53d36c42153e631f3961379ed047304322ed8d381","us-code-24-111-a97abe113fb32411":"6b6f903178411adaac8935df99b57eaab29d634f21a88b02b2b84c9e04327d87","us-code-25-415c-f392b4bc99be990c":"d81cf4494cb854a34516ebe699e4ec82bc1c549edd8ce4a15e9e906d7a294caa","us-code-35-26-1dbca2eefa92b2a1":"17bf5717cca7e6534feadafb33d8b1791bcebd5c19171cecf288cf4e12bf0479","us-code-43-2242.-5c87f2501ad3aa85":"c0c6c0873f417b764de5ddb3bfd2c0ac0437486b2d8070da8a22f129636477e8","us-code-7-4533-4d87ab14efa839c9":"4dec6dfe9aae827b4e39ecd60f077647273e2743a3af4587a1b94d88badb1ef7"},"legal_ir_view_distribution":{"deontic.ir":0.5029987284868874,"knowledge_graphs.neo4j_compat":0.4970012715131126},"reconstruction_loss":0.34465403045543314,"sample_count":8,"symbolic_validity_penalty":0.0},"steps":[{"after":{"cosine_loss":0.6791792322816567,"cross_entropy_loss":1.3564246947505798,"decoded_embeddings":{"us-code-12-1181-bfee9cdde6603fbb":[0.4636240621194242,-0.031769737917919066,-0.40364125669079465,0.1094623463269551,0.14490330888291775,0.5465675984160551,0.4597218830330072,0.010498643768078388],"us-code-16-410aaa-73-8112112ef7bebc90":[-0.030355718111607977,-0.6105506141872269,-0.8093563267262389,-0.07781005945289324,0.14779558878144594,0.12995564738080745,-0.427958081768387,-0.5275186864795581],"us-code-18-3738-61e641cc78a31215":[-0.5309441570103103,-0.1094543773471797,-1.1429224314311064,-0.08210540758140814,0.48993680223418884,0.07417870686048608,-0.16070566665261996,-0.008790874130841717],"us-code-24-111-a97abe113fb32411":[0.42362377945228175,-0.0850499372823085,-0.41700354827568553,0.548215941200838,-0.3661245167469064,0.1459705711964801,-0.45026933430783916,-0.03356188671727776],"us-code-25-415c-f392b4bc99be990c":[0.2443338329140657,0.29345736937921074,-0.6925748526210059,0.2008793955698706,0.3681184881115388,-0.29299286777359435,-0.23495018915194824,-0.3420990874688047],"us-code-35-26-1dbca2eefa92b2a1":[0.27258466784279295,-0.8859861744131151,-0.42972471684564345,-0.059810304161078326,0.46358781900747237,0.027155508222025518,-0.06579947431239458,-0.013719808159137323],"us-code-43-2242.-5c87f2501ad3aa85":[0.05701153469408681,0.3533772989965839,-0.8771391189448775,0.19946670351815485,0.06579807237978655,-0.3414893268290772,0.15305170653933114,0.11937847263200846],"us-code-7-4533-4d87ab14efa839c9":[-0.0789103139914325,-0.17232561503953947,0.11807762055300629,-0.17985247492109807,0.39962252013581834,0.22095502670266245,0.005149028236181458,-0.06970322229318918]},"embedding_cosine_similarity":0.32082076771834334,"frame_ranking_loss":0.0,"legal_ir_losses":{"legal_ir_multiview_acceptance_loss":0.0,"legal_ir_multiview_cosine_loss":0.3116380222221777,"legal_ir_multiview_cross_entropy_loss":0.9627424733367901,"legal_ir_multiview_frame_logic_missing_loss":0.0,"legal_ir_multiview_graph_failure_penalty":0.0,"legal_ir_multiview_proof_failure_ratio":0.0,"legal_ir_multiview_reconstruction_loss":0.07790947597679687,"legal_ir_multiview_text_reconstruction_loss":0.0,"legal_ir_multiview_total_loss":1.7717268484524313,"legal_ir_multiview_view_coverage_loss":0.0,"legal_ir_view_cross_entropy_loss":0.7155887848786836},"legal_ir_predicted_view_distribution":{"deontic.ir":0.3955516131174549,"knowledge_graphs.neo4j_compat":0.6044483868825451},"legal_ir_target_count":8,"legal_ir_target_hashes":{"us-code-12-1181-bfee9cdde6603fbb":"c315f7cdfd04ae3beaa54e1b9ebd82e0bce5970979433dd09831b503abb4cd36","us-code-16-410aaa-73-8112112ef7bebc90":"a3639d65418297ff41dfaea8a50a8120963884d8037e333462667516dfb2dfe6","us-code-18-3738-61e641cc78a31215":"eb6a9bb9c8df572e0c7277f53d36c42153e631f3961379ed047304322ed8d381","us-code-24-111-a97abe113fb32411":"6b6f903178411adaac8935df99b57eaab29d634f21a88b02b2b84c9e04327d87","us-code-25-415c-f392b4bc99be990c":"d81cf4494cb854a34516ebe699e4ec82bc1c549edd8ce4a15e9e906d7a294caa","us-code-35-26-1dbca2eefa92b2a1":"17bf5717cca7e6534feadafb33d8b1791bcebd5c19171cecf288cf4e12bf0479","us-code-43-2242.-5c87f2501ad3aa85":"c0c6c0873f417b764de5ddb3bfd2c0ac0437486b2d8070da8a22f129636477e8","us-code-7-4533-4d87ab14efa839c9":"4dec6dfe9aae827b4e39ecd60f077647273e2743a3af4587a1b94d88badb1ef7"},"legal_ir_view_distribution":{"deontic.ir":0.5029987284868874,"knowledge_graphs.neo4j_compat":0.4970012715131126},"reconstruction_loss":0.34465403045543314,"sample_count":8,"symbolic_validity_penalty":0.0},"applied_count":0,"applied_updates":[],"autoencoder_claimed_count":0,"before":{"cosine_loss":0.6791792322816567,"cross_entropy_loss":1.3564246947505798,"decoded_embeddings":{"us-code-12-1181-bfee9cdde6603fbb":[0.4636240621194242,-0.031769737917919066,-0.40364125669079465,0.1094623463269551,0.14490330888291775,0.5465675984160551,0.4597218830330072,0.010498643768078388],"us-code-16-410aaa-73-8112112ef7bebc90":[-0.030355718111607977,-0.6105506141872269,-0.8093563267262389,-0.07781005945289324,0.14779558878144594,0.12995564738080745,-0.427958081768387,-0.5275186864795581],"us-code-18-3738-61e641cc78a31215":[-0.5309441570103103,-0.1094543773471797,-1.1429224314311064,-0.08210540758140814,0.48993680223418884,0.07417870686048608,-0.16070566665261996,-0.008790874130841717],