{"final_evaluation":{"cosine_loss":0.8254543818392729,"cross_entropy_entropy_loss":0.8166499284798244,"cross_entropy_excess_loss":0.9312382692726069,"cross_entropy_loss":1.7478881977524312,"decoded_embeddings":{"us-code-12-4229-ffe0ece425152d37":[-0.6441106534860225,-0.2091889246400086,0.18189284174625872,-0.09931427062588155,0.029049905983033263,-0.0930223195022942,0.7195122566906619,-0.06347728983418122],"us-code-22-1341-cc5e4b88e74197be":[0.19920497013804822,0.039935739485095254,-0.052787969285492536,0.46030131380809575,-0.13076325165892844,-0.27531559746671386,0.14054667159042292,-0.7669924104567886]},"embedding_cosine_similarity":0.1745456181607271,"frame_ranking_loss":0.0,"legal_ir_losses":{"legal_ir_multiview_acceptance_loss":0.0,"legal_ir_multiview_cosine_loss":0.28798014139714145,"legal_ir_multiview_cross_entropy_loss":0.6624862055543245,"legal_ir_multiview_frame_logic_missing_loss":0.0,"legal_ir_multiview_graph_failure_penalty":0.0,"legal_ir_multiview_proof_failure_ratio":0.0,"legal_ir_multiview_reconstruction_loss":0.07199500066027084,"legal_ir_multiview_text_reconstruction_loss":0.10748150000000001,"legal_ir_multiview_total_loss":1.7145285904223222,"legal_ir_multiview_view_coverage_loss":0.0,"legal_ir_view_cross_entropy_excess_loss":0.025872601333256973,"legal_ir_view_cross_entropy_loss":1.3699849828780661,"legal_ir_view_entropy_loss":1.344112381544809,"legal_ir_view_family_cosine_gap_loss":0.022911655016313814,"legal_ir_view_family_cross_entropy_excess_loss":0.025872601333257084,"legal_ir_view_family_cross_entropy_loss":1.3699849828780661,"legal_ir_view_family_deontic_cosine_gap_loss":0.009734327373327967,"legal_ir_view_family_deontic_cross_entropy_excess_loss":0.014548180092988139,"legal_ir_view_family_deontic_cross_entropy_loss":0.66405026234611,"legal_ir_view_family_entropy_loss":1.344112381544809,"legal_ir_view_family_frame_logic_cosine_gap_loss":7.860953819910366e-05,"legal_ir_view_family_frame_logic_cross_entropy_excess_loss":0.00016516993037724026,"legal_ir_view_family_frame_logic_cross_entropy_loss":0.5611141068750936,"legal_ir_view_family_kg_cosine_gap_loss":0.005225603224614905,"legal_ir_view_family_kg_cross_entropy_excess_loss":0.0164130543753494,"legal_ir_view_family_kg_cross_entropy_loss":0.4723770716807006,"legal_ir_view_family_tdfol_cosine_gap_loss":0.0012811939550036455,"legal_ir_view_family_tdfol_cross_entropy_excess_loss":0.003207725614733481,"legal_ir_view_family_tdfol_cross_entropy_loss":0.529887611323384},"legal_ir_predicted_view_distribution":{"TDFOL.prover":0.23865361660089895,"deontic.ir":0.2797146279886917,"knowledge_graphs.neo4j_compat":0.2314930110616753,"modal.frame_logic":0.25013874434873407},"legal_ir_target_count":2,"legal_ir_target_hashes":{"us-code-12-4229-ffe0ece425152d37":"b9ab282fd192735268c8d93113fdf6e378c3c3f9dcb4db44b120faf2f0c8ea58","us-code-22-1341-cc5e4b88e74197be":"215b16a3ea1646d6283994925b88f1991852d49725bf0bd2c88bd13bb7e11d2b"},"legal_ir_view_distribution":{"TDFOL.prover":0.22173402654420718,"deontic.ir":0.35515123337205656,"knowledge_graphs.neo4j_compat":0.174227068298063,"modal.frame_logic":0.2488876717856733},"reconstruction_loss":0.30199466715535744,"sample_count":2,"symbolic_validity_penalty":0.0},"steps":[{"after":{"cosine_loss":0.8254543818392729,"cross_entropy_entropy_loss":0.8166499284798244,"cross_entropy_excess_loss":0.9312382692726069,"cross_entropy_loss":1.7478881977524312,"decoded_embeddings":{"us-code-12-4229-ffe0ece425152d37":[-0.6441106534860225,-0.2091889246400086,0.18189284174625872,-0.09931427062588155,0.029049905983033263,-0.0930223195022942,0.7195122566906619,-0.06347728983418122],"us-code-22-1341-cc5e4b88e74197be":[0.19920497013804822,0.039935739485095254,-0.052787969285492536,0.46030131380809575,-0.13076325165892844,-0.27531559746671386,0.14054667159042292,-0.7669924104567886]},"embedding_cosine_similarity":0.1745456181607271,"frame_ranking_loss":0.0,"legal_ir_losses":{"legal_ir_multiview_acceptance_loss":0.0,"legal_ir_multiview_cosine_loss":0.28798014139714145,"legal_ir_multiview_cross_entropy_loss":0.6624862055543245,"legal_ir_multiview_frame_logic_missing_loss":0.0,"legal_ir_multiview_graph_failure_penalty":0.0,"legal_ir_multiview_proof_failure_ratio":0.0,"legal_ir_multiview_reconstruction_loss":0.07199500066027084,"legal_ir_multiview_text_reconstruction_loss":0.10748150000000001,"legal_ir_multiview_total_loss":1.7145285904223222,"legal_ir_multiview_view_coverage_loss":0.0,"legal_ir_view_cross_entropy_excess_loss":0.025872601333256973,"legal_ir_view_cross_entropy_loss":1.3699849828780661,"legal_ir_view_entropy_loss":1.344112381544809,"legal_ir_view_family_cosine_gap_loss":0.022911655016313814,"legal_ir_view_family_cross_entropy_excess_loss":0.025872601333257084,"legal_ir_view_family_cross_entropy_loss":1.3699849828780661,"legal_ir_view_family_deontic_cosine_gap_loss":0.009734327373327967,"legal_ir_view_family_deontic_cross_entropy_excess_loss":0.014548180092988139,"legal_ir_view_family_deontic_cross_entropy_loss":0.66405026234611,"legal_ir_view_family_entropy_loss":1.344112381544809,"legal_ir_view_family_frame_logic_cosine_gap_loss":7.860953819910366e-05,"legal_ir_view_family_frame_logic_cross_entropy_excess_loss":0.00016516993037724026,"legal_ir_view_family_frame_logic_cross_entropy_loss":0.5611141068750936,"legal_ir_view_family_kg_cosine_gap_loss":0.005225603224614905,"legal_ir_view_family_kg_cross_entropy_excess_loss":0.0164130543753494,"legal_ir_view_family_kg_cross_entropy_loss":0.4723770716807006,"legal_ir_view_family_tdfol_cosine_gap_loss":0.0012811939550036455,"legal_ir_view_family_tdfol_cross_entropy_excess_loss":0.003207725614733481,"legal_ir_view_family_tdfol_cross_entropy_loss":0.529887611323384},"legal_ir_predicted_view_distribution":{"TDFOL.prover":0.23865361660089895,"deontic.ir":0.2797146279886917,"knowledge_graphs.neo4j_compat":0.2314930110616753,"modal.frame_logic":0.25013874434873407},"legal_ir_target_count":2,"legal_ir_target_hashes":{"us-code-12-4229-ffe0ece425152d37":"b9ab282fd192735268c8d93113fdf6e378c3c3f9dcb4db44b120faf2f0c8ea58","us-code-22-1341-cc5e4b88e74197be":"215b16a3ea1646d6283994925b88f1991852d49725bf0bd2c88bd13bb7e11d2b"},"legal_ir_view_distribution":{"TDFOL.prover":0.22173402654420718,"deontic.ir":0.35515123337205656,"knowledge_graphs.neo4j_compat":0.174227068298063,"modal.frame_logic":0.2488876717856733},"reconstruction_loss":0.30199466715535744,"sample_count":2,"symbolic_validity_penalty":0.0},"applied_count":0,"applied_updates":[],"autoencoder_claimed_count":2,"before":{"cosine_loss":0.8254543818392729,"cross_entropy_entropy_loss":0.8166499284798244,"cross_entropy_excess_loss":0.9312382692726069,"cross_entropy_loss":1.7478881977524312,"decoded_embeddings":{"us-code-12-4229-ffe0ece425152d37":[-0.6441106534860225,-0.2091889246400086,0.18189284174625872,-0.09931427062588155,0.029049905983033263,-0.0930223195022942,0.7195122566906619,-0.06347728983418122],"us-code-22-1341-cc5e4b88e74197be":[0.19920497013804822,0.039935739485095254,-0.052787969285492536,0.46030131380809575,-0.13076325165892844,-0.27531559746671386,0.14054667159042292,-0.7669924104567886]},"embedding_cosine_similarity":0.1745456181607271,"frame_ranking_loss":0.0,"legal_ir_losses":{"legal_ir_multiview_acceptance_loss":0.0,"legal_ir_multiview_cosine_loss":0.28798014139714145,"legal_ir_multiview_cross_entropy_loss":0.6624862055543245,"legal_ir_multiview_frame_logic_missing_loss":0.0,"legal_ir_multiview_graph_failure_penalty":0.0,"legal_ir_multiview_proof_failure_ratio":0.0,"legal_ir_multiview_reconstruction_loss":0.07199500066027084,"legal_ir_multiview_text_reconstruction_loss":0.10748150000000001,"legal_ir_multiview_total_loss":1.7145285904223222,"legal_ir_multiview_view_coverage_loss":0.0,"legal_ir_view_cross_entropy_excess_loss":0.025872601333256973,"legal_ir_view_cross_entropy_loss":1.3699849828780661,"legal_ir_view_entropy_loss":1.344112381544809,"legal_ir_view_family_cosine_gap_loss":0.022911655016313814,