{"final_evaluation":{"cosine_loss":1.0644113571303433,"cross_entropy_loss":1.2977551441332846,"decoded_embeddings":{"us-code-15-4604-71c6c046f4ad731c":[0.32809242860465115,-0.1178494663784346,0.37760266645740037,-0.1983116688502681,0.6066166627768982,-0.590826254812959,-0.25959504985203796,0.0073343700688313935],"us-code-19-2015-da64d0a3663033cb":[-0.6226106040806486,0.31943265632777695,-0.04931746213198761,-0.03750921531217722,0.40706905719008907,-0.3836445147772229,-0.2414201959040449,-0.6436088729558249],"us-code-25-1087-32ada9cb4f7a030b":[0.057290986886463086,0.5356698438927144,0.2933600513973415,0.3589414491312954,0.006784018288249127,0.244769392812739,-0.22857734145454395,-0.6519851037116499],"us-code-36-150909-8f67861533db9040":[-0.200208160074771,-0.2947953005113442,0.34666462206961685,0.43913228411640787,0.2658500897274006,-0.29169551811902483,-0.3721666812859224,-0.22776180918567243],"us-code-42-14333.-8734622c87af0b6f":[0.20479342676896578,0.9512657266124179,-0.2692213113846423,-0.3788271624462631,-0.04375542445984534,-0.49601343093842376,-0.3763508858125898,-0.4631313742733586],"us-code-42-285d-a65e70dab61224cb":[0.056029713177596925,-0.6238426117177349,-0.1683044520789953,-0.18076243112575913,0.36552814751232726,0.03774280064332063,0.17543567958251627,-0.09200146745651099],"us-code-42-300z-a6594de66aa5b45d":[-0.26542450670966783,-0.03205859658827567,0.4156495104379536,0.1194755019668798,0.006349310239744054,-0.5071985220733197,-0.12182141328168788,-0.17903094943118725],"us-code-42-7237.-a9e121660099ed2c":[0.40946714335414325,0.6953238997216231,-0.12265049004236524,-0.20694662751340132,0.5224765271806375,0.010196303080595076,-0.5783779187299338,0.5494640415031998]},"embedding_cosine_similarity":-0.06441135713034317,"frame_ranking_loss":0.0,"legal_ir_losses":{"legal_ir_multiview_acceptance_loss":0.0,"legal_ir_multiview_cosine_loss":0.31046281085809513,"legal_ir_multiview_cross_entropy_loss":0.8814015237218834,"legal_ir_multiview_frame_logic_missing_loss":0.0,"legal_ir_multiview_graph_failure_penalty":0.0,"legal_ir_multiview_proof_failure_ratio":0.0,"legal_ir_multiview_reconstruction_loss":0.07761569940142969,"legal_ir_multiview_text_reconstruction_loss":0.0,"legal_ir_multiview_total_loss":1.8268513587834916,"legal_ir_multiview_view_coverage_loss":0.0,"legal_ir_view_cross_entropy_loss":0.7293555033455473},"legal_ir_predicted_view_distribution":{"deontic.ir":0.45819736229321095,"knowledge_graphs.neo4j_compat":0.541802637706789},"legal_ir_target_count":8,"legal_ir_target_hashes":{"us-code-15-4604-71c6c046f4ad731c":"e2d2eafa996ef20b7a9cc00f080876edc266437a212f811866af4c09050cf135","us-code-19-2015-da64d0a3663033cb":"1f7939607276d52d237989e8ad4e9bb8d95cec222ae8f1c9c714160071a3470a","us-code-25-1087-32ada9cb4f7a030b":"a0c239b62130a89b0ce03ad42d467ff72ae0cdc838f6d0823b5f424af6ca08a1","us-code-36-150909-8f67861533db9040":"d67332165c660ec5a96717e748f6a6a612bf8411a886cf69eb149c86cb459b2f","us-code-42-14333.-8734622c87af0b6f":"5ffc4fcbdaaf8f98ca34568571ee0e2b447bfd143dc657853fa3daa812452620","us-code-42-285d-a65e70dab61224cb":"999cbe68b01412a1bdcc3e600f5a42b619198f771b609f93879c568d63598ff8","us-code-42-300z-a6594de66aa5b45d":"a9abf51f0b6993bd73e5afa34a50286a7c71a7011f55acbe2d25a8366cc8ae9d","us-code-42-7237.-a9e121660099ed2c":"556c4f2dbb00c3e0ca616bf457e326dcb456af83be2f17ec3acfc275fd135e44"},"legal_ir_view_distribution":{"deontic.ir":0.7031370056021902,"knowledge_graphs.neo4j_compat":0.29686299439780983},"reconstruction_loss":0.49387041471088716,"sample_count":8,"symbolic_validity_penalty":0.0},"steps":[{"after":{"cosine_loss":1.0644113571303433,"cross_entropy_loss":1.2977551441332846,"decoded_embeddings":{"us-code-15-4604-71c6c046f4ad731c":[0.32809242860465115,-0.1178494663784346,0.37760266645740037,-0.1983116688502681,0.6066166627768982,-0.590826254812959,-0.25959504985203796,0.0073343700688313935],"us-code-19-2015-da64d0a3663033cb":[-0.6226106040806486,0.31943265632777695,-0.04931746213198761,-0.03750921531217722,0.40706905719008907,-0.3836445147772229,-0.2414201959040449,-0.6436088729558249],"us-code-25-1087-32ada9cb4f7a030b":[0.057290986886463086,0.5356698438927144,0.2933600513973415,0.3589414491312954,0.006784018288249127,0.244769392812739,-0.22857734145454395,-0.6519851037116499],"us-code-36-150909-8f67861533db9040":[-0.200208160074771,-0.2947953005113442,0.34666462206961685,0.43913228411640787,0.2658500897274006,-0.29169551811902483,-0.3721666812859224,-0.22776180918567243],"us-code-42-14333.-8734622c87af0b6f":[0.20479342676896578,0.9512657266124179,-0.2692213113846423,-0.3788271624462631,-0.04375542445984534,-0.49601343093842376,-0.3763508858125898,-0.4631313742733586],"us-code-42-285d-a65e70dab61224cb":[0.056029713177596925,-0.6238426117177349,-0.1683044520789953,-0.18076243112575913,0.36552814751232726,0.03774280064332063,0.17543567958251627,-0.09200146745651099],"us-code-42-300z-a6594de66aa5b45d":[-0.26542450670966783,-0.03205859658827567,0.4156495104379536,0.1194755019668798,0.006349310239744054,-0.5071985220733197,-0.12182141328168788,-0.17903094943118725],"us-code-42-7237.-a9e121660099ed2c":[0.40946714335414325,0.6953238997216231,-0.12265049004236524,-0.20694662751340132,0.5224765271806375,0.010196303080595076,-0.5783779187299338,0.5494640415031998]},"embedding_cosine_similarity":-0.06441135713034317,"frame_ranking_loss":0.0,"legal_ir_losses":{"legal_ir_multiview_acceptance_loss":0.0,"legal_ir_multiview_cosine_loss":0.31046281085809513,"legal_ir_multiview_cross_entropy_loss":0.8814015237218834,"legal_ir_multiview_frame_logic_missing_loss":0.0,"legal_ir_multiview_graph_failure_penalty":0.0,"legal_ir_multiview_proof_failure_ratio":0.0,"legal_ir_multiview_reconstruction_loss":0.07761569940142969,"legal_ir_multiview_text_reconstruction_loss":0.0,"legal_ir_multiview_total_loss":1.8268513587834916,"legal_ir_multiview_view_coverage_loss":0.0,"legal_ir_view_cross_entropy_loss":0.7293555033455473},"legal_ir_predicted_view_distribution":{"deontic.ir":0.45819736229321095,"knowledge_graphs.neo4j_compat":0.541802637706789},"legal_ir_target_count":8,"legal_ir_target_hashes":{"us-code-15-4604-71c6c046f4ad731c":"e2d2eafa996ef20b7a9cc00f080876edc266437a212f811866af4c09050cf135","us-code-19-2015-da64d0a3663033cb":"1f7939607276d52d237989e8ad4e9bb8d95cec222ae8f1c9c714160071a3470a","us-code-25-1087-32ada9cb4f7a030b":"a0c239b62130a89b0ce03ad42d467ff72ae0cdc838f6d0823b5f424af6ca08a1","us-code-36-150909-8f67861533db9040":"d67332165c660ec5a96717e748f6a6a612bf8411a886cf69eb149c86cb459b2f","us-code-42-14333.-8734622c87af0b6f":"5ffc4fcbdaaf8f98ca34568571ee0e2b447bfd143dc657853fa3daa812452620","us-code-42-285d-a65e70dab61224cb":"999cbe68b01412a1bdcc3e600f5a42b619198f771b609f93879c568d63598ff8","us-code-42-300z-a6594de66aa5b45d":"a9abf51f0b6993bd73e5afa34a50286a7c71a7011f55acbe2d25a8366cc8ae9d","us-code-42-7237.-a9e121660099ed2c":"556c4f2dbb00c3e0ca616bf457e326dcb456af83be2f17ec3acfc275fd135e44"},"legal_ir_view_distribution":{"deontic.ir":0.7031370056021902,"knowledge_graphs.neo4j_compat":0.29686299439780983},"reconstruction_loss":0.49387041471088716,"sample_count":8,"symbolic_validity_penalty":0.0},"applied_count":0,"applied_updates":[],"autoencoder_claimed_count":0,"before":{"cosine_loss":1.0644113571303433,"cross_entropy_loss":1.2977551441332846,"decoded_embeddings":{"us-code-15-4604-71c6c046f4ad731c":[0.32809242860465115,-0.1178494663784346,0.37760266645740037,-0.1983116688502681,0.6066166627768982,-0.590826254812959,-0.25959504985203796,0.0073343700688313935],"us-code-19-2015-da64d0a3663033cb":[-0.6226106040806486,0.31943265632777695,-0.04931746213198761,-0.03750921531217722,0.40706905719008907,-0.3836445147772229,-0.2414201959040449,-0.6436088729558249],"us-code-25-1087-32ada9cb4f7a030b":[0.057290986886463086,0.5356698438927144,0.2933600513973415,0.3589414491312954,0.006784018288249127,0.244769392812739,-0.22857734145454395,-0.6519851037116499],