{"final_evaluation":{"cosine_loss":0.6380705733653358,"cross_entropy_loss":2.3323234372755834,"decoded_embeddings":{"us-code-42-297h.-9b3df8f17c8acf7d":[0.11086291320893538,-0.3985382490574977,0.6472773678039124,0.038246489507323074,-0.19847646287116397,-0.04683680482874233,0.13488474375192888,-0.42313932339439814]},"embedding_cosine_similarity":0.36192942663466415,"frame_ranking_loss":0.0,"legal_ir_losses":{},"legal_ir_predicted_view_distribution":{},"legal_ir_target_count":0,"legal_ir_target_hashes":{},"legal_ir_view_distribution":{},"reconstruction_loss":0.27657228937742495,"sample_count":1,"symbolic_validity_penalty":0.0},"steps":[{"after":{"cosine_loss":0.6380705733653358,"cross_entropy_loss":2.3323234372755834,"decoded_embeddings":{"us-code-42-297h.-9b3df8f17c8acf7d":[0.11086291320893538,-0.3985382490574977,0.6472773678039124,0.038246489507323074,-0.19847646287116397,-0.04683680482874233,0.13488474375192888,-0.42313932339439814]},"embedding_cosine_similarity":0.36192942663466415,"frame_ranking_loss":0.0,"legal_ir_losses":{},"legal_ir_predicted_view_distribution":{},"legal_ir_target_count":0,"legal_ir_target_hashes":{},"legal_ir_view_distribution":{},"reconstruction_loss":0.27657228937742495,"sample_count":1,"symbolic_validity_penalty":0.0},"applied_count":0,"applied_updates":[],"autoencoder_claimed_count":0,"before":{"cosine_loss":0.6380705733653358,"cross_entropy_loss":2.3323234372755834,"decoded_embeddings":{"us-code-42-297h.-9b3df8f17c8acf7d":[0.11086291320893538,-0.3985382490574977,0.6472773678039124,0.038246489507323074,-0.19847646287116397,-0.04683680482874233,0.13488474375192888,-0.42313932339439814]},"embedding_cosine_similarity":0.36192942663466415,"frame_ranking_loss":0.0,"legal_ir_losses":{},"legal_ir_predicted_view_distribution":{},"legal_ir_target_count":0,"legal_ir_target_hashes":{},"legal_ir_view_distribution":{},"reconstruction_loss":0.27657228937742495,"sample_count":1,"symbolic_validity_penalty":0.0},"bridge_loss_failure_count":0,"bridge_loss_sample_count":0,"bridge_loss_signal_count":0,"claimed_count":0,"claimed_open_count":0,"completed_count":0,"completed_todo_ids":[],"cosine_similarity_delta":0.0,"created_at":"2026-05-27T00:50:08+00:00","cross_entropy_delta":0.0,"failed_validation_count":0,"failed_validation_todo_ids":[],"improved":false,"iteration":1,"loss_seeded_count":0,"pending_count":0,"program_synthesis_deduped_count":0,"program_synthesis_pending_count":0,"program_synthesis_seeded_count":0,"seeded_count":0,"validation_after":{"cosine_loss":0.897422138297227,"cross_entropy_loss":4.189773416490038,"decoded_embeddings":{"us-code-33-1522-4f5f72263c94916d":[-0.28077745382200364,0.21439794989461855,0.2099716231177587,-0.14541899836095895,0.06764044829831467,-0.2559237304853251,0.4462654379420944,-0.657332744606783]},"embedding_cosine_similarity":0.102577861702773,"frame_ranking_loss":0.0,"legal_ir_losses":{},"legal_ir_predicted_view_distribution":{},"legal_ir_target_count":0,"legal_ir_target_hashes":{},"legal_ir_view_distribution":{},"reconstruction_loss":0.4830354944501079,"sample_count":1,"symbolic_validity_penalty":0.0},"validation_before":{"cosine_loss":0.897422138297227,"cross_entropy_loss":4.189773416490038,"decoded_embeddings":{"us-code-33-1522-4f5f72263c94916d":[-0.28077745382200364,0.21439794989461855,0.2099716231177587,-0.14541899836095895,0.06764044829831467,-0.2559237304853251,0.4462654379420944,-0.657332744606783]},"embedding_cosine_similarity":0.102577861702773,"frame_ranking_loss":0.0,"legal_ir_losses":{},"legal_ir_predicted_view_distribution":{},"legal_ir_target_count":0,"legal_ir_target_hashes":{},"legal_ir_view_distribution":{},"reconstruction_loss":0.4830354944501079,"sample_count":1,"symbolic_validity_penalty":0.0},"validation_cosine_similarity_delta":0.0,"validation_cross_entropy_delta":0.0,"worker_id":"random-uscode-daemon-detached"}],"stopped_reason":"no_claimed_todos","validation_final_evaluation":{"cosine_loss":0.897422138297227,"cross_entropy_loss":4.189773416490038,"decoded_embeddings":{"us-code-33-1522-4f5f72263c94916d":[-0.28077745382200364,0.21439794989461855,0.2099716231177587,-0.14541899836095895,0.06764044829831467,-0.2559237304853251,0.4462654379420944,-0.657332744606783]},"embedding_cosine_similarity":0.102577861702773,"frame_ranking_loss":0.0,"legal_ir_losses":{},"legal_ir_predicted_view_distribution":{},"legal_ir_target_count":0,"legal_ir_target_hashes":{},"legal_ir_view_distribution":{},"reconstruction_loss":0.4830354944501079,"sample_count":1,"symbolic_validity_penalty":0.0}}
