{"final_evaluation":{"cosine_loss":0.8463959933467817,"cross_entropy_loss":1.3397972806859815,"decoded_embeddings":{"us-code-12-2200-f49772e829bcd82a":[0.35937603635762644,0.1042008463587123,0.16853978763811878,0.21941843610131018,0.12969370342860373,-0.0467502215044492,-0.08562166146333372,0.09626185726091663],"us-code-2-6542-b35ab7b986c9ee35":[-0.004812097345774746,0.12737290838350263,-0.9742349662753642,0.18095933558890026,-0.21566334114040683,-0.18970172609144303,0.25091344195918086,0.12745510348588435],"us-code-25-64-9c0a827f9f92c6b0":[-0.24127996611147862,0.33284721055605204,0.012463163558419954,0.20316907324981254,-0.04077419446341048,0.02880031013307532,-0.6140193204295664,-0.5317483344199311],"us-code-7-183-8bbfb9ab323bc6a8":[-0.39126835297148665,0.4302278703812764,0.30274334265485486,0.11662759998758482,0.11528315540819052,0.4662109476485219,-0.15267074681098974,-0.3232376603032824]},"embedding_cosine_similarity":0.15360400665321822,"frame_ranking_loss":0.0,"legal_ir_losses":{"legal_ir_multiview_acceptance_loss":0.0,"legal_ir_multiview_cosine_loss":0.504615166211016,"legal_ir_multiview_cross_entropy_loss":0.8473459488798505,"legal_ir_multiview_frame_logic_missing_loss":0.0,"legal_ir_multiview_graph_failure_penalty":0.0,"legal_ir_multiview_proof_failure_ratio":0.0,"legal_ir_multiview_reconstruction_loss":0.2347309912879375,"legal_ir_multiview_text_reconstruction_loss":0.0,"legal_ir_multiview_total_loss":2.0284355688788036,"legal_ir_multiview_view_coverage_loss":0.0,"legal_ir_view_cross_entropy_loss":0.4699381456833998},"legal_ir_predicted_view_distribution":{"deontic.ir":0.7342955398115563,"knowledge_graphs.neo4j_compat":0.26570446018844374},"legal_ir_target_count":4,"legal_ir_target_hashes":{"us-code-12-2200-f49772e829bcd82a":"b299f1316f12bbf3b46f857afb7c42f73eea100acd97679fd6054dfeab1c6d21","us-code-2-6542-b35ab7b986c9ee35":"2007f9bfe1e5bc40309909cc93816a748aa64c57d001239d3d9eb8c47f548a77","us-code-25-64-9c0a827f9f92c6b0":"d7246564c81b0d1a9b37a4015890957783b3d946246749d7295d2bbbb770ea42","us-code-7-183-8bbfb9ab323bc6a8":"322c8b93cba1b70528d35442e8ea60e6b2cbf5466192f7f55842b78d75e03233"},"legal_ir_view_distribution":{"deontic.ir":0.8416388342405867,"knowledge_graphs.neo4j_compat":0.15836116575941336},"reconstruction_loss":0.4088040963939427,"sample_count":4,"symbolic_validity_penalty":0.0},"steps":[{"after":{"cosine_loss":0.8463959933467817,"cross_entropy_loss":1.3397972806859815,"decoded_embeddings":{"us-code-12-2200-f49772e829bcd82a":[0.35937603635762644,0.1042008463587123,0.16853978763811878,0.21941843610131018,0.12969370342860373,-0.0467502215044492,-0.08562166146333372,0.09626185726091663],"us-code-2-6542-b35ab7b986c9ee35":[-0.004812097345774746,0.12737290838350263,-0.9742349662753642,0.18095933558890026,-0.21566334114040683,-0.18970172609144303,0.25091344195918086,0.12745510348588435],"us-code-25-64-9c0a827f9f92c6b0":[-0.24127996611147862,0.33284721055605204,0.012463163558419954,0.20316907324981254,-0.04077419446341048,0.02880031013307532,-0.6140193204295664,-0.5317483344199311],"us-code-7-183-8bbfb9ab323bc6a8":[-0.39126835297148665,0.4302278703812764,0.30274334265485486,0.11662759998758482,0.11528315540819052,0.4662109476485219,-0.15267074681098974,-0.3232376603032824]},"embedding_cosine_similarity":0.15360400665321822,"frame_ranking_loss":0.0,"legal_ir_losses":{"legal_ir_multiview_acceptance_loss":0.0,"legal_ir_multiview_cosine_loss":0.504615166211016,"legal_ir_multiview_cross_entropy_loss":0.8473459488798505,"legal_ir_multiview_frame_logic_missing_loss":0.0,"legal_ir_multiview_graph_failure_penalty":0.0,"legal_ir_multiview_proof_failure_ratio":0.0,"legal_ir_multiview_reconstruction_loss":0.2347309912879375,"legal_ir_multiview_text_reconstruction_loss":0.0,"legal_ir_multiview_total_loss":2.0284355688788036,"legal_ir_multiview_view_coverage_loss":0.0,"legal_ir_view_cross_entropy_loss":0.4699381456833998},"legal_ir_predicted_view_distribution":{"deontic.ir":0.7342955398115563,"knowledge_graphs.neo4j_compat":0.26570446018844374},"legal_ir_target_count":4,"legal_ir_target_hashes":{"us-code-12-2200-f49772e829bcd82a":"b299f1316f12bbf3b46f857afb7c42f73eea100acd97679fd6054dfeab1c6d21","us-code-2-6542-b35ab7b986c9ee35":"2007f9bfe1e5bc40309909cc93816a748aa64c57d001239d3d9eb8c47f548a77","us-code-25-64-9c0a827f9f92c6b0":"d7246564c81b0d1a9b37a4015890957783b3d946246749d7295d2bbbb770ea42","us-code-7-183-8bbfb9ab323bc6a8":"322c8b93cba1b70528d35442e8ea60e6b2cbf5466192f7f55842b78d75e03233"},"legal_ir_view_distribution":{"deontic.ir":0.8416388342405867,"knowledge_graphs.neo4j_compat":0.15836116575941336},"reconstruction_loss":0.4088040963939427,"sample_count":4,"symbolic_validity_penalty":0.0},"applied_count":0,"applied_updates":[],"autoencoder_claimed_count":0,"before":{"cosine_loss":0.8463959933467817,"cross_entropy_loss":1.3397972806859815,"decoded_embeddings":{"us-code-12-2200-f49772e829bcd82a":[0.35937603635762644,0.1042008463587123,0.16853978763811878,0.21941843610131018,0.12969370342860373,-0.0467502215044492,-0.08562166146333372,0.09626185726091663],"us-code-2-6542-b35ab7b986c9ee35":[-0.004812097345774746,0.12737290838350263,-0.9742349662753642,0.18095933558890026,-0.21566334114040683,-0.18970172609144303,0.25091344195918086,0.12745510348588435],"us-code-25-64-9c0a827f9f92c6b0":[-0.24127996611147862,0.33284721055605204,0.012463163558419954,0.20316907324981254,-0.04077419446341048,0.02880031013307532,-0.6140193204295664,-0.5317483344199311],"us-code-7-183-8bbfb9ab323bc6a8":[-0.39126835297148665,0.4302278703812764,0.30274334265485486,0.11662759998758482,0.11528315540819052,0.4662109476485219,-0.15267074681098974,-0.3232376603032824]},"embedding_cosine_similarity":0.15360400665321822,"frame_ranking_loss":0.0,"legal_ir_losses":{"legal_ir_multiview_acceptance_loss":0.0,"legal_ir_multiview_cosine_loss":0.504615166211016,"legal_ir_multiview_cross_entropy_loss":0.8473459488798505,"legal_ir_multiview_frame_logic_missing_loss":0.0,"legal_ir_multiview_graph_failure_penalty":0.0,"legal_ir_multiview_proof_failure_ratio":0.0,"legal_ir_multiview_reconstruction_loss":0.2347309912879375,"legal_ir_multiview_text_reconstruction_loss":0.0,"legal_ir_multiview_total_loss":2.0284355688788036,"legal_ir_multiview_view_coverage_loss":0.0,"legal_ir_view_cross_entropy_loss":0.4699381456833998},"legal_ir_predicted_view_distribution":{"deontic.ir":0.7342955398115563,"knowledge_graphs.neo4j_compat":0.26570446018844374},"legal_ir_target_count":4,"legal_ir_target_hashes":{"us-code-12-2200-f49772e829bcd82a":"b299f1316f12bbf3b46f857afb7c42f73eea100acd97679fd6054dfeab1c6d21","us-code-2-6542-b35ab7b986c9ee35":"2007f9bfe1e5bc40309909cc93816a748aa64c57d001239d3d9eb8c47f548a77","us-code-25-64-9c0a827f9f92c6b0":"d7246564c81b0d1a9b37a4015890957783b3d946246749d7295d2bbbb770ea42","us-code-7-183-8bbfb9ab323bc6a8":"322c8b93cba1b70528d35442e8ea60e6b2cbf5466192f7f55842b78d75e03233"},"legal_ir_view_distribution":{"deontic.ir":0.8416388342405867,"knowledge_graphs.neo4j_compat":0.15836116575941336},"reconstruction_loss":0.4088040963939427,"sample_count":4,"symbolic_validity_penalty":0.0},"bridge_loss_failure_count":0,"bridge_loss_sample_count":4,"bridge_loss_signal_count":32,"claimed_count":0,"claimed_open_count":5,"completed_count":0,"completed_todo_ids":[],"cosine_similarity_delta":0.0,"created_at":"2026-05-26T17:42:52+00:00","cross_entropy_delta":0.0,"failed_validation_count":0,"failed_validation_todo_ids":[],"improved":false,"iteration":1,"loss_seeded_count":0,"pending_count":6,"program_synthesis_deduped_count":5,"program_synthesis_pending_count":6,"program_synthesis_seeded_count":1,"seeded_count":1,"validation_after":{"cosine_loss":0.7183861124817498,"cross_entropy_loss":1.4407709873436991,"decoded_embeddings":{"us-code-2-4106-4a1b0ac1149099ad":[-0.0801774472052795,0.591548546702,-0.8175539107268006,0.7168404835479227,-0.2269270470328838,0.6065593289616413,0.15234654021748903,-0.42600847445177575],