{"final_evaluation":{"cosine_loss":0.8486988806721615,"cross_entropy_loss":1.1519175925978185,"decoded_embeddings":{"us-code-10-4983-8ae87b2b5a3ad6cf":[-0.22176253222398123,-0.3772347390578882,0.4233938755913311,0.049321618128513524,0.05249903710566447,0.16775912481381572,0.033746612582085,0.054229053177686164],"us-code-22-2292f-7a8cf043c4980b14":[0.2781807480185562,-0.281014363109883,-0.7964552562695796,-0.30922472739893725,-0.13685938258035069,-0.0729296603933493,0.35531713600824966,-0.2231616881516611],"us-code-22-277g-1967167bbc5fbd69":[0.5062484592963863,0.06629016984826214,-0.464249234839824,0.15924662400658068,0.20119064452156343,0.3810357074272763,0.7127843929776702,-0.21962347699271048],"us-code-37-901-f9970a6e5463d882":[-0.6874460174536421,0.33427085270852336,-0.6044985083003399,-0.3957380939477177,0.5822293847436424,0.1403112796347561,-0.1874631784746577,0.15701697756091604],"us-code-42-15501.-afce1d8e1b066af2":[-0.15218679250958167,-0.9288531869544274,0.3125909506942685,-0.33820781853649196,0.44892272875763467,0.189584305209169,0.36090664772887115,0.08525773934062164],"us-code-42-2678 to 2678d.-958e89145a8568a7":[0.3066010402814217,-0.37921347717722526,-0.3462780588547696,0.14476864937659809,0.4000804551554201,0.08324242907606197,-0.0141828399026392,-0.47000193773818866],"us-code-49-20903.-e558ff5faf326691":[0.17363437121902353,0.3349249532831334,-0.23086206322136874,-0.3907725407679856,0.7489821423008158,0.3351064643754575,-0.6621736433192431,0.6316112027052441],"us-code-7-3401-1801bc9df431fc14":[-0.06939458298923205,0.26195512432918816,0.12724686658521084,0.03910227738853061,0.30581289579263715,-0.009592220750738841,0.4395187895795461,-0.46933210753196597]},"embedding_cosine_similarity":0.15130111932783857,"frame_ranking_loss":0.0,"legal_ir_losses":{"legal_ir_multiview_acceptance_loss":0.0,"legal_ir_multiview_cosine_loss":0.3525963707841966,"legal_ir_multiview_cross_entropy_loss":1.0062760852609463,"legal_ir_multiview_frame_logic_missing_loss":0.0,"legal_ir_multiview_graph_failure_penalty":0.0,"legal_ir_multiview_proof_failure_ratio":0.0,"legal_ir_multiview_reconstruction_loss":0.08814907931377344,"legal_ir_multiview_text_reconstruction_loss":0.0,"legal_ir_multiview_total_loss":1.8488778929057914,"legal_ir_multiview_view_coverage_loss":0.0,"legal_ir_view_cross_entropy_loss":0.6883807621732463},"legal_ir_predicted_view_distribution":{"deontic.ir":0.37560417973871346,"knowledge_graphs.neo4j_compat":0.6243958202612865},"legal_ir_target_count":8,"legal_ir_target_hashes":{"us-code-10-4983-8ae87b2b5a3ad6cf":"e0c2eca4cc7ac79da11a7eb2177956e76041c119493c4867e97a2d16591dbe78","us-code-22-2292f-7a8cf043c4980b14":"09ddd03e36064ec54646a810df1d5f2f3f70fa4aa9123c071fcdf9508302a2ec","us-code-22-277g-1967167bbc5fbd69":"de915ed7110125a063e9cbddc9ec06e159e1fdfccd9436f0cd3933b08c2cdfd7","us-code-37-901-f9970a6e5463d882":"304b935d0d92335afceff45b2b26a223c3226d3715d7f85dc9f51918dfd5166e","us-code-42-15501.-afce1d8e1b066af2":"5d77739b3a0de6f3128ad6a8d514e5379b9825e704b74adbf1a2e795b3b544e9","us-code-42-2678 to 2678d.-958e89145a8568a7":"853eec5ebb468282a77659a5f99a3b4f1019cb8d0dc8e219e55aba282dc494ae","us-code-49-20903.-e558ff5faf326691":"f5daedb1beb52ff73d504a5697202ca0d9239fe0564f9175aaabf55766ac80e8","us-code-7-3401-1801bc9df431fc14":"88bf9ed0524857c3872bce8e31e2f527c2fbdb5f7f07d77f47d06795f059ab8b"},"legal_ir_view_distribution":{"deontic.ir":0.43593325291184054,"knowledge_graphs.neo4j_compat":0.5640667470881595},"reconstruction_loss":0.49094117057986253,"sample_count":8,"symbolic_validity_penalty":0.0},"steps":[{"after":{"cosine_loss":0.8486988806721615,"cross_entropy_loss":1.1519175925978185,"decoded_embeddings":{"us-code-10-4983-8ae87b2b5a3ad6cf":[-0.22176253222398123,-0.3772347390578882,0.4233938755913311,0.049321618128513524,0.05249903710566447,0.16775912481381572,0.033746612582085,0.054229053177686164],"us-code-22-2292f-7a8cf043c4980b14":[0.2781807480185562,-0.281014363109883,-0.7964552562695796,-0.30922472739893725,-0.13685938258035069,-0.0729296603933493,0.35531713600824966,-0.2231616881516611],"us-code-22-277g-1967167bbc5fbd69":[0.5062484592963863,0.06629016984826214,-0.464249234839824,0.15924662400658068,0.20119064452156343,0.3810357074272763,0.7127843929776702,-0.21962347699271048],"us-code-37-901-f9970a6e5463d882":[-0.6874460174536421,0.33427085270852336,-0.6044985083003399,-0.3957380939477177,0.5822293847436424,0.1403112796347561,-0.1874631784746577,0.15701697756091604],"us-code-42-15501.-afce1d8e1b066af2":[-0.15218679250958167,-0.9288531869544274,0.3125909506942685,-0.33820781853649196,0.44892272875763467,0.189584305209169,0.36090664772887115,0.08525773934062164],"us-code-42-2678 to 2678d.-958e89145a8568a7":[0.3066010402814217,-0.37921347717722526,-0.3462780588547696,0.14476864937659809,0.4000804551554201,0.08324242907606197,-0.0141828399026392,-0.47000193773818866],"us-code-49-20903.-e558ff5faf326691":[0.17363437121902353,0.3349249532831334,-0.23086206322136874,-0.3907725407679856,0.7489821423008158,0.3351064643754575,-0.6621736433192431,0.6316112027052441],"us-code-7-3401-1801bc9df431fc14":[-0.06939458298923205,0.26195512432918816,0.12724686658521084,0.03910227738853061,0.30581289579263715,-0.009592220750738841,0.4395187895795461,-0.46933210753196597]},"embedding_cosine_similarity":0.15130111932783857,"frame_ranking_loss":0.0,"legal_ir_losses":{"legal_ir_multiview_acceptance_loss":0.0,"legal_ir_multiview_cosine_loss":0.3525963707841966,"legal_ir_multiview_cross_entropy_loss":1.0062760852609463,"legal_ir_multiview_frame_logic_missing_loss":0.0,"legal_ir_multiview_graph_failure_penalty":0.0,"legal_ir_multiview_proof_failure_ratio":0.0,"legal_ir_multiview_reconstruction_loss":0.08814907931377344,"legal_ir_multiview_text_reconstruction_loss":0.0,"legal_ir_multiview_total_loss":1.8488778929057914,"legal_ir_multiview_view_coverage_loss":0.0,"legal_ir_view_cross_entropy_loss":0.6883807621732463},"legal_ir_predicted_view_distribution":{"deontic.ir":0.37560417973871346,"knowledge_graphs.neo4j_compat":0.6243958202612865},"legal_ir_target_count":8,"legal_ir_target_hashes":{"us-code-10-4983-8ae87b2b5a3ad6cf":"e0c2eca4cc7ac79da11a7eb2177956e76041c119493c4867e97a2d16591dbe78","us-code-22-2292f-7a8cf043c4980b14":"09ddd03e36064ec54646a810df1d5f2f3f70fa4aa9123c071fcdf9508302a2ec","us-code-22-277g-1967167bbc5fbd69":"de915ed7110125a063e9cbddc9ec06e159e1fdfccd9436f0cd3933b08c2cdfd7","us-code-37-901-f9970a6e5463d882":"304b935d0d92335afceff45b2b26a223c3226d3715d7f85dc9f51918dfd5166e","us-code-42-15501.-afce1d8e1b066af2":"5d77739b3a0de6f3128ad6a8d514e5379b9825e704b74adbf1a2e795b3b544e9","us-code-42-2678 to 2678d.-958e89145a8568a7":"853eec5ebb468282a77659a5f99a3b4f1019cb8d0dc8e219e55aba282dc494ae","us-code-49-20903.-e558ff5faf326691":"f5daedb1beb52ff73d504a5697202ca0d9239fe0564f9175aaabf55766ac80e8","us-code-7-3401-1801bc9df431fc14":"88bf9ed0524857c3872bce8e31e2f527c2fbdb5f7f07d77f47d06795f059ab8b"},"legal_ir_view_distribution":{"deontic.ir":0.43593325291184054,"knowledge_graphs.neo4j_compat":0.5640667470881595},"reconstruction_loss":0.49094117057986253,"sample_count":8,"symbolic_validity_penalty":0.0},"applied_count":0,"applied_updates":[],"autoencoder_claimed_count":0,"before":{"cosine_loss":0.8486988806721615,"cross_entropy_loss":1.1519175925978185,"decoded_embeddings":{"us-code-10-4983-8ae87b2b5a3ad6cf":[-0.22176253222398123,-0.3772347390578882,0.4233938755913311,0.049321618128513524,0.05249903710566447,0.16775912481381572,0.033746612582085,0.054229053177686164],"us-code-22-2292f-7a8cf043c4980b14":[0.2781807480185562,-0.281014363109883,-0.7964552562695796,-0.30922472739893725,-0.13685938258035069,-0.0729296603933493,0.35531713600824966,-0.2231616881516611],"us-code-22-277g-1967167bbc5fbd69":[0.5062484592963863,0.06629016984826214,-0.464249234839824,0.15924662400658068,0.20119064452156343,0.3810357074272763,0.7127843929776702,-0.21962347699271048],