{"final_evaluation":{"cosine_loss":1.2411059151948647,"cross_entropy_loss":0.014199540062269476,"decoded_embeddings":{"us-code-42-16928a.-51cc2f6b0ac5ca81":[-0.1454743774094831,-0.43116271144892365,0.29735129141096384,-0.2029520673125325,-0.08153382246081473,0.4360126276064529,0.07370764349927093,0.2352477926453714]},"embedding_cosine_similarity":-0.24110591519486463,"frame_ranking_loss":0.0,"legal_ir_losses":{},"legal_ir_predicted_view_distribution":{},"legal_ir_target_count":0,"legal_ir_target_hashes":{},"legal_ir_view_distribution":{},"reconstruction_loss":0.6707466667805547,"sample_count":1,"symbolic_validity_penalty":0.0},"steps":[{"after":{"cosine_loss":1.2411059151948647,"cross_entropy_loss":0.014199540062269476,"decoded_embeddings":{"us-code-42-16928a.-51cc2f6b0ac5ca81":[-0.1454743774094831,-0.43116271144892365,0.29735129141096384,-0.2029520673125325,-0.08153382246081473,0.4360126276064529,0.07370764349927093,0.2352477926453714]},"embedding_cosine_similarity":-0.24110591519486463,"frame_ranking_loss":0.0,"legal_ir_losses":{},"legal_ir_predicted_view_distribution":{},"legal_ir_target_count":0,"legal_ir_target_hashes":{},"legal_ir_view_distribution":{},"reconstruction_loss":0.6707466667805547,"sample_count":1,"symbolic_validity_penalty":0.0},"applied_count":0,"applied_updates":[],"autoencoder_claimed_count":0,"before":{"cosine_loss":1.2411059151948647,"cross_entropy_loss":0.014199540062269476,"decoded_embeddings":{"us-code-42-16928a.-51cc2f6b0ac5ca81":[-0.1454743774094831,-0.43116271144892365,0.29735129141096384,-0.2029520673125325,-0.08153382246081473,0.4360126276064529,0.07370764349927093,0.2352477926453714]},"embedding_cosine_similarity":-0.24110591519486463,"frame_ranking_loss":0.0,"legal_ir_losses":{},"legal_ir_predicted_view_distribution":{},"legal_ir_target_count":0,"legal_ir_target_hashes":{},"legal_ir_view_distribution":{},"reconstruction_loss":0.6707466667805547,"sample_count":1,"symbolic_validity_penalty":0.0},"bridge_loss_failure_count":0,"bridge_loss_sample_count":0,"bridge_loss_signal_count":0,"claimed_count":0,"claimed_open_count":0,"completed_count":0,"completed_todo_ids":[],"cosine_similarity_delta":0.0,"created_at":"2026-05-26T19:12:33+00:00","cross_entropy_delta":0.0,"failed_validation_count":0,"failed_validation_todo_ids":[],"improved":false,"iteration":1,"loss_seeded_count":0,"pending_count":0,"program_synthesis_deduped_count":0,"program_synthesis_pending_count":0,"program_synthesis_seeded_count":0,"seeded_count":0,"validation_after":{"cosine_loss":0.39191407642978326,"cross_entropy_loss":1.2333013326622897,"decoded_embeddings":{"us-code-16-5205-f0d3b9923aaa3165":[-0.30488762664648117,0.4732277696397107,-0.023816659191999552,-0.019959173239140954,0.11504229577002971,-0.42153712831297674,0.15686045337501142,-0.03626091056571756]},"embedding_cosine_similarity":0.6080859235702167,"frame_ranking_loss":0.0,"legal_ir_losses":{},"legal_ir_predicted_view_distribution":{},"legal_ir_target_count":0,"legal_ir_target_hashes":{},"legal_ir_view_distribution":{},"reconstruction_loss":0.07366028764989001,"sample_count":1,"symbolic_validity_penalty":0.0},"validation_before":{"cosine_loss":0.39191407642978326,"cross_entropy_loss":1.2333013326622897,"decoded_embeddings":{"us-code-16-5205-f0d3b9923aaa3165":[-0.30488762664648117,0.4732277696397107,-0.023816659191999552,-0.019959173239140954,0.11504229577002971,-0.42153712831297674,0.15686045337501142,-0.03626091056571756]},"embedding_cosine_similarity":0.6080859235702167,"frame_ranking_loss":0.0,"legal_ir_losses":{},"legal_ir_predicted_view_distribution":{},"legal_ir_target_count":0,"legal_ir_target_hashes":{},"legal_ir_view_distribution":{},"reconstruction_loss":0.07366028764989001,"sample_count":1,"symbolic_validity_penalty":0.0},"validation_cosine_similarity_delta":0.0,"validation_cross_entropy_delta":0.0,"worker_id":"random-uscode-daemon-detached"}],"stopped_reason":"no_claimed_todos","validation_final_evaluation":{"cosine_loss":0.39191407642978326,"cross_entropy_loss":1.2333013326622897,"decoded_embeddings":{"us-code-16-5205-f0d3b9923aaa3165":[-0.30488762664648117,0.4732277696397107,-0.023816659191999552,-0.019959173239140954,0.11504229577002971,-0.42153712831297674,0.15686045337501142,-0.03626091056571756]},"embedding_cosine_similarity":0.6080859235702167,"frame_ranking_loss":0.0,"legal_ir_losses":{},"legal_ir_predicted_view_distribution":{},"legal_ir_target_count":0,"legal_ir_target_hashes":{},"legal_ir_view_distribution":{},"reconstruction_loss":0.07366028764989001,"sample_count":1,"symbolic_validity_penalty":0.0}}
