{"final_evaluation":{"cosine_loss":1.1684828494564088,"cross_entropy_entropy_loss":1.3044368585215182,"cross_entropy_excess_loss":0.5465883287189256,"cross_entropy_loss":1.851025187240444,"decoded_embeddings":{"us-code-7-2241-579d572e41affd0d":[-0.08308144000000002,-0.30124262,-0.13030986,0.29382876,-0.23857498,-0.2714564,0.21484740000000002,0.09432678],"us-code-7-53-edad5160cbf5abce":[0.18813600785145362,-0.25719377462110227,0.15029002164342686,-0.17277456581112377,-0.05293153782735077,0.00655236750810595,0.05429688056804559,-0.25814043781412016]},"embedding_cosine_similarity":-0.16848284945640885,"frame_ranking_loss":0.0,"legal_ir_losses":{"legal_ir_multiview_acceptance_loss":0.0,"legal_ir_multiview_cosine_loss":0.18473962966962687,"legal_ir_multiview_cross_entropy_loss":0.6405596520454586,"legal_ir_multiview_frame_logic_missing_loss":0.0,"legal_ir_multiview_graph_failure_penalty":0.0,"legal_ir_multiview_proof_failure_ratio":0.0,"legal_ir_multiview_reconstruction_loss":0.046184913794708335,"legal_ir_multiview_text_reconstruction_loss":0.1515485,"legal_ir_multiview_total_loss":1.5356512939855005,"legal_ir_multiview_view_coverage_loss":0.0,"legal_ir_view_cross_entropy_excess_loss":0.0578220282020252,"legal_ir_view_cross_entropy_loss":1.379775631491623,"legal_ir_view_entropy_loss":1.3219536032895978,"legal_ir_view_family_cosine_gap_loss":0.05056269158814808,"legal_ir_view_family_cross_entropy_excess_loss":0.05782202820202531,"legal_ir_view_family_cross_entropy_loss":1.379775631491623,"legal_ir_view_family_deontic_cosine_gap_loss":0.027013175718971272,"legal_ir_view_family_deontic_cross_entropy_excess_loss":0.04005796354299945,"legal_ir_view_family_deontic_cross_entropy_loss":0.6992927347170866,"legal_ir_view_family_entropy_loss":1.3219536032895975,"legal_ir_view_family_frame_logic_cosine_gap_loss":3.409843924662148e-05,"legal_ir_view_family_frame_logic_cross_entropy_excess_loss":7.006364847117474e-05,"legal_ir_view_family_frame_logic_cross_entropy_loss":0.5647028656887023,"legal_ir_view_family_kg_cosine_gap_loss":0.009844454317292528,"legal_ir_view_family_kg_cross_entropy_excess_loss":0.03203337079000079,"legal_ir_view_family_kg_cross_entropy_loss":0.46165867501966923,"legal_ir_view_family_tdfol_cosine_gap_loss":0.0022579601162810436,"legal_ir_view_family_tdfol_cross_entropy_excess_loss":0.005418143017244831,"legal_ir_view_family_tdfol_cross_entropy_loss":0.5149794487778644},"legal_ir_predicted_view_distribution":{"TDFOL.prover":0.24868053302160117,"deontic.ir":0.25811776143358545,"knowledge_graphs.neo4j_compat":0.2434082807313915,"modal.frame_logic":0.2497934248134218},"legal_ir_target_count":2,"legal_ir_target_hashes":{"us-code-7-2241-579d572e41affd0d":"21c628e93ce16ff4c4bcb4fe3fde3649d602253a7598c95402cf330f6eb9a068","us-code-7-53-edad5160cbf5abce":"881e74a7ea83b7128708219411115a1ef9da6fff997cf915154c754ae3c6a180"},"legal_ir_view_distribution":{"TDFOL.prover":0.20716561237879427,"deontic.ir":0.3795582669063934,"knowledge_graphs.neo4j_compat":0.16112319138105885,"modal.frame_logic":0.25215292933375344},"reconstruction_loss":0.3772823967930907,"sample_count":2,"symbolic_validity_penalty":0.0},"steps":[{"after":{"cosine_loss":1.1684828494564088,"cross_entropy_entropy_loss":1.3044368585215182,"cross_entropy_excess_loss":0.5465883287189256,"cross_entropy_loss":1.851025187240444,"decoded_embeddings":{"us-code-7-2241-579d572e41affd0d":[-0.08308144000000002,-0.30124262,-0.13030986,0.29382876,-0.23857498,-0.2714564,0.21484740000000002,0.09432678],"us-code-7-53-edad5160cbf5abce":[0.18813600785145362,-0.25719377462110227,0.15029002164342686,-0.17277456581112377,-0.05293153782735077,0.00655236750810595,0.05429688056804559,-0.25814043781412016]},"embedding_cosine_similarity":-0.16848284945640885,"frame_ranking_loss":0.0,"legal_ir_losses":{"legal_ir_multiview_acceptance_loss":0.0,"legal_ir_multiview_cosine_loss":0.18473962966962687,"legal_ir_multiview_cross_entropy_loss":0.6405596520454586,"legal_ir_multiview_frame_logic_missing_loss":0.0,"legal_ir_multiview_graph_failure_penalty":0.0,"legal_ir_multiview_proof_failure_ratio":0.0,"legal_ir_multiview_reconstruction_loss":0.046184913794708335,"legal_ir_multiview_text_reconstruction_loss":0.1515485,"legal_ir_multiview_total_loss":1.5356512939855005,"legal_ir_multiview_view_coverage_loss":0.0,"legal_ir_view_cross_entropy_excess_loss":0.0578220282020252,"legal_ir_view_cross_entropy_loss":1.379775631491623,"legal_ir_view_entropy_loss":1.3219536032895978,"legal_ir_view_family_cosine_gap_loss":0.05056269158814808,"legal_ir_view_family_cross_entropy_excess_loss":0.05782202820202531,"legal_ir_view_family_cross_entropy_loss":1.379775631491623,"legal_ir_view_family_deontic_cosine_gap_loss":0.027013175718971272,"legal_ir_view_family_deontic_cross_entropy_excess_loss":0.04005796354299945,"legal_ir_view_family_deontic_cross_entropy_loss":0.6992927347170866,"legal_ir_view_family_entropy_loss":1.3219536032895975,"legal_ir_view_family_frame_logic_cosine_gap_loss":3.409843924662148e-05,"legal_ir_view_family_frame_logic_cross_entropy_excess_loss":7.006364847117474e-05,"legal_ir_view_family_frame_logic_cross_entropy_loss":0.5647028656887023,"legal_ir_view_family_kg_cosine_gap_loss":0.009844454317292528,"legal_ir_view_family_kg_cross_entropy_excess_loss":0.03203337079000079,"legal_ir_view_family_kg_cross_entropy_loss":0.46165867501966923,"legal_ir_view_family_tdfol_cosine_gap_loss":0.0022579601162810436,"legal_ir_view_family_tdfol_cross_entropy_excess_loss":0.005418143017244831,"legal_ir_view_family_tdfol_cross_entropy_loss":0.5149794487778644},"legal_ir_predicted_view_distribution":{"TDFOL.prover":0.24868053302160117,"deontic.ir":0.25811776143358545,"knowledge_graphs.neo4j_compat":0.2434082807313915,"modal.frame_logic":0.2497934248134218},"legal_ir_target_count":2,"legal_ir_target_hashes":{"us-code-7-2241-579d572e41affd0d":"21c628e93ce16ff4c4bcb4fe3fde3649d602253a7598c95402cf330f6eb9a068","us-code-7-53-edad5160cbf5abce":"881e74a7ea83b7128708219411115a1ef9da6fff997cf915154c754ae3c6a180"},"legal_ir_view_distribution":{"TDFOL.prover":0.20716561237879427,"deontic.ir":0.3795582669063934,"knowledge_graphs.neo4j_compat":0.16112319138105885,"modal.frame_logic":0.25215292933375344},"reconstruction_loss":0.3772823967930907,"sample_count":2,"symbolic_validity_penalty":0.0},"applied_count":2,"applied_updates":[{"action":"improve_encoder_decoder_reconstruction","changed":["decoded_embedding"],"sample_ids":["us-code-20-60-1c3a4425cd4b1dba","us-code-7-2241-579d572e41affd0d","us-code-7-53-edad5160cbf5abce"],"todo_id":"5b48ce04fd78aa39"},{"action":"improve_legal_ir_view_distribution","changed":[],"sample_ids":["us-code-18-1347-6d6ffd607fafec85"],"todo_id":"45546cc1d1102a5f"}],"autoencoder_claimed_count":2,"before":{"cosine_loss":1.6729226577268514,"cross_entropy_entropy_loss":1.3044368585215182,"cross_entropy_excess_loss":0.5465883287189256,"cross_entropy_loss":1.851025187240444,"decoded_embeddings":{"us-code-7-2241-579d572e41affd0d":[0.089986,-0.131427,0.002072,0.229849,-0.507799,-0.662018,0.473758,0.034929],"us-code-7-53-edad5160cbf5abce":[0.128939,-0.240331,0.308349,-0.546314,-0.370453,-0.104689,0.20366,-0.585154]},"embedding_cosine_similarity":-0.6729226577268512,"frame_ranking_loss":0.0,"legal_ir_losses":{"legal_ir_multiview_acceptance_loss":0.0,"legal_ir_multiview_cosine_loss":0.18473962966962687,"legal_ir_multiview_cross_entropy_loss":0.6405596520454586,"legal_ir_multiview_frame_logic_missing_loss":0.0,"legal_ir_multiview_graph_failure_penalty":0.0,"legal_ir_multiview_proof_failure_ratio":0.0,"legal_ir_multiview_reconstruction_loss":0.046184913794708335,"legal_ir_multiview_text_reconstruction_loss":0.1515485,"legal_ir_multiview_total_loss":1.5356512939855005,"legal_ir_multiview_view_coverage_loss":0.0,"legal_ir_view_cross_entropy_excess_loss":0.0578220282020252,"legal_ir_view_cross_entropy_loss":1.379775631491623,"legal_ir_view_entropy_loss":1.3219536032895978,"legal_ir_view_family_cosine_gap_loss":0.05056269158814808,