{"final_evaluation":{"cosine_loss":1.0724824825204613,"cross_entropy_loss":1.4314026226209808,"decoded_embeddings":{"us-code-16-4414-c4c8c06ef861851b":[-0.4853557943637289,0.11770680408205118,-0.029653784230111405,0.18610717472862262,1.0671310634860356,0.21662336890013648,-0.03511810744197995,-0.11248878331051333],"us-code-22-216-ee19fedb04e55e4a":[0.18315594392029955,0.08342166415719529,-0.21719828061383126,0.06015660386819205,0.0460002995605757,0.007010346524351488,0.5347653968454289,-0.16131004038003596],"us-code-29-2821-c986a4e81b180418":[0.23370841441769763,-0.2640924480784476,-0.01118485257413865,-0.13867531014873513,-0.08877514047517644,0.48004886557646315,0.18493735838461944,-0.08573695316212504],"us-code-42-16236.-6769fa1882c09b43":[-0.09961907808470054,0.29360910027719594,0.0014124505146567278,0.2268332402322988,0.4270209703225239,0.6290560705668067,-0.5979669657788935,0.07199370539887723],"us-code-42-254c-2d7f03090e2693ce":[-0.6635720130452339,-0.0653150829488133,0.0160434529433177,-0.08898635446473596,0.40073042678443105,0.13175184255958916,-0.6272017278336882,0.07339003607653032],"us-code-42-300w-4022e09784828cce":[-0.044469359126610236,-0.0824626034409556,0.021492540874021,0.08732281095869818,0.012835621306956346,-0.11811559381779396,0.08060934750596527,-0.6636794048199496],"us-code-43-615kkkk to 615kkkk-aba475b2db44c16d":[-0.17849581707591541,-0.637093936657577,-0.774780224402481,0.2816736807129873,0.2812406098166372,0.1406789086013145,-0.09940842306196081,0.21252930057069275],"us-code-44-719.-d3ca39da574b22be":[-0.21168330802659754,0.37604077516738865,0.12804916814742615,0.7174763033802469,0.26158693251595044,0.08640496722204283,-0.23877277269454153,0.16131035385172643]},"embedding_cosine_similarity":-0.07248248252046138,"frame_ranking_loss":0.0,"legal_ir_losses":{"legal_ir_multiview_acceptance_loss":0.0,"legal_ir_multiview_cosine_loss":0.25462388110017115,"legal_ir_multiview_cross_entropy_loss":0.9624130020528492,"legal_ir_multiview_frame_logic_missing_loss":0.0,"legal_ir_multiview_graph_failure_penalty":0.0,"legal_ir_multiview_proof_failure_ratio":0.0,"legal_ir_multiview_reconstruction_loss":0.06365596415074219,"legal_ir_multiview_text_reconstruction_loss":0.0,"legal_ir_multiview_total_loss":1.7605065257412624,"legal_ir_multiview_view_coverage_loss":0.0,"legal_ir_view_cross_entropy_loss":0.7633592907995256},"legal_ir_predicted_view_distribution":{"deontic.ir":0.37325211798763336,"knowledge_graphs.neo4j_compat":0.6267478820123666},"legal_ir_target_count":8,"legal_ir_target_hashes":{"us-code-16-4414-c4c8c06ef861851b":"9be286d8047c3d41d751f1f75b5140445fcbe00200bc2cc461d129d01636def0","us-code-22-216-ee19fedb04e55e4a":"3388f561d892d9d81a8d154ea737f3cada46e225a307a2d5e5c21ce55a1afd01","us-code-29-2821-c986a4e81b180418":"b2dd1b8bf7efe4fff2e1d0e9939cfb6a0397a306875f8506b67a09c3b2762614","us-code-42-16236.-6769fa1882c09b43":"5c3ce6466c20e593a73a7f2841e883189601a2019993753a52a50eb4b8780da2","us-code-42-254c-2d7f03090e2693ce":"251d0933aae43486228f73bce45eef949cf888be01ae314915d0d1e4713b74b7","us-code-42-300w-4022e09784828cce":"447e80f063924581de89b06a01f507380c50c0d5637ec9af17e0257f1d12c45c","us-code-43-615kkkk to 615kkkk-aba475b2db44c16d":"a799c290e810998d1c548f1d34430a1b8fa7389624e59e17676af4792785c9f3","us-code-44-719.-d3ca39da574b22be":"bc1f6330cf26157675db97e3b89964dc213f0c28dad5159f66d6f3342401108a"},"legal_ir_view_distribution":{"deontic.ir":0.5709499745115061,"knowledge_graphs.neo4j_compat":0.42905002548849386},"reconstruction_loss":0.48956431915978377,"sample_count":8,"symbolic_validity_penalty":0.0},"steps":[{"after":{"cosine_loss":1.0724824825204613,"cross_entropy_loss":1.4314026226209808,"decoded_embeddings":{"us-code-16-4414-c4c8c06ef861851b":[-0.4853557943637289,0.11770680408205118,-0.029653784230111405,0.18610717472862262,1.0671310634860356,0.21662336890013648,-0.03511810744197995,-0.11248878331051333],"us-code-22-216-ee19fedb04e55e4a":[0.18315594392029955,0.08342166415719529,-0.21719828061383126,0.06015660386819205,0.0460002995605757,0.007010346524351488,0.5347653968454289,-0.16131004038003596],"us-code-29-2821-c986a4e81b180418":[0.23370841441769763,-0.2640924480784476,-0.01118485257413865,-0.13867531014873513,-0.08877514047517644,0.48004886557646315,0.18493735838461944,-0.08573695316212504],"us-code-42-16236.-6769fa1882c09b43":[-0.09961907808470054,0.29360910027719594,0.0014124505146567278,0.2268332402322988,0.4270209703225239,0.6290560705668067,-0.5979669657788935,0.07199370539887723],"us-code-42-254c-2d7f03090e2693ce":[-0.6635720130452339,-0.0653150829488133,0.0160434529433177,-0.08898635446473596,0.40073042678443105,0.13175184255958916,-0.6272017278336882,0.07339003607653032],"us-code-42-300w-4022e09784828cce":[-0.044469359126610236,-0.0824626034409556,0.021492540874021,0.08732281095869818,0.012835621306956346,-0.11811559381779396,0.08060934750596527,-0.6636794048199496],"us-code-43-615kkkk to 615kkkk-aba475b2db44c16d":[-0.17849581707591541,-0.637093936657577,-0.774780224402481,0.2816736807129873,0.2812406098166372,0.1406789086013145,-0.09940842306196081,0.21252930057069275],"us-code-44-719.-d3ca39da574b22be":[-0.21168330802659754,0.37604077516738865,0.12804916814742615,0.7174763033802469,0.26158693251595044,0.08640496722204283,-0.23877277269454153,0.16131035385172643]},"embedding_cosine_similarity":-0.07248248252046138,"frame_ranking_loss":0.0,"legal_ir_losses":{"legal_ir_multiview_acceptance_loss":0.0,"legal_ir_multiview_cosine_loss":0.25462388110017115,"legal_ir_multiview_cross_entropy_loss":0.9624130020528492,"legal_ir_multiview_frame_logic_missing_loss":0.0,"legal_ir_multiview_graph_failure_penalty":0.0,"legal_ir_multiview_proof_failure_ratio":0.0,"legal_ir_multiview_reconstruction_loss":0.06365596415074219,"legal_ir_multiview_text_reconstruction_loss":0.0,"legal_ir_multiview_total_loss":1.7605065257412624,"legal_ir_multiview_view_coverage_loss":0.0,"legal_ir_view_cross_entropy_loss":0.7633592907995256},"legal_ir_predicted_view_distribution":{"deontic.ir":0.37325211798763336,"knowledge_graphs.neo4j_compat":0.6267478820123666},"legal_ir_target_count":8,"legal_ir_target_hashes":{"us-code-16-4414-c4c8c06ef861851b":"9be286d8047c3d41d751f1f75b5140445fcbe00200bc2cc461d129d01636def0","us-code-22-216-ee19fedb04e55e4a":"3388f561d892d9d81a8d154ea737f3cada46e225a307a2d5e5c21ce55a1afd01","us-code-29-2821-c986a4e81b180418":"b2dd1b8bf7efe4fff2e1d0e9939cfb6a0397a306875f8506b67a09c3b2762614","us-code-42-16236.-6769fa1882c09b43":"5c3ce6466c20e593a73a7f2841e883189601a2019993753a52a50eb4b8780da2","us-code-42-254c-2d7f03090e2693ce":"251d0933aae43486228f73bce45eef949cf888be01ae314915d0d1e4713b74b7","us-code-42-300w-4022e09784828cce":"447e80f063924581de89b06a01f507380c50c0d5637ec9af17e0257f1d12c45c","us-code-43-615kkkk to 615kkkk-aba475b2db44c16d":"a799c290e810998d1c548f1d34430a1b8fa7389624e59e17676af4792785c9f3","us-code-44-719.-d3ca39da574b22be":"bc1f6330cf26157675db97e3b89964dc213f0c28dad5159f66d6f3342401108a"},"legal_ir_view_distribution":{"deontic.ir":0.5709499745115061,"knowledge_graphs.neo4j_compat":0.42905002548849386},"reconstruction_loss":0.48956431915978377,"sample_count":8,"symbolic_validity_penalty":0.0},"applied_count":0,"applied_updates":[],"autoencoder_claimed_count":0,"before":{"cosine_loss":1.0724824825204613,"cross_entropy_loss":1.4314026226209808,"decoded_embeddings":{"us-code-16-4414-c4c8c06ef861851b":[-0.4853557943637289,0.11770680408205118,-0.029653784230111405,0.18610717472862262,1.0671310634860356,0.21662336890013648,-0.03511810744197995,-0.11248878331051333],"us-code-22-216-ee19fedb04e55e4a":[0.18315594392029955,0.08342166415719529,-0.21719828061383126,0.06015660386819205,0.0460002995605757,0.007010346524351488,0.5347653968454289,-0.16131004038003596],"us-code-29-2821-c986a4e81b180418":[0.23370841441769763,-0.2640924480784476,-0.01118485257413865,-0.13867531014873513,-0.08877514047517644,0.48004886557646315,0.18493735838461944,-0.08573695316212504],