{"final_evaluation":{"cosine_loss":0.7361366781519447,"cross_entropy_loss":0.26873659004875,"decoded_embeddings":{"us-code-42-6211.-1fa959f267a4699c":[0.018305967338602614,-0.8058780578369232,-0.054002650974074154,-0.058581209492441874,-0.5118330915884564,0.4087562998973396,-0.4197280448176745,-0.1820209835514721]},"embedding_cosine_similarity":0.2638633218480553,"frame_ranking_loss":0.0,"legal_ir_losses":{},"legal_ir_predicted_view_distribution":{},"legal_ir_target_count":0,"legal_ir_target_hashes":{},"legal_ir_view_distribution":{},"reconstruction_loss":0.22061046204209397,"sample_count":1,"symbolic_validity_penalty":0.0},"steps":[{"after":{"cosine_loss":0.7361366781519447,"cross_entropy_loss":0.26873659004875,"decoded_embeddings":{"us-code-42-6211.-1fa959f267a4699c":[0.018305967338602614,-0.8058780578369232,-0.054002650974074154,-0.058581209492441874,-0.5118330915884564,0.4087562998973396,-0.4197280448176745,-0.1820209835514721]},"embedding_cosine_similarity":0.2638633218480553,"frame_ranking_loss":0.0,"legal_ir_losses":{},"legal_ir_predicted_view_distribution":{},"legal_ir_target_count":0,"legal_ir_target_hashes":{},"legal_ir_view_distribution":{},"reconstruction_loss":0.22061046204209397,"sample_count":1,"symbolic_validity_penalty":0.0},"applied_count":0,"applied_updates":[],"autoencoder_claimed_count":0,"before":{"cosine_loss":0.7361366781519447,"cross_entropy_loss":0.26873659004875,"decoded_embeddings":{"us-code-42-6211.-1fa959f267a4699c":[0.018305967338602614,-0.8058780578369232,-0.054002650974074154,-0.058581209492441874,-0.5118330915884564,0.4087562998973396,-0.4197280448176745,-0.1820209835514721]},"embedding_cosine_similarity":0.2638633218480553,"frame_ranking_loss":0.0,"legal_ir_losses":{},"legal_ir_predicted_view_distribution":{},"legal_ir_target_count":0,"legal_ir_target_hashes":{},"legal_ir_view_distribution":{},"reconstruction_loss":0.22061046204209397,"sample_count":1,"symbolic_validity_penalty":0.0},"bridge_loss_failure_count":0,"bridge_loss_sample_count":0,"bridge_loss_signal_count":0,"claimed_count":0,"claimed_open_count":0,"completed_count":0,"completed_todo_ids":[],"cosine_similarity_delta":0.0,"created_at":"2026-05-26T19:12:06+00:00","cross_entropy_delta":0.0,"failed_validation_count":0,"failed_validation_todo_ids":[],"improved":false,"iteration":1,"loss_seeded_count":0,"pending_count":0,"program_synthesis_deduped_count":0,"program_synthesis_pending_count":0,"program_synthesis_seeded_count":0,"seeded_count":0,"validation_after":{"cosine_loss":1.28319857271267,"cross_entropy_loss":1.3589950702995155,"decoded_embeddings":{"us-code-2-2281-ccc705983d9ab94d":[-0.22619233539501943,0.055781431106802275,-0.2787191945148087,0.1340063917845569,0.09852826909155485,-0.04668098192050129,0.4845656593089459,-0.22220154068439987]},"embedding_cosine_similarity":-0.28319857271267,"frame_ranking_loss":0.0,"legal_ir_losses":{},"legal_ir_predicted_view_distribution":{},"legal_ir_target_count":0,"legal_ir_target_hashes":{},"legal_ir_view_distribution":{},"reconstruction_loss":0.47334202131395253,"sample_count":1,"symbolic_validity_penalty":0.0},"validation_before":{"cosine_loss":1.28319857271267,"cross_entropy_loss":1.3589950702995155,"decoded_embeddings":{"us-code-2-2281-ccc705983d9ab94d":[-0.22619233539501943,0.055781431106802275,-0.2787191945148087,0.1340063917845569,0.09852826909155485,-0.04668098192050129,0.4845656593089459,-0.22220154068439987]},"embedding_cosine_similarity":-0.28319857271267,"frame_ranking_loss":0.0,"legal_ir_losses":{},"legal_ir_predicted_view_distribution":{},"legal_ir_target_count":0,"legal_ir_target_hashes":{},"legal_ir_view_distribution":{},"reconstruction_loss":0.47334202131395253,"sample_count":1,"symbolic_validity_penalty":0.0},"validation_cosine_similarity_delta":0.0,"validation_cross_entropy_delta":0.0,"worker_id":"random-uscode-daemon-detached"}],"stopped_reason":"no_claimed_todos","validation_final_evaluation":{"cosine_loss":1.28319857271267,"cross_entropy_loss":1.3589950702995155,"decoded_embeddings":{"us-code-2-2281-ccc705983d9ab94d":[-0.22619233539501943,0.055781431106802275,-0.2787191945148087,0.1340063917845569,0.09852826909155485,-0.04668098192050129,0.4845656593089459,-0.22220154068439987]},"embedding_cosine_similarity":-0.28319857271267,"frame_ranking_loss":0.0,"legal_ir_losses":{},"legal_ir_predicted_view_distribution":{},"legal_ir_target_count":0,"legal_ir_target_hashes":{},"legal_ir_view_distribution":{},"reconstruction_loss":0.47334202131395253,"sample_count":1,"symbolic_validity_penalty":0.0}}
