{"final_evaluation":{"cosine_loss":0.9452753489807796,"cross_entropy_loss":1.3480028728771973,"decoded_embeddings":{"us-code-10-2277-ba1088da08f86e03":[-0.3845109362534543,-0.12697594846095758,-0.32310376292494103,-0.30368846028814284,0.14508606275515773,0.183529077297967,-0.24763210894649246,-0.5560303282467162],"us-code-15-1121a-255eaa3dbc494850":[-0.16079883068364462,-0.39563627431193504,0.3467215432398415,0.015553854137231236,0.006202498581685011,0.16306545277330176,-0.043805820974049406,-0.12411712686715541],"us-code-19-1446-837bd16ad3754236":[-0.1967186787499753,0.25454164038129395,0.1857436218158656,0.41033375150528045,-0.08066316896897958,0.11391203941753066,0.2574255225114239,-0.0838978659838095],"us-code-20-8401-f6cd336886d14ba0":[0.025977875900901462,-0.4279756432510016,-0.15906206227098552,0.007520547094375979,-0.29299450720125164,0.25091201685423076,-0.049389136210023214,-0.5377155630899436],"us-code-25-1778g-1ee6ad48231885f6":[0.03634131775962246,0.4566508184680237,0.3750837008737688,0.32952627283318264,-0.0835340435741231,0.6229117507252677,0.0960675192264105,0.0044277005707984065],"us-code-42-1320c-b937d2e3ee7074f2":[0.025406584359420236,-0.3202106472035385,0.05761717520960192,0.5297035858424066,-0.30675246985110644,0.4171915857107763,0.13021058921518544,-0.0058022520501454],"us-code-42-300c-0e3e024505235a1d":[0.04981003460438971,-0.526088590820402,0.1305566153148188,-0.04962581310399141,-0.31789871809331977,0.2625632656595225,0.20677050651662612,-0.2677551109333577],"us-code-47-621.-adfbc4a6dad77ba4":[-0.6390551138279816,0.08088131218409537,0.05458456418154237,-0.30627875070507027,0.021957976628917696,0.1727545680851662,0.21431049505101724,-0.15290921588454015]},"embedding_cosine_similarity":0.05472465101922044,"frame_ranking_loss":0.0,"legal_ir_losses":{"legal_ir_multiview_acceptance_loss":0.0,"legal_ir_multiview_cosine_loss":0.3502046745107313,"legal_ir_multiview_cross_entropy_loss":1.03135160373078,"legal_ir_multiview_frame_logic_missing_loss":0.0,"legal_ir_multiview_graph_failure_penalty":0.0,"legal_ir_multiview_proof_failure_ratio":0.0,"legal_ir_multiview_reconstruction_loss":0.08755115240614844,"legal_ir_multiview_text_reconstruction_loss":0.0,"legal_ir_multiview_total_loss":1.91062785827266,"legal_ir_multiview_view_coverage_loss":0.0,"legal_ir_view_cross_entropy_loss":0.7232689613207898},"legal_ir_predicted_view_distribution":{"deontic.ir":0.4263388708934502,"knowledge_graphs.neo4j_compat":0.5736611291065499},"legal_ir_target_count":8,"legal_ir_target_hashes":{"us-code-10-2277-ba1088da08f86e03":"ac9b84ec54e024d3a3be88a91f1ffc01c989a1ce49d347c8309a2329f18e39d2","us-code-15-1121a-255eaa3dbc494850":"736dd2dc3e4725ef7156e26a07e36e4f5699eb2fd696ada1bf392e05e35904b1","us-code-19-1446-837bd16ad3754236":"8ca7164c188cdedcff652105417244a00d9d75c7114ce7e7e2b99ade174447b3","us-code-20-8401-f6cd336886d14ba0":"38cb307944c8ad12fde1a1aae44989fefb95040c3557ca67ee67ee4386f4bf83","us-code-25-1778g-1ee6ad48231885f6":"1068d1d8e6bc9cd5a3f69a80340990f0f7aabad48b3f04d42e3b4d9226da7a8d","us-code-42-1320c-b937d2e3ee7074f2":"662b1b267556e1185e6acd4441d3c942fbfab0cc9a7115e312d9085ccc46ccfe","us-code-42-300c-0e3e024505235a1d":"7ff3ca8efbb218ec58902a475a07777c7b006e26e9b7ab0d0d0493d1b0688004","us-code-47-621.-adfbc4a6dad77ba4":"b319a4d1a026485c1f94dd5c4085b0c324e35358f26413ab834ebe920e39554d"},"legal_ir_view_distribution":{"deontic.ir":0.565889737535606,"knowledge_graphs.neo4j_compat":0.434110262464394},"reconstruction_loss":0.38769099834271953,"sample_count":8,"symbolic_validity_penalty":0.0},"steps":[{"after":{"cosine_loss":0.9452753489807796,"cross_entropy_loss":1.3480028728771973,"decoded_embeddings":{"us-code-10-2277-ba1088da08f86e03":[-0.3845109362534543,-0.12697594846095758,-0.32310376292494103,-0.30368846028814284,0.14508606275515773,0.183529077297967,-0.24763210894649246,-0.5560303282467162],"us-code-15-1121a-255eaa3dbc494850":[-0.16079883068364462,-0.39563627431193504,0.3467215432398415,0.015553854137231236,0.006202498581685011,0.16306545277330176,-0.043805820974049406,-0.12411712686715541],"us-code-19-1446-837bd16ad3754236":[-0.1967186787499753,0.25454164038129395,0.1857436218158656,0.41033375150528045,-0.08066316896897958,0.11391203941753066,0.2574255225114239,-0.0838978659838095],"us-code-20-8401-f6cd336886d14ba0":[0.025977875900901462,-0.4279756432510016,-0.15906206227098552,0.007520547094375979,-0.29299450720125164,0.25091201685423076,-0.049389136210023214,-0.5377155630899436],"us-code-25-1778g-1ee6ad48231885f6":[0.03634131775962246,0.4566508184680237,0.3750837008737688,0.32952627283318264,-0.0835340435741231,0.6229117507252677,0.0960675192264105,0.0044277005707984065],"us-code-42-1320c-b937d2e3ee7074f2":[0.025406584359420236,-0.3202106472035385,0.05761717520960192,0.5297035858424066,-0.30675246985110644,0.4171915857107763,0.13021058921518544,-0.0058022520501454],"us-code-42-300c-0e3e024505235a1d":[0.04981003460438971,-0.526088590820402,0.1305566153148188,-0.04962581310399141,-0.31789871809331977,0.2625632656595225,0.20677050651662612,-0.2677551109333577],"us-code-47-621.-adfbc4a6dad77ba4":[-0.6390551138279816,0.08088131218409537,0.05458456418154237,-0.30627875070507027,0.021957976628917696,0.1727545680851662,0.21431049505101724,-0.15290921588454015]},"embedding_cosine_similarity":0.05472465101922044,"frame_ranking_loss":0.0,"legal_ir_losses":{"legal_ir_multiview_acceptance_loss":0.0,"legal_ir_multiview_cosine_loss":0.3502046745107313,"legal_ir_multiview_cross_entropy_loss":1.03135160373078,"legal_ir_multiview_frame_logic_missing_loss":0.0,"legal_ir_multiview_graph_failure_penalty":0.0,"legal_ir_multiview_proof_failure_ratio":0.0,"legal_ir_multiview_reconstruction_loss":0.08755115240614844,"legal_ir_multiview_text_reconstruction_loss":0.0,"legal_ir_multiview_total_loss":1.91062785827266,"legal_ir_multiview_view_coverage_loss":0.0,"legal_ir_view_cross_entropy_loss":0.7232689613207898},"legal_ir_predicted_view_distribution":{"deontic.ir":0.4263388708934502,"knowledge_graphs.neo4j_compat":0.5736611291065499},"legal_ir_target_count":8,"legal_ir_target_hashes":{"us-code-10-2277-ba1088da08f86e03":"ac9b84ec54e024d3a3be88a91f1ffc01c989a1ce49d347c8309a2329f18e39d2","us-code-15-1121a-255eaa3dbc494850":"736dd2dc3e4725ef7156e26a07e36e4f5699eb2fd696ada1bf392e05e35904b1","us-code-19-1446-837bd16ad3754236":"8ca7164c188cdedcff652105417244a00d9d75c7114ce7e7e2b99ade174447b3","us-code-20-8401-f6cd336886d14ba0":"38cb307944c8ad12fde1a1aae44989fefb95040c3557ca67ee67ee4386f4bf83","us-code-25-1778g-1ee6ad48231885f6":"1068d1d8e6bc9cd5a3f69a80340990f0f7aabad48b3f04d42e3b4d9226da7a8d","us-code-42-1320c-b937d2e3ee7074f2":"662b1b267556e1185e6acd4441d3c942fbfab0cc9a7115e312d9085ccc46ccfe","us-code-42-300c-0e3e024505235a1d":"7ff3ca8efbb218ec58902a475a07777c7b006e26e9b7ab0d0d0493d1b0688004","us-code-47-621.-adfbc4a6dad77ba4":"b319a4d1a026485c1f94dd5c4085b0c324e35358f26413ab834ebe920e39554d"},"legal_ir_view_distribution":{"deontic.ir":0.565889737535606,"knowledge_graphs.neo4j_compat":0.434110262464394},"reconstruction_loss":0.38769099834271953,"sample_count":8,"symbolic_validity_penalty":0.0},"applied_count":0,"applied_updates":[],"autoencoder_claimed_count":0,"before":{"cosine_loss":0.9452753489807796,"cross_entropy_loss":1.3480028728771973,"decoded_embeddings":{"us-code-10-2277-ba1088da08f86e03":[-0.3845109362534543,-0.12697594846095758,-0.32310376292494103,-0.30368846028814284,0.14508606275515773,0.183529077297967,-0.24763210894649246,-0.5560303282467162],"us-code-15-1121a-255eaa3dbc494850":[-0.16079883068364462,-0.39563627431193504,0.3467215432398415,0.015553854137231236,0.006202498581685011,0.16306545277330176,-0.043805820974049406,-0.12411712686715541],"us-code-19-1446-837bd16ad3754236":[-0.1967186787499753,0.25454164038129395,0.1857436218158656,0.41033375150528045,-0.08066316896897958,0.11391203941753066,0.2574255225114239,-0.0838978659838095],