{"final_evaluation":{"cosine_loss":1.2628102635198937,"cross_entropy_loss":1.426991060074225,"decoded_embeddings":{"us-code-22-1291-bf8bd2a283db7980":[0.13115815923560917,0.4720421956184666,0.015388433576829756,0.30449196684881163,-0.07801595112408533,-0.35559806274806527,-0.0926796493750958,-0.5848186172366341],"us-code-22-2661-e9c73466d093781c":[0.2606370342052105,0.38041074553467985,0.24627799681718598,0.46050928546153774,-0.5533366564857426,-0.02997531072808053,-0.17599208562605634,-0.3372612210105993],"us-code-30-1241-a2da208938f82503":[0.19290107725838873,-0.391688680367296,-0.3104866722648133,0.43506287038227526,0.22747639523910212,0.30338797711151405,0.029103628525295876,-0.23040094057729243],"us-code-42-13335.-2fbf0cbcd39a479f":[-0.24040461139001135,0.6450845415883709,-0.1925721953132459,0.0579671750924477,0.338318028826098,0.5741399258239464,0.18853706652640584,0.2946830343775828]},"embedding_cosine_similarity":-0.26281026351989367,"frame_ranking_loss":0.0,"legal_ir_losses":{"legal_ir_multiview_acceptance_loss":0.0,"legal_ir_multiview_cosine_loss":0.44217536973886984,"legal_ir_multiview_cross_entropy_loss":0.9199781594202906,"legal_ir_multiview_frame_logic_missing_loss":0.0,"legal_ir_multiview_graph_failure_penalty":0.0,"legal_ir_multiview_proof_failure_ratio":0.0,"legal_ir_multiview_reconstruction_loss":0.18315009375489064,"legal_ir_multiview_text_reconstruction_loss":0.0,"legal_ir_multiview_total_loss":1.983192097914051,"legal_ir_multiview_view_coverage_loss":0.0,"legal_ir_view_cross_entropy_loss":0.4660738715938593},"legal_ir_predicted_view_distribution":{"deontic.ir":0.7505795510874056,"knowledge_graphs.neo4j_compat":0.24942044891259446},"legal_ir_target_count":4,"legal_ir_target_hashes":{"us-code-22-1291-bf8bd2a283db7980":"c6c344aac8d12d7543240c8cef337b90073252dc0d714de45e8e93ef250d3bdd","us-code-22-2661-e9c73466d093781c":"25e923f827cc2b78725b897e80d2398e152e3c860c6828c2aa883a37ce51baf9","us-code-30-1241-a2da208938f82503":"d753d97efab28ca6ea635d8e6e85243357326b3cfbec5ad2d4973dea0d16780f","us-code-42-13335.-2fbf0cbcd39a479f":"57b51d23b524247009b424b61b14a28045b80a1278c316a307b4ac6d89f31d2b"},"legal_ir_view_distribution":{"deontic.ir":0.8373170403661735,"knowledge_graphs.neo4j_compat":0.1626829596338266},"reconstruction_loss":0.4864089606144718,"sample_count":4,"symbolic_validity_penalty":0.0},"steps":[{"after":{"cosine_loss":1.2628102635198937,"cross_entropy_loss":1.426991060074225,"decoded_embeddings":{"us-code-22-1291-bf8bd2a283db7980":[0.13115815923560917,0.4720421956184666,0.015388433576829756,0.30449196684881163,-0.07801595112408533,-0.35559806274806527,-0.0926796493750958,-0.5848186172366341],"us-code-22-2661-e9c73466d093781c":[0.2606370342052105,0.38041074553467985,0.24627799681718598,0.46050928546153774,-0.5533366564857426,-0.02997531072808053,-0.17599208562605634,-0.3372612210105993],"us-code-30-1241-a2da208938f82503":[0.19290107725838873,-0.391688680367296,-0.3104866722648133,0.43506287038227526,0.22747639523910212,0.30338797711151405,0.029103628525295876,-0.23040094057729243],"us-code-42-13335.-2fbf0cbcd39a479f":[-0.24040461139001135,0.6450845415883709,-0.1925721953132459,0.0579671750924477,0.338318028826098,0.5741399258239464,0.18853706652640584,0.2946830343775828]},"embedding_cosine_similarity":-0.26281026351989367,"frame_ranking_loss":0.0,"legal_ir_losses":{"legal_ir_multiview_acceptance_loss":0.0,"legal_ir_multiview_cosine_loss":0.44217536973886984,"legal_ir_multiview_cross_entropy_loss":0.9199781594202906,"legal_ir_multiview_frame_logic_missing_loss":0.0,"legal_ir_multiview_graph_failure_penalty":0.0,"legal_ir_multiview_proof_failure_ratio":0.0,"legal_ir_multiview_reconstruction_loss":0.18315009375489064,"legal_ir_multiview_text_reconstruction_loss":0.0,"legal_ir_multiview_total_loss":1.983192097914051,"legal_ir_multiview_view_coverage_loss":0.0,"legal_ir_view_cross_entropy_loss":0.4660738715938593},"legal_ir_predicted_view_distribution":{"deontic.ir":0.7505795510874056,"knowledge_graphs.neo4j_compat":0.24942044891259446},"legal_ir_target_count":4,"legal_ir_target_hashes":{"us-code-22-1291-bf8bd2a283db7980":"c6c344aac8d12d7543240c8cef337b90073252dc0d714de45e8e93ef250d3bdd","us-code-22-2661-e9c73466d093781c":"25e923f827cc2b78725b897e80d2398e152e3c860c6828c2aa883a37ce51baf9","us-code-30-1241-a2da208938f82503":"d753d97efab28ca6ea635d8e6e85243357326b3cfbec5ad2d4973dea0d16780f","us-code-42-13335.-2fbf0cbcd39a479f":"57b51d23b524247009b424b61b14a28045b80a1278c316a307b4ac6d89f31d2b"},"legal_ir_view_distribution":{"deontic.ir":0.8373170403661735,"knowledge_graphs.neo4j_compat":0.1626829596338266},"reconstruction_loss":0.4864089606144718,"sample_count":4,"symbolic_validity_penalty":0.0},"applied_count":0,"applied_updates":[],"autoencoder_claimed_count":0,"before":{"cosine_loss":1.2628102635198937,"cross_entropy_loss":1.426991060074225,"decoded_embeddings":{"us-code-22-1291-bf8bd2a283db7980":[0.13115815923560917,0.4720421956184666,0.015388433576829756,0.30449196684881163,-0.07801595112408533,-0.35559806274806527,-0.0926796493750958,-0.5848186172366341],"us-code-22-2661-e9c73466d093781c":[0.2606370342052105,0.38041074553467985,0.24627799681718598,0.46050928546153774,-0.5533366564857426,-0.02997531072808053,-0.17599208562605634,-0.3372612210105993],"us-code-30-1241-a2da208938f82503":[0.19290107725838873,-0.391688680367296,-0.3104866722648133,0.43506287038227526,0.22747639523910212,0.30338797711151405,0.029103628525295876,-0.23040094057729243],"us-code-42-13335.-2fbf0cbcd39a479f":[-0.24040461139001135,0.6450845415883709,-0.1925721953132459,0.0579671750924477,0.338318028826098,0.5741399258239464,0.18853706652640584,0.2946830343775828]},"embedding_cosine_similarity":-0.26281026351989367,"frame_ranking_loss":0.0,"legal_ir_losses":{"legal_ir_multiview_acceptance_loss":0.0,"legal_ir_multiview_cosine_loss":0.44217536973886984,"legal_ir_multiview_cross_entropy_loss":0.9199781594202906,"legal_ir_multiview_frame_logic_missing_loss":0.0,"legal_ir_multiview_graph_failure_penalty":0.0,"legal_ir_multiview_proof_failure_ratio":0.0,"legal_ir_multiview_reconstruction_loss":0.18315009375489064,"legal_ir_multiview_text_reconstruction_loss":0.0,"legal_ir_multiview_total_loss":1.983192097914051,"legal_ir_multiview_view_coverage_loss":0.0,"legal_ir_view_cross_entropy_loss":0.4660738715938593},"legal_ir_predicted_view_distribution":{"deontic.ir":0.7505795510874056,"knowledge_graphs.neo4j_compat":0.24942044891259446},"legal_ir_target_count":4,"legal_ir_target_hashes":{"us-code-22-1291-bf8bd2a283db7980":"c6c344aac8d12d7543240c8cef337b90073252dc0d714de45e8e93ef250d3bdd","us-code-22-2661-e9c73466d093781c":"25e923f827cc2b78725b897e80d2398e152e3c860c6828c2aa883a37ce51baf9","us-code-30-1241-a2da208938f82503":"d753d97efab28ca6ea635d8e6e85243357326b3cfbec5ad2d4973dea0d16780f","us-code-42-13335.-2fbf0cbcd39a479f":"57b51d23b524247009b424b61b14a28045b80a1278c316a307b4ac6d89f31d2b"},"legal_ir_view_distribution":{"deontic.ir":0.8373170403661735,"knowledge_graphs.neo4j_compat":0.1626829596338266},"reconstruction_loss":0.4864089606144718,"sample_count":4,"symbolic_validity_penalty":0.0},"bridge_loss_failure_count":0,"bridge_loss_sample_count":4,"bridge_loss_signal_count":27,"claimed_count":0,"claimed_open_count":0,"completed_count":0,"completed_todo_ids":[],"cosine_similarity_delta":0.0,"created_at":"2026-05-26T10:11:28+00:00","cross_entropy_delta":0.0,"failed_validation_count":0,"failed_validation_todo_ids":[],"improved":false,"iteration":1,"loss_seeded_count":0,"pending_count":35,"program_synthesis_deduped_count":3,"program_synthesis_pending_count":35,"program_synthesis_seeded_count":3,"seeded_count":3,"validation_after":{"cosine_loss":0.8794684583572306,"cross_entropy_loss":1.0588407674566185,"decoded_embeddings":{"us-code-36-220301-a836537f9458a002":[0.09114153806402749,-0.42721080009249934,-0.1660257560450923,0.26789190671901003,-0.0061771615275451035,-0.035836958636802516,0.006661948939313572,-0.33747892208721164],