{"final_evaluation":{"cosine_loss":0.824940446698748,"cross_entropy_loss":1.7981548277334745,"decoded_embeddings":{"us-code-19-4082-c7b0f62d060a0b0e":[0.26705149841481085,0.11220867830288432,0.35063781478553274,-0.4807705156959796,-0.38306153708084156,-0.6428169710925331,0.1484143052841071,0.3134359387571204],"us-code-25-183-b600a6244e86a6db":[0.3401637834530397,-0.03350619043169677,-0.46354319669170785,-0.433385004707469,-0.7200229044497436,0.3777109424326009,0.28588254554791176,-0.2579523143012142],"us-code-47-1606.-ddf9d6d4159be32c":[-0.08486026827852512,0.11483760512126984,-0.5618499709005711,-0.1707471843226803,-0.08888948583637361,-0.7420682836034294,0.17793886389674524,-0.15493017190944536],"us-code-7-1738n-9e94dec1f2e84de6":[0.3217222118839731,0.5297118918471975,0.043297490549190076,-0.6652027755272846,-0.09045280138893572,-0.523810245516671,0.2938713546331166,0.03388136931236127]},"embedding_cosine_similarity":0.17505955330125206,"frame_ranking_loss":0.0,"legal_ir_losses":{},"legal_ir_predicted_view_distribution":{},"legal_ir_target_count":0,"legal_ir_target_hashes":{},"legal_ir_view_distribution":{},"reconstruction_loss":0.4137619202089726,"sample_count":4,"symbolic_validity_penalty":0.0},"steps":[{"after":{"cosine_loss":0.824940446698748,"cross_entropy_loss":1.7981548277334745,"decoded_embeddings":{"us-code-19-4082-c7b0f62d060a0b0e":[0.26705149841481085,0.11220867830288432,0.35063781478553274,-0.4807705156959796,-0.38306153708084156,-0.6428169710925331,0.1484143052841071,0.3134359387571204],"us-code-25-183-b600a6244e86a6db":[0.3401637834530397,-0.03350619043169677,-0.46354319669170785,-0.433385004707469,-0.7200229044497436,0.3777109424326009,0.28588254554791176,-0.2579523143012142],"us-code-47-1606.-ddf9d6d4159be32c":[-0.08486026827852512,0.11483760512126984,-0.5618499709005711,-0.1707471843226803,-0.08888948583637361,-0.7420682836034294,0.17793886389674524,-0.15493017190944536],"us-code-7-1738n-9e94dec1f2e84de6":[0.3217222118839731,0.5297118918471975,0.043297490549190076,-0.6652027755272846,-0.09045280138893572,-0.523810245516671,0.2938713546331166,0.03388136931236127]},"embedding_cosine_similarity":0.17505955330125206,"frame_ranking_loss":0.0,"legal_ir_losses":{},"legal_ir_predicted_view_distribution":{},"legal_ir_target_count":0,"legal_ir_target_hashes":{},"legal_ir_view_distribution":{},"reconstruction_loss":0.4137619202089726,"sample_count":4,"symbolic_validity_penalty":0.0},"applied_count":0,"applied_updates":[],"autoencoder_claimed_count":0,"before":{"cosine_loss":0.824940446698748,"cross_entropy_loss":1.7981548277334745,"decoded_embeddings":{"us-code-19-4082-c7b0f62d060a0b0e":[0.26705149841481085,0.11220867830288432,0.35063781478553274,-0.4807705156959796,-0.38306153708084156,-0.6428169710925331,0.1484143052841071,0.3134359387571204],"us-code-25-183-b600a6244e86a6db":[0.3401637834530397,-0.03350619043169677,-0.46354319669170785,-0.433385004707469,-0.7200229044497436,0.3777109424326009,0.28588254554791176,-0.2579523143012142],"us-code-47-1606.-ddf9d6d4159be32c":[-0.08486026827852512,0.11483760512126984,-0.5618499709005711,-0.1707471843226803,-0.08888948583637361,-0.7420682836034294,0.17793886389674524,-0.15493017190944536],"us-code-7-1738n-9e94dec1f2e84de6":[0.3217222118839731,0.5297118918471975,0.043297490549190076,-0.6652027755272846,-0.09045280138893572,-0.523810245516671,0.2938713546331166,0.03388136931236127]},"embedding_cosine_similarity":0.17505955330125206,"frame_ranking_loss":0.0,"legal_ir_losses":{},"legal_ir_predicted_view_distribution":{},"legal_ir_target_count":0,"legal_ir_target_hashes":{},"legal_ir_view_distribution":{},"reconstruction_loss":0.4137619202089726,"sample_count":4,"symbolic_validity_penalty":0.0},"bridge_loss_failure_count":0,"bridge_loss_sample_count":0,"bridge_loss_signal_count":0,"claimed_count":0,"claimed_open_count":5,"completed_count":0,"completed_todo_ids":[],"cosine_similarity_delta":0.0,"created_at":"2026-05-26T09:03:07+00:00","cross_entropy_delta":0.0,"failed_validation_count":0,"failed_validation_todo_ids":[],"improved":false,"iteration":1,"loss_seeded_count":0,"pending_count":46,"program_synthesis_deduped_count":1,"program_synthesis_pending_count":46,"program_synthesis_seeded_count":3,"seeded_count":3,"validation_after":{"cosine_loss":0.9601621641283443,"cross_entropy_loss":1.4940359822147342,"decoded_embeddings":{"us-code-2-1531-34c72ac5683dcc87":[-0.1976476357032844,0.1107626115219696,-0.08463374790441157,0.007671105372174523,0.1870089904115361,-0.4860134317411828,0.36482897717068064,0.05697287828310225],"us-code-34-20714-8aae16f024aebd25":[-0.2599511438916153,-0.6133515420579696,-0.19852940180992168,-0.24364341002434448,-0.0973146568014457,0.009088156657115551,0.3509076596893892,0.03753247217866547],"us-code-39-3621-33eae3dc9734e74e":[0.0968430192716745,-0.6602928014895884,0.09088216727422473,-0.32898082599748496,-0.657920923782667,-0.15099286522985236,0.13990446925766412,0.07686840874707686],"us-code-7-2009aa-7-1811fe36bb4faa61":[-0.16370696470926466,0.04543604360591712,0.29398102392416425,-0.5224593453581079,-0.04947018018419033,-0.11065384338649058,0.18235512565894627,0.6612886015229499]},"embedding_cosine_similarity":0.03983783587165568,"frame_ranking_loss":0.0,"legal_ir_losses":{},"legal_ir_predicted_view_distribution":{},"legal_ir_target_count":0,"legal_ir_target_hashes":{},"legal_ir_view_distribution":{},"reconstruction_loss":0.35896852196843826,"sample_count":4,"symbolic_validity_penalty":0.0},"validation_before":{"cosine_loss":0.9601621641283443,"cross_entropy_loss":1.4940359822147342,"decoded_embeddings":{"us-code-2-1531-34c72ac5683dcc87":[-0.1976476357032844,0.1107626115219696,-0.08463374790441157,0.007671105372174523,0.1870089904115361,-0.4860134317411828,0.36482897717068064,0.05697287828310225],"us-code-34-20714-8aae16f024aebd25":[-0.2599511438916153,-0.6133515420579696,-0.19852940180992168,-0.24364341002434448,-0.0973146568014457,0.009088156657115551,0.3509076596893892,0.03753247217866547],"us-code-39-3621-33eae3dc9734e74e":[0.0968430192716745,-0.6602928014895884,0.09088216727422473,-0.32898082599748496,-0.657920923782667,-0.15099286522985236,0.13990446925766412,0.07686840874707686],"us-code-7-2009aa-7-1811fe36bb4faa61":[-0.16370696470926466,0.04543604360591712,0.29398102392416425,-0.5224593453581079,-0.04947018018419033,-0.11065384338649058,0.18235512565894627,0.6612886015229499]},"embedding_cosine_similarity":0.03983783587165568,"frame_ranking_loss":0.0,"legal_ir_losses":{},"legal_ir_predicted_view_distribution":{},"legal_ir_target_count":0,"legal_ir_target_hashes":{},"legal_ir_view_distribution":{},"reconstruction_loss":0.35896852196843826,"sample_count":4,"symbolic_validity_penalty":0.0},"validation_cosine_similarity_delta":0.0,"validation_cross_entropy_delta":0.0,"worker_id":"random-uscode-daemon-detached"}],"stopped_reason":"no_claimed_todos","validation_final_evaluation":{"cosine_loss":0.9601621641283443,"cross_entropy_loss":1.4940359822147342,"decoded_embeddings":{"us-code-2-1531-34c72ac5683dcc87":[-0.1976476357032844,0.1107626115219696,-0.08463374790441157,0.007671105372174523,0.1870089904115361,-0.4860134317411828,0.36482897717068064,0.05697287828310225],"us-code-34-20714-8aae16f024aebd25":[-0.2599511438916153,-0.6133515420579696,-0.19852940180992168,-0.24364341002434448,-0.0973146568014457,0.009088156657115551,0.3509076596893892,0.03753247217866547],"us-code-39-3621-33eae3dc9734e74e":[0.0968430192716745,-0.6602928014895884,0.09088216727422473,-0.32898082599748496,-0.657920923782667,-0.15099286522985236,0.13990446925766412,0.07686840874707686],"us-code-7-2009aa-7-1811fe36bb4faa61":[-0.16370696470926466,0.04543604360591712,0.29398102392416425,-0.5224593453581079,-0.04947018018419033,-0.11065384338649058,0.18235512565894627,0.6612886015229499]},"embedding_cosine_similarity":0.03983783587165568,"frame_ranking_loss":0.0,"legal_ir_losses":{},"legal_ir_predicted_view_distribution":{},"legal_ir_target_count":0,"legal_ir_target_hashes":{},"legal_ir_view_distribution":{},