{"final_evaluation":{"cosine_loss":0.9091849061067276,"cross_entropy_loss":1.6727739379526128,"decoded_embeddings":{"us-code-16-460ll-3-f851a0e239dc5867":[-0.8393982310260415,0.33260719847834735,-0.5533681712939356,-0.42994812438332186,0.1477952783305082,-0.08507648398206558,0.3328609250394484,0.7491299292267779],"us-code-22-5854-7b1badd161551e65":[-0.030991683352496163,0.2903948206013528,0.19689614055570615,-0.32308104278648286,-0.22725485648097082,0.1629217314552592,0.8734937652961099,0.6133800474649654],"us-code-47-252.-c6634f17d18802f6":[-0.4504956327349331,0.6488572827632306,0.3007870529687575,-0.4922834845403938,0.14555609007379794,0.3026436168636697,0.40348515684730324,0.12137029169058655],"us-code-7-2618-36d8c1d03afc1b3e":[-0.6313520597092428,0.6769189392476815,0.20745746747236804,0.028302014945083442,0.30157602961653796,0.4135704733987868,0.3548772759853869,0.9020321516893068]},"embedding_cosine_similarity":0.09081509389327232,"frame_ranking_loss":0.0,"legal_ir_losses":{"legal_ir_multiview_acceptance_loss":0.0,"legal_ir_multiview_cosine_loss":0.13010562421822575,"legal_ir_multiview_cross_entropy_loss":0.28969035010007127,"legal_ir_multiview_frame_logic_missing_loss":0.0,"legal_ir_multiview_graph_failure_penalty":0.0,"legal_ir_multiview_proof_failure_ratio":0.0,"legal_ir_multiview_reconstruction_loss":0.0544006566834375,"legal_ir_multiview_text_reconstruction_loss":0.0,"legal_ir_multiview_total_loss":0.7082547223478883,"legal_ir_multiview_view_coverage_loss":0.0,"legal_ir_view_cross_entropy_loss":1.5475984813732728},"legal_ir_predicted_view_distribution":{"CEC.native":0.23492146572364356,"TDFOL.prover":0.2127913736050514,"deontic.ir":0.27640030766365614,"knowledge_graphs.neo4j_compat":0.16838669087923805,"zkp.circuits":0.10750016212841083},"legal_ir_target_count":4,"legal_ir_target_hashes":{"us-code-16-460ll-3-f851a0e239dc5867":"9f8479734aff0dfbfcbf49a88d7a50cc0a18c008fe94646f81ae21beacabc723","us-code-22-5854-7b1badd161551e65":"b98b0a6015cccbd7ec2080b7fa07db393b9d6d77892f70e4f3d61330da891fe1","us-code-47-252.-c6634f17d18802f6":"902bfc38ee1f1fd52f8f152b29859d9fce6e1defc3e0677ec4746cd01aad0326","us-code-7-2618-36d8c1d03afc1b3e":"5ebc9e8ee55e2d06e88a29c1ca600d2c33e66e2de977ae3a22bc5853c9dcd21d"},"legal_ir_view_distribution":{"CEC.native":0.219446875,"TDFOL.prover":0.227625,"deontic.ir":0.30765914346979484,"knowledge_graphs.neo4j_compat":0.14526898153020518,"zkp.circuits":0.1},"reconstruction_loss":0.4607044283285128,"sample_count":4,"symbolic_validity_penalty":0.0},"steps":[{"after":{"cosine_loss":0.9091849061067276,"cross_entropy_loss":1.6727739379526128,"decoded_embeddings":{"us-code-16-460ll-3-f851a0e239dc5867":[-0.8393982310260415,0.33260719847834735,-0.5533681712939356,-0.42994812438332186,0.1477952783305082,-0.08507648398206558,0.3328609250394484,0.7491299292267779],"us-code-22-5854-7b1badd161551e65":[-0.030991683352496163,0.2903948206013528,0.19689614055570615,-0.32308104278648286,-0.22725485648097082,0.1629217314552592,0.8734937652961099,0.6133800474649654],"us-code-47-252.-c6634f17d18802f6":[-0.4504956327349331,0.6488572827632306,0.3007870529687575,-0.4922834845403938,0.14555609007379794,0.3026436168636697,0.40348515684730324,0.12137029169058655],"us-code-7-2618-36d8c1d03afc1b3e":[-0.6313520597092428,0.6769189392476815,0.20745746747236804,0.028302014945083442,0.30157602961653796,0.4135704733987868,0.3548772759853869,0.9020321516893068]},"embedding_cosine_similarity":0.09081509389327232,"frame_ranking_loss":0.0,"legal_ir_losses":{"legal_ir_multiview_acceptance_loss":0.0,"legal_ir_multiview_cosine_loss":0.13010562421822575,"legal_ir_multiview_cross_entropy_loss":0.28969035010007127,"legal_ir_multiview_frame_logic_missing_loss":0.0,"legal_ir_multiview_graph_failure_penalty":0.0,"legal_ir_multiview_proof_failure_ratio":0.0,"legal_ir_multiview_reconstruction_loss":0.0544006566834375,"legal_ir_multiview_text_reconstruction_loss":0.0,"legal_ir_multiview_total_loss":0.7082547223478883,"legal_ir_multiview_view_coverage_loss":0.0,"legal_ir_view_cross_entropy_loss":1.5475984813732728},"legal_ir_predicted_view_distribution":{"CEC.native":0.23492146572364356,"TDFOL.prover":0.2127913736050514,"deontic.ir":0.27640030766365614,"knowledge_graphs.neo4j_compat":0.16838669087923805,"zkp.circuits":0.10750016212841083},"legal_ir_target_count":4,"legal_ir_target_hashes":{"us-code-16-460ll-3-f851a0e239dc5867":"9f8479734aff0dfbfcbf49a88d7a50cc0a18c008fe94646f81ae21beacabc723","us-code-22-5854-7b1badd161551e65":"b98b0a6015cccbd7ec2080b7fa07db393b9d6d77892f70e4f3d61330da891fe1","us-code-47-252.-c6634f17d18802f6":"902bfc38ee1f1fd52f8f152b29859d9fce6e1defc3e0677ec4746cd01aad0326","us-code-7-2618-36d8c1d03afc1b3e":"5ebc9e8ee55e2d06e88a29c1ca600d2c33e66e2de977ae3a22bc5853c9dcd21d"},"legal_ir_view_distribution":{"CEC.native":0.219446875,"TDFOL.prover":0.227625,"deontic.ir":0.30765914346979484,"knowledge_graphs.neo4j_compat":0.14526898153020518,"zkp.circuits":0.1},"reconstruction_loss":0.4607044283285128,"sample_count":4,"symbolic_validity_penalty":0.0},"applied_count":0,"applied_updates":[],"autoencoder_claimed_count":0,"before":{"cosine_loss":0.9091849061067276,"cross_entropy_loss":1.6727739379526128,"decoded_embeddings":{"us-code-16-460ll-3-f851a0e239dc5867":[-0.8393982310260415,0.33260719847834735,-0.5533681712939356,-0.42994812438332186,0.1477952783305082,-0.08507648398206558,0.3328609250394484,0.7491299292267779],"us-code-22-5854-7b1badd161551e65":[-0.030991683352496163,0.2903948206013528,0.19689614055570615,-0.32308104278648286,-0.22725485648097082,0.1629217314552592,0.8734937652961099,0.6133800474649654],"us-code-47-252.-c6634f17d18802f6":[-0.4504956327349331,0.6488572827632306,0.3007870529687575,-0.4922834845403938,0.14555609007379794,0.3026436168636697,0.40348515684730324,0.12137029169058655],"us-code-7-2618-36d8c1d03afc1b3e":[-0.6313520597092428,0.6769189392476815,0.20745746747236804,0.028302014945083442,0.30157602961653796,0.4135704733987868,0.3548772759853869,0.9020321516893068]},"embedding_cosine_similarity":0.09081509389327232,"frame_ranking_loss":0.0,"legal_ir_losses":{"legal_ir_multiview_acceptance_loss":0.0,"legal_ir_multiview_cosine_loss":0.13010562421822575,"legal_ir_multiview_cross_entropy_loss":0.28969035010007127,"legal_ir_multiview_frame_logic_missing_loss":0.0,"legal_ir_multiview_graph_failure_penalty":0.0,"legal_ir_multiview_proof_failure_ratio":0.0,"legal_ir_multiview_reconstruction_loss":0.0544006566834375,"legal_ir_multiview_text_reconstruction_loss":0.0,"legal_ir_multiview_total_loss":0.7082547223478883,"legal_ir_multiview_view_coverage_loss":0.0,"legal_ir_view_cross_entropy_loss":1.5475984813732728},"legal_ir_predicted_view_distribution":{"CEC.native":0.23492146572364356,"TDFOL.prover":0.2127913736050514,"deontic.ir":0.27640030766365614,"knowledge_graphs.neo4j_compat":0.16838669087923805,"zkp.circuits":0.10750016212841083},"legal_ir_target_count":4,"legal_ir_target_hashes":{"us-code-16-460ll-3-f851a0e239dc5867":"9f8479734aff0dfbfcbf49a88d7a50cc0a18c008fe94646f81ae21beacabc723","us-code-22-5854-7b1badd161551e65":"b98b0a6015cccbd7ec2080b7fa07db393b9d6d77892f70e4f3d61330da891fe1","us-code-47-252.-c6634f17d18802f6":"902bfc38ee1f1fd52f8f152b29859d9fce6e1defc3e0677ec4746cd01aad0326","us-code-7-2618-36d8c1d03afc1b3e":"5ebc9e8ee55e2d06e88a29c1ca600d2c33e66e2de977ae3a22bc5853c9dcd21d"},"legal_ir_view_distribution":{"CEC.native":0.219446875,"TDFOL.prover":0.227625,"deontic.ir":0.30765914346979484,"knowledge_graphs.neo4j_compat":0.14526898153020518,"zkp.circuits":0.1},"reconstruction_loss":0.4607044283285128,"sample_count":4,"symbolic_validity_penalty":0.0},"bridge_loss_failure_count":0,"bridge_loss_sample_count":4,"bridge_loss_signal_count":43,"claimed_count":0,"claimed_open_count":7,"completed_count":0,"completed_todo_ids":[],"cosine_similarity_delta":0.0,"created_at":"2026-05-25T13:03:30+00:00","cross_entropy_delta":0.0,"failed_validation_count":0,"failed_validation_todo_ids":[],"improved":false,"iteration":1,"loss_seeded_count":0,