{"final_evaluation":{"cosine_loss":1.6945102205126605,"cross_entropy_loss":1.736041101145376,"decoded_embeddings":{"us-code-43-422d.-8ec6717ce7669dd1":[-0.6069101208941474,-0.09281983112410727,-0.003837844352119079,-0.28058568012760443,-0.36149240781028047,-0.34522357634148404,0.3222044319749268,0.346489655851395]},"embedding_cosine_similarity":-0.6945102205126605,"frame_ranking_loss":0.0,"legal_ir_losses":{},"legal_ir_predicted_view_distribution":{},"legal_ir_target_count":0,"legal_ir_target_hashes":{},"legal_ir_view_distribution":{},"reconstruction_loss":0.7383450698605282,"sample_count":1,"symbolic_validity_penalty":0.0},"steps":[{"after":{"cosine_loss":1.6945102205126605,"cross_entropy_loss":1.736041101145376,"decoded_embeddings":{"us-code-43-422d.-8ec6717ce7669dd1":[-0.6069101208941474,-0.09281983112410727,-0.003837844352119079,-0.28058568012760443,-0.36149240781028047,-0.34522357634148404,0.3222044319749268,0.346489655851395]},"embedding_cosine_similarity":-0.6945102205126605,"frame_ranking_loss":0.0,"legal_ir_losses":{},"legal_ir_predicted_view_distribution":{},"legal_ir_target_count":0,"legal_ir_target_hashes":{},"legal_ir_view_distribution":{},"reconstruction_loss":0.7383450698605282,"sample_count":1,"symbolic_validity_penalty":0.0},"applied_count":0,"applied_updates":[],"autoencoder_claimed_count":0,"before":{"cosine_loss":1.6945102205126605,"cross_entropy_loss":1.736041101145376,"decoded_embeddings":{"us-code-43-422d.-8ec6717ce7669dd1":[-0.6069101208941474,-0.09281983112410727,-0.003837844352119079,-0.28058568012760443,-0.36149240781028047,-0.34522357634148404,0.3222044319749268,0.346489655851395]},"embedding_cosine_similarity":-0.6945102205126605,"frame_ranking_loss":0.0,"legal_ir_losses":{},"legal_ir_predicted_view_distribution":{},"legal_ir_target_count":0,"legal_ir_target_hashes":{},"legal_ir_view_distribution":{},"reconstruction_loss":0.7383450698605282,"sample_count":1,"symbolic_validity_penalty":0.0},"bridge_loss_failure_count":0,"bridge_loss_sample_count":0,"bridge_loss_signal_count":0,"claimed_count":0,"claimed_open_count":0,"completed_count":0,"completed_todo_ids":[],"cosine_similarity_delta":0.0,"created_at":"2026-06-08T08:15:33+00:00","cross_entropy_delta":0.0,"failed_validation_count":0,"failed_validation_todo_ids":[],"improved":false,"iteration":1,"loss_seeded_count":0,"pending_count":7,"program_synthesis_deduped_count":4,"program_synthesis_pending_count":7,"program_synthesis_seeded_count":0,"seeded_count":0,"validation_after":{"cosine_loss":0.9501463434342751,"cross_entropy_loss":2.07693185867031,"decoded_embeddings":{"us-code-25-161c-30efe66ae6d0c9c6":[0.0692459249779099,-0.14128565980470964,-0.020948908227264425,0.8090548649322118,-0.22136151639433022,0.2321915284476095,0.45164853539032457,-0.25614278061488205]},"embedding_cosine_similarity":0.0498536565657249,"frame_ranking_loss":0.0,"legal_ir_losses":{},"legal_ir_predicted_view_distribution":{},"legal_ir_target_count":0,"legal_ir_target_hashes":{},"legal_ir_view_distribution":{},"reconstruction_loss":0.41062406282047775,"sample_count":1,"symbolic_validity_penalty":0.0},"validation_before":{"cosine_loss":0.9501463434342751,"cross_entropy_loss":2.07693185867031,"decoded_embeddings":{"us-code-25-161c-30efe66ae6d0c9c6":[0.0692459249779099,-0.14128565980470964,-0.020948908227264425,0.8090548649322118,-0.22136151639433022,0.2321915284476095,0.45164853539032457,-0.25614278061488205]},"embedding_cosine_similarity":0.0498536565657249,"frame_ranking_loss":0.0,"legal_ir_losses":{},"legal_ir_predicted_view_distribution":{},"legal_ir_target_count":0,"legal_ir_target_hashes":{},"legal_ir_view_distribution":{},"reconstruction_loss":0.41062406282047775,"sample_count":1,"symbolic_validity_penalty":0.0},"validation_cosine_similarity_delta":0.0,"validation_cross_entropy_delta":0.0,"worker_id":"random-uscode-daemon-detached"}],"stopped_reason":"no_claimed_todos","validation_final_evaluation":{"cosine_loss":0.9501463434342751,"cross_entropy_loss":2.07693185867031,"decoded_embeddings":{"us-code-25-161c-30efe66ae6d0c9c6":[0.0692459249779099,-0.14128565980470964,-0.020948908227264425,0.8090548649322118,-0.22136151639433022,0.2321915284476095,0.45164853539032457,-0.25614278061488205]},"embedding_cosine_similarity":0.0498536565657249,"frame_ranking_loss":0.0,"legal_ir_losses":{},"legal_ir_predicted_view_distribution":{},"legal_ir_target_count":0,"legal_ir_target_hashes":{},"legal_ir_view_distribution":{},"reconstruction_loss":0.41062406282047775,"sample_count":1,"symbolic_validity_penalty":0.0}}
