{"final_evaluation":{"cosine_loss":1.0611170158042293,"cross_entropy_loss":1.274260383379583,"decoded_embeddings":{"us-code-10-8669c-f2505b2af9b4567f":[0.03439304261978154,0.18745398447373424,0.42868180283443713,0.09641900852614559,-0.28284604180667916,-0.5238217936648037,0.5398709143127418,-0.3276414452585449],"us-code-12-5215-23e3ff56eb63ace1":[-0.6277260042720912,-0.4955263645668167,-0.028487446110012252,0.4321539568117287,0.15249625790436827,0.2644802919846582,0.27534050832200757,0.07063544523664375],"us-code-42-1395w-50f977f4857e9c40":[-0.37113975211200134,0.18906719695627175,-0.18570332425982458,-0.351971863720173,0.6787961368154056,0.015175138738528354,-0.18862048996591385,-0.40920857287541007],"us-code-42-3797y-72213f5e288acd6d":[-0.1440875546032643,-0.7585364750074596,0.31621398053175404,-0.046430550421734856,-0.0008601718105755726,0.14455916044684178,0.5283241125483545,-0.010932908217573319]},"embedding_cosine_similarity":-0.06111701580422926,"frame_ranking_loss":0.0,"legal_ir_losses":{"legal_ir_multiview_acceptance_loss":0.0,"legal_ir_multiview_cosine_loss":0.17642870347108985,"legal_ir_multiview_cross_entropy_loss":0.20807143922365975,"legal_ir_multiview_frame_logic_missing_loss":0.0,"legal_ir_multiview_graph_failure_penalty":0.0,"legal_ir_multiview_proof_failure_ratio":0.0,"legal_ir_multiview_reconstruction_loss":0.08530629619310416,"legal_ir_multiview_text_reconstruction_loss":0.0,"legal_ir_multiview_total_loss":0.637246334125949,"legal_ir_multiview_view_coverage_loss":0.0,"legal_ir_view_cross_entropy_loss":1.5856891862090008},"legal_ir_predicted_view_distribution":{"CEC.native":0.20404202201021848,"TDFOL.prover":0.21068690225726786,"deontic.ir":0.22762897002901034,"knowledge_graphs.neo4j_compat":0.18500546699620618,"zkp.circuits":0.1726366387072972},"legal_ir_target_count":4,"legal_ir_target_hashes":{"us-code-10-8669c-f2505b2af9b4567f":"69d33889e73868c7e155d15280ca46c8095ffc6a4af363699887073e7baad8eb","us-code-12-5215-23e3ff56eb63ace1":"dc490ce1ba43ab131c5078941041217126ccbcdb9c18ec0ab64b014324656e77","us-code-42-1395w-50f977f4857e9c40":"ea01ebe513610285db9e01947263d3bdc14f0be049f649a2b1ab7be21151f53a","us-code-42-3797y-72213f5e288acd6d":"ffc20d499218c8bb18f22ba88388eb10921245302797b2c35988261d23fb1328"},"legal_ir_view_distribution":{"CEC.native":0.22373730834593236,"TDFOL.prover":0.23097495199558354,"deontic.ir":0.2743695957442245,"knowledge_graphs.neo4j_compat":0.16591814391425963,"zkp.circuits":0.10500000000000001},"reconstruction_loss":0.5125260483646644,"sample_count":4,"symbolic_validity_penalty":0.0},"steps":[{"after":{"cosine_loss":1.0611170158042293,"cross_entropy_loss":1.274260383379583,"decoded_embeddings":{"us-code-10-8669c-f2505b2af9b4567f":[0.03439304261978154,0.18745398447373424,0.42868180283443713,0.09641900852614559,-0.28284604180667916,-0.5238217936648037,0.5398709143127418,-0.3276414452585449],"us-code-12-5215-23e3ff56eb63ace1":[-0.6277260042720912,-0.4955263645668167,-0.028487446110012252,0.4321539568117287,0.15249625790436827,0.2644802919846582,0.27534050832200757,0.07063544523664375],"us-code-42-1395w-50f977f4857e9c40":[-0.37113975211200134,0.18906719695627175,-0.18570332425982458,-0.351971863720173,0.6787961368154056,0.015175138738528354,-0.18862048996591385,-0.40920857287541007],"us-code-42-3797y-72213f5e288acd6d":[-0.1440875546032643,-0.7585364750074596,0.31621398053175404,-0.046430550421734856,-0.0008601718105755726,0.14455916044684178,0.5283241125483545,-0.010932908217573319]},"embedding_cosine_similarity":-0.06111701580422926,"frame_ranking_loss":0.0,"legal_ir_losses":{"legal_ir_multiview_acceptance_loss":0.0,"legal_ir_multiview_cosine_loss":0.17642870347108985,"legal_ir_multiview_cross_entropy_loss":0.20807143922365975,"legal_ir_multiview_frame_logic_missing_loss":0.0,"legal_ir_multiview_graph_failure_penalty":0.0,"legal_ir_multiview_proof_failure_ratio":0.0,"legal_ir_multiview_reconstruction_loss":0.08530629619310416,"legal_ir_multiview_text_reconstruction_loss":0.0,"legal_ir_multiview_total_loss":0.637246334125949,"legal_ir_multiview_view_coverage_loss":0.0,"legal_ir_view_cross_entropy_loss":1.5856891862090008},"legal_ir_predicted_view_distribution":{"CEC.native":0.20404202201021848,"TDFOL.prover":0.21068690225726786,"deontic.ir":0.22762897002901034,"knowledge_graphs.neo4j_compat":0.18500546699620618,"zkp.circuits":0.1726366387072972},"legal_ir_target_count":4,"legal_ir_target_hashes":{"us-code-10-8669c-f2505b2af9b4567f":"69d33889e73868c7e155d15280ca46c8095ffc6a4af363699887073e7baad8eb","us-code-12-5215-23e3ff56eb63ace1":"dc490ce1ba43ab131c5078941041217126ccbcdb9c18ec0ab64b014324656e77","us-code-42-1395w-50f977f4857e9c40":"ea01ebe513610285db9e01947263d3bdc14f0be049f649a2b1ab7be21151f53a","us-code-42-3797y-72213f5e288acd6d":"ffc20d499218c8bb18f22ba88388eb10921245302797b2c35988261d23fb1328"},"legal_ir_view_distribution":{"CEC.native":0.22373730834593236,"TDFOL.prover":0.23097495199558354,"deontic.ir":0.2743695957442245,"knowledge_graphs.neo4j_compat":0.16591814391425963,"zkp.circuits":0.10500000000000001},"reconstruction_loss":0.5125260483646644,"sample_count":4,"symbolic_validity_penalty":0.0},"applied_count":0,"applied_updates":[],"autoencoder_claimed_count":0,"before":{"cosine_loss":1.0611170158042293,"cross_entropy_loss":1.274260383379583,"decoded_embeddings":{"us-code-10-8669c-f2505b2af9b4567f":[0.03439304261978154,0.18745398447373424,0.42868180283443713,0.09641900852614559,-0.28284604180667916,-0.5238217936648037,0.5398709143127418,-0.3276414452585449],"us-code-12-5215-23e3ff56eb63ace1":[-0.6277260042720912,-0.4955263645668167,-0.028487446110012252,0.4321539568117287,0.15249625790436827,0.2644802919846582,0.27534050832200757,0.07063544523664375],"us-code-42-1395w-50f977f4857e9c40":[-0.37113975211200134,0.18906719695627175,-0.18570332425982458,-0.351971863720173,0.6787961368154056,0.015175138738528354,-0.18862048996591385,-0.40920857287541007],"us-code-42-3797y-72213f5e288acd6d":[-0.1440875546032643,-0.7585364750074596,0.31621398053175404,-0.046430550421734856,-0.0008601718105755726,0.14455916044684178,0.5283241125483545,-0.010932908217573319]},"embedding_cosine_similarity":-0.06111701580422926,"frame_ranking_loss":0.0,"legal_ir_losses":{"legal_ir_multiview_acceptance_loss":0.0,"legal_ir_multiview_cosine_loss":0.17642870347108985,"legal_ir_multiview_cross_entropy_loss":0.20807143922365975,"legal_ir_multiview_frame_logic_missing_loss":0.0,"legal_ir_multiview_graph_failure_penalty":0.0,"legal_ir_multiview_proof_failure_ratio":0.0,"legal_ir_multiview_reconstruction_loss":0.08530629619310416,"legal_ir_multiview_text_reconstruction_loss":0.0,"legal_ir_multiview_total_loss":0.637246334125949,"legal_ir_multiview_view_coverage_loss":0.0,"legal_ir_view_cross_entropy_loss":1.5856891862090008},"legal_ir_predicted_view_distribution":{"CEC.native":0.20404202201021848,"TDFOL.prover":0.21068690225726786,"deontic.ir":0.22762897002901034,"knowledge_graphs.neo4j_compat":0.18500546699620618,"zkp.circuits":0.1726366387072972},"legal_ir_target_count":4,"legal_ir_target_hashes":{"us-code-10-8669c-f2505b2af9b4567f":"69d33889e73868c7e155d15280ca46c8095ffc6a4af363699887073e7baad8eb","us-code-12-5215-23e3ff56eb63ace1":"dc490ce1ba43ab131c5078941041217126ccbcdb9c18ec0ab64b014324656e77","us-code-42-1395w-50f977f4857e9c40":"ea01ebe513610285db9e01947263d3bdc14f0be049f649a2b1ab7be21151f53a","us-code-42-3797y-72213f5e288acd6d":"ffc20d499218c8bb18f22ba88388eb10921245302797b2c35988261d23fb1328"},"legal_ir_view_distribution":{"CEC.native":0.22373730834593236,"TDFOL.prover":0.23097495199558354,"deontic.ir":0.2743695957442245,"knowledge_graphs.neo4j_compat":0.16591814391425963,"zkp.circuits":0.10500000000000001},"reconstruction_loss":0.5125260483646644,"sample_count":4,"symbolic_validity_penalty":0.0},"bridge_loss_failure_count":0,"bridge_loss_sample_count":4,"bridge_loss_signal_count":32,"claimed_count":0,"claimed_open_count":0,"completed_count":0,"completed_todo_ids":[],"cosine_similarity_delta":0.0,