{"final_evaluation":{"cosine_loss":0.7603463216717244,"cross_entropy_loss":1.3046428882220527,"decoded_embeddings":{"us-code-26-5369-50c850ff6c14b3d3":[0.16388291334244312,-0.16130038810793418,0.487662813408702,-0.24695192869312974,0.21116323643927593,-0.18026256767847262,-0.049967529539395164,-0.2776064276454128]},"embedding_cosine_similarity":0.23965367832827555,"frame_ranking_loss":0.0,"legal_ir_losses":{},"legal_ir_predicted_view_distribution":{},"legal_ir_target_count":0,"legal_ir_target_hashes":{},"legal_ir_view_distribution":{},"reconstruction_loss":0.5141825647231884,"sample_count":1,"symbolic_validity_penalty":0.0},"steps":[{"after":{"cosine_loss":0.7603463216717244,"cross_entropy_loss":1.3046428882220527,"decoded_embeddings":{"us-code-26-5369-50c850ff6c14b3d3":[0.16388291334244312,-0.16130038810793418,0.487662813408702,-0.24695192869312974,0.21116323643927593,-0.18026256767847262,-0.049967529539395164,-0.2776064276454128]},"embedding_cosine_similarity":0.23965367832827555,"frame_ranking_loss":0.0,"legal_ir_losses":{},"legal_ir_predicted_view_distribution":{},"legal_ir_target_count":0,"legal_ir_target_hashes":{},"legal_ir_view_distribution":{},"reconstruction_loss":0.5141825647231884,"sample_count":1,"symbolic_validity_penalty":0.0},"applied_count":0,"applied_updates":[],"autoencoder_claimed_count":0,"before":{"cosine_loss":0.7603463216717244,"cross_entropy_loss":1.3046428882220527,"decoded_embeddings":{"us-code-26-5369-50c850ff6c14b3d3":[0.16388291334244312,-0.16130038810793418,0.487662813408702,-0.24695192869312974,0.21116323643927593,-0.18026256767847262,-0.049967529539395164,-0.2776064276454128]},"embedding_cosine_similarity":0.23965367832827555,"frame_ranking_loss":0.0,"legal_ir_losses":{},"legal_ir_predicted_view_distribution":{},"legal_ir_target_count":0,"legal_ir_target_hashes":{},"legal_ir_view_distribution":{},"reconstruction_loss":0.5141825647231884,"sample_count":1,"symbolic_validity_penalty":0.0},"bridge_loss_failure_count":0,"bridge_loss_sample_count":0,"bridge_loss_signal_count":0,"claimed_count":0,"claimed_open_count":0,"completed_count":0,"completed_todo_ids":[],"cosine_similarity_delta":0.0,"created_at":"2026-05-26T18:27:56+00:00","cross_entropy_delta":0.0,"failed_validation_count":0,"failed_validation_todo_ids":[],"improved":false,"iteration":1,"loss_seeded_count":0,"pending_count":0,"program_synthesis_deduped_count":0,"program_synthesis_pending_count":0,"program_synthesis_seeded_count":0,"seeded_count":0,"validation_after":{"cosine_loss":1.8354035688755725,"cross_entropy_loss":1.8750438728534544,"decoded_embeddings":{"us-code-43-2634.-82e877489f424cd8":[-0.13852337601166964,-0.18023815044036567,0.04258343459750792,0.2213318526999245,-0.3292775869949599,-0.13530690394787995,0.04827901893617292,-0.6705088889938992]},"embedding_cosine_similarity":-0.8354035688755725,"frame_ranking_loss":0.0,"legal_ir_losses":{},"legal_ir_predicted_view_distribution":{},"legal_ir_target_count":0,"legal_ir_target_hashes":{},"legal_ir_view_distribution":{},"reconstruction_loss":0.5016970531142702,"sample_count":1,"symbolic_validity_penalty":0.0},"validation_before":{"cosine_loss":1.8354035688755725,"cross_entropy_loss":1.8750438728534544,"decoded_embeddings":{"us-code-43-2634.-82e877489f424cd8":[-0.13852337601166964,-0.18023815044036567,0.04258343459750792,0.2213318526999245,-0.3292775869949599,-0.13530690394787995,0.04827901893617292,-0.6705088889938992]},"embedding_cosine_similarity":-0.8354035688755725,"frame_ranking_loss":0.0,"legal_ir_losses":{},"legal_ir_predicted_view_distribution":{},"legal_ir_target_count":0,"legal_ir_target_hashes":{},"legal_ir_view_distribution":{},"reconstruction_loss":0.5016970531142702,"sample_count":1,"symbolic_validity_penalty":0.0},"validation_cosine_similarity_delta":0.0,"validation_cross_entropy_delta":0.0,"worker_id":"random-uscode-daemon-detached"}],"stopped_reason":"no_claimed_todos","validation_final_evaluation":{"cosine_loss":1.8354035688755725,"cross_entropy_loss":1.8750438728534544,"decoded_embeddings":{"us-code-43-2634.-82e877489f424cd8":[-0.13852337601166964,-0.18023815044036567,0.04258343459750792,0.2213318526999245,-0.3292775869949599,-0.13530690394787995,0.04827901893617292,-0.6705088889938992]},"embedding_cosine_similarity":-0.8354035688755725,"frame_ranking_loss":0.0,"legal_ir_losses":{},"legal_ir_predicted_view_distribution":{},"legal_ir_target_count":0,"legal_ir_target_hashes":{},"legal_ir_view_distribution":{},"reconstruction_loss":0.5016970531142702,"sample_count":1,"symbolic_validity_penalty":0.0}}
