{"final_evaluation":{"cosine_loss":0.29677230207736977,"cross_entropy_entropy_loss":0.25020121176909393,"cross_entropy_excess_loss":0.7688584027675804,"cross_entropy_loss":1.0190596145366744,"decoded_embeddings":{"us-code-2-31a-1-8bbdffa12c0e9f08":[-0.0181621145689376,-0.2753388815533282,-0.48818802719048177,-0.350163128406466,0.13393487729598538,-0.24245313261660187,0.5340753157605398,-0.5567755980170477],"us-code-36-110301-8f948b5be6e9501a":[-0.41025115,-0.28763865,-0.35888733000000006,0.04457064999999999,-0.07165894,0.010083580000000036,0.2973635,-0.21485853]},"embedding_cosine_similarity":0.7032276979226303,"frame_ranking_loss":0.0,"legal_ir_losses":{"legal_ir_multiview_acceptance_loss":0.0,"legal_ir_multiview_cosine_loss":0.41465984429432357,"legal_ir_multiview_cross_entropy_loss":0.39498432245113324,"legal_ir_multiview_frame_logic_missing_loss":0.0,"legal_ir_multiview_graph_failure_penalty":0.0,"legal_ir_multiview_proof_failure_ratio":0.0,"legal_ir_multiview_reconstruction_loss":0.10366498479633333,"legal_ir_multiview_text_reconstruction_loss":0.05852533333333333,"legal_ir_multiview_total_loss":1.4431633458269801,"legal_ir_multiview_view_coverage_loss":0.0,"legal_ir_view_cross_entropy_excess_loss":0.053997446777034996,"legal_ir_view_cross_entropy_loss":1.3677587387185668,"legal_ir_view_entropy_loss":1.3137612919415318,"legal_ir_view_family_cosine_gap_loss":0.05154197309507086,"legal_ir_view_family_cross_entropy_excess_loss":0.053997446777034885,"legal_ir_view_family_cross_entropy_loss":1.3677587387185668,"legal_ir_view_family_deontic_cosine_gap_loss":0.030493979767277912,"legal_ir_view_family_deontic_cross_entropy_excess_loss":0.043742920319995715,"legal_ir_view_family_deontic_cross_entropy_loss":0.719817801896409,"legal_ir_view_family_entropy_loss":1.3137612919415318,"legal_ir_view_family_frame_logic_cosine_gap_loss":4.203566561683525e-05,"legal_ir_view_family_frame_logic_cross_entropy_excess_loss":8.647849609400016e-05,"legal_ir_view_family_frame_logic_cross_entropy_loss":0.5682341954909105,"legal_ir_view_family_kg_cosine_gap_loss":0.00615872135419282,"legal_ir_view_family_kg_cross_entropy_excess_loss":0.017504984250885286,"legal_ir_view_family_kg_cross_entropy_loss":0.45559632051992033,"legal_ir_view_family_tdfol_cosine_gap_loss":0.0050187648497576065,"legal_ir_view_family_tdfol_cross_entropy_excess_loss":0.012979789259557561,"legal_ir_view_family_tdfol_cross_entropy_loss":0.4808376830937102},"legal_ir_predicted_view_distribution":{"TDFOL.prover":0.2445252496750429,"deontic.ir":0.2708446474321148,"knowledge_graphs.neo4j_compat":0.23493689993090938,"modal.frame_logic":0.24969320296193298},"legal_ir_target_count":2,"legal_ir_target_hashes":{"us-code-2-31a-1-8bbdffa12c0e9f08":"5bb70a011352dd2b348a1a3606d58a9cd1dc3c65b8ad5f6b46791342d98ba235","us-code-36-110301-8f948b5be6e9501a":"018e435db7eaed63a5ed4e6e30cc533d03f75bcfd9bef352ce4cd5051be5a886"},"legal_ir_view_distribution":{"TDFOL.prover":0.17768064911887615,"deontic.ir":0.40789059066137745,"knowledge_graphs.neo4j_compat":0.15906746198199412,"modal.frame_logic":0.25536129823775233},"reconstruction_loss":0.16800813754008415,"sample_count":2,"symbolic_validity_penalty":0.0},"steps":[{"after":{"cosine_loss":0.29677230207736977,"cross_entropy_entropy_loss":0.25020121176909393,"cross_entropy_excess_loss":0.7688584027675804,"cross_entropy_loss":1.0190596145366744,"decoded_embeddings":{"us-code-2-31a-1-8bbdffa12c0e9f08":[-0.0181621145689376,-0.2753388815533282,-0.48818802719048177,-0.350163128406466,0.13393487729598538,-0.24245313261660187,0.5340753157605398,-0.5567755980170477],"us-code-36-110301-8f948b5be6e9501a":[-0.41025115,-0.28763865,-0.35888733000000006,0.04457064999999999,-0.07165894,0.010083580000000036,0.2973635,-0.21485853]},"embedding_cosine_similarity":0.7032276979226303,"frame_ranking_loss":0.0,"legal_ir_losses":{"legal_ir_multiview_acceptance_loss":0.0,"legal_ir_multiview_cosine_loss":0.41465984429432357,"legal_ir_multiview_cross_entropy_loss":0.39498432245113324,"legal_ir_multiview_frame_logic_missing_loss":0.0,"legal_ir_multiview_graph_failure_penalty":0.0,"legal_ir_multiview_proof_failure_ratio":0.0,"legal_ir_multiview_reconstruction_loss":0.10366498479633333,"legal_ir_multiview_text_reconstruction_loss":0.05852533333333333,"legal_ir_multiview_total_loss":1.4431633458269801,"legal_ir_multiview_view_coverage_loss":0.0,"legal_ir_view_cross_entropy_excess_loss":0.053997446777034996,"legal_ir_view_cross_entropy_loss":1.3677587387185668,"legal_ir_view_entropy_loss":1.3137612919415318,"legal_ir_view_family_cosine_gap_loss":0.05154197309507086,"legal_ir_view_family_cross_entropy_excess_loss":0.053997446777034885,"legal_ir_view_family_cross_entropy_loss":1.3677587387185668,"legal_ir_view_family_deontic_cosine_gap_loss":0.030493979767277912,"legal_ir_view_family_deontic_cross_entropy_excess_loss":0.043742920319995715,"legal_ir_view_family_deontic_cross_entropy_loss":0.719817801896409,"legal_ir_view_family_entropy_loss":1.3137612919415318,"legal_ir_view_family_frame_logic_cosine_gap_loss":4.203566561683525e-05,"legal_ir_view_family_frame_logic_cross_entropy_excess_loss":8.647849609400016e-05,"legal_ir_view_family_frame_logic_cross_entropy_loss":0.5682341954909105,"legal_ir_view_family_kg_cosine_gap_loss":0.00615872135419282,"legal_ir_view_family_kg_cross_entropy_excess_loss":0.017504984250885286,"legal_ir_view_family_kg_cross_entropy_loss":0.45559632051992033,"legal_ir_view_family_tdfol_cosine_gap_loss":0.0050187648497576065,"legal_ir_view_family_tdfol_cross_entropy_excess_loss":0.012979789259557561,"legal_ir_view_family_tdfol_cross_entropy_loss":0.4808376830937102},"legal_ir_predicted_view_distribution":{"TDFOL.prover":0.2445252496750429,"deontic.ir":0.2708446474321148,"knowledge_graphs.neo4j_compat":0.23493689993090938,"modal.frame_logic":0.24969320296193298},"legal_ir_target_count":2,"legal_ir_target_hashes":{"us-code-2-31a-1-8bbdffa12c0e9f08":"5bb70a011352dd2b348a1a3606d58a9cd1dc3c65b8ad5f6b46791342d98ba235","us-code-36-110301-8f948b5be6e9501a":"018e435db7eaed63a5ed4e6e30cc533d03f75bcfd9bef352ce4cd5051be5a886"},"legal_ir_view_distribution":{"TDFOL.prover":0.17768064911887615,"deontic.ir":0.40789059066137745,"knowledge_graphs.neo4j_compat":0.15906746198199412,"modal.frame_logic":0.25536129823775233},"reconstruction_loss":0.16800813754008415,"sample_count":2,"symbolic_validity_penalty":0.0},"applied_count":2,"applied_updates":[{"action":"improve_encoder_decoder_reconstruction","changed":[],"sample_ids":["us-code-26-5674-1d78339074f2e5a4"],"todo_id":"e1d2d5d53f4e7513"},{"action":"improve_encoder_decoder_reconstruction","changed":["decoded_embedding"],"sample_ids":["us-code-54-302107.-1a598f5afd7740a6","us-code-46-5109.-319dd566b540075f","us-code-50-177 to 179.-9a3b58914a8ed249","us-code-36-110301-8f948b5be6e9501a","us-code-2-31a-1-8bbdffa12c0e9f08"],"todo_id":"1106e175c9bb3dce"}],"autoencoder_claimed_count":2,"before":{"cosine_loss":0.7775117957359381,"cross_entropy_entropy_loss":0.25020121176909393,"cross_entropy_excess_loss":0.7688584027675804,"cross_entropy_loss":1.0190596145366744,"decoded_embeddings":{"us-code-2-31a-1-8bbdffa12c0e9f08":[-0.083271,-0.337174,-0.224685,-0.142291,0.212998,-0.36347,0.569748,-0.553678],"us-code-36-110301-8f948b5be6e9501a":[-0.240646,-0.713403,-0.135972,0.492973,0.032495,-0.277784,0.152444,-0.264906]},"embedding_cosine_similarity":0.22248820426406193,"frame_ranking_loss":0.0,"legal_ir_losses":{"legal_ir_multiview_acceptance_loss":0.0,"legal_ir_multiview_cosine_loss":0.41465984429432357,"legal_ir_multiview_cross_entropy_loss":0.39498432245113324,"legal_ir_multiview_frame_logic_missing_loss":0.0,"legal_ir_multiview_graph_failure_penalty":0.0,"legal_ir_multiview_proof_failure_ratio":0.0,"legal_ir_multiview_reconstruction_loss":0.10366498479633333,"legal_ir_multiview_text_reconstruction_loss":0.05852533333333333,"legal_ir_multiview_total_loss":1.4431633458269801,"legal_ir_multiview_view_coverage_loss":0.0,