{"final_evaluation":{"cosine_loss":0.30331059882031286,"cross_entropy_loss":1.424099006979552,"decoded_embeddings":{"us-code-10-666-fb6fad4491b28d62":[-0.3460841474713039,-0.12216039052072798,0.3361975433521364,-0.10929656017434557,0.6431096176184519,-0.2738418691309357,0.14672397300087217,-0.1967512278558101]},"embedding_cosine_similarity":0.6966894011796871,"frame_ranking_loss":0.0,"legal_ir_losses":{},"legal_ir_predicted_view_distribution":{},"legal_ir_target_count":0,"legal_ir_target_hashes":{},"legal_ir_view_distribution":{},"reconstruction_loss":0.24754422350369354,"sample_count":1,"symbolic_validity_penalty":0.0},"steps":[{"after":{"cosine_loss":0.30331059882031286,"cross_entropy_loss":1.424099006979552,"decoded_embeddings":{"us-code-10-666-fb6fad4491b28d62":[-0.3460841474713039,-0.12216039052072798,0.3361975433521364,-0.10929656017434557,0.6431096176184519,-0.2738418691309357,0.14672397300087217,-0.1967512278558101]},"embedding_cosine_similarity":0.6966894011796871,"frame_ranking_loss":0.0,"legal_ir_losses":{},"legal_ir_predicted_view_distribution":{},"legal_ir_target_count":0,"legal_ir_target_hashes":{},"legal_ir_view_distribution":{},"reconstruction_loss":0.24754422350369354,"sample_count":1,"symbolic_validity_penalty":0.0},"applied_count":0,"applied_updates":[],"autoencoder_claimed_count":0,"before":{"cosine_loss":0.30331059882031286,"cross_entropy_loss":1.424099006979552,"decoded_embeddings":{"us-code-10-666-fb6fad4491b28d62":[-0.3460841474713039,-0.12216039052072798,0.3361975433521364,-0.10929656017434557,0.6431096176184519,-0.2738418691309357,0.14672397300087217,-0.1967512278558101]},"embedding_cosine_similarity":0.6966894011796871,"frame_ranking_loss":0.0,"legal_ir_losses":{},"legal_ir_predicted_view_distribution":{},"legal_ir_target_count":0,"legal_ir_target_hashes":{},"legal_ir_view_distribution":{},"reconstruction_loss":0.24754422350369354,"sample_count":1,"symbolic_validity_penalty":0.0},"bridge_loss_failure_count":0,"bridge_loss_sample_count":0,"bridge_loss_signal_count":0,"claimed_count":0,"claimed_open_count":0,"completed_count":0,"completed_todo_ids":[],"cosine_similarity_delta":0.0,"created_at":"2026-05-26T18:27:58+00:00","cross_entropy_delta":0.0,"failed_validation_count":0,"failed_validation_todo_ids":[],"improved":false,"iteration":1,"loss_seeded_count":0,"pending_count":0,"program_synthesis_deduped_count":0,"program_synthesis_pending_count":0,"program_synthesis_seeded_count":0,"seeded_count":0,"validation_after":{"cosine_loss":1.0708826976467059,"cross_entropy_loss":1.4435242743691235,"decoded_embeddings":{"us-code-10-14518-ad4cc19a08d6253d":[-0.2452087847797202,-0.3605289765146537,0.4327091398631765,0.025936691669950444,0.4058056504909923,-0.3057268581698255,0.2582489701006324,0.43463770430596516]},"embedding_cosine_similarity":-0.0708826976467058,"frame_ranking_loss":0.0,"legal_ir_losses":{},"legal_ir_predicted_view_distribution":{},"legal_ir_target_count":0,"legal_ir_target_hashes":{},"legal_ir_view_distribution":{},"reconstruction_loss":0.30663470391486336,"sample_count":1,"symbolic_validity_penalty":0.0},"validation_before":{"cosine_loss":1.0708826976467059,"cross_entropy_loss":1.4435242743691235,"decoded_embeddings":{"us-code-10-14518-ad4cc19a08d6253d":[-0.2452087847797202,-0.3605289765146537,0.4327091398631765,0.025936691669950444,0.4058056504909923,-0.3057268581698255,0.2582489701006324,0.43463770430596516]},"embedding_cosine_similarity":-0.0708826976467058,"frame_ranking_loss":0.0,"legal_ir_losses":{},"legal_ir_predicted_view_distribution":{},"legal_ir_target_count":0,"legal_ir_target_hashes":{},"legal_ir_view_distribution":{},"reconstruction_loss":0.30663470391486336,"sample_count":1,"symbolic_validity_penalty":0.0},"validation_cosine_similarity_delta":0.0,"validation_cross_entropy_delta":0.0,"worker_id":"random-uscode-daemon-detached"}],"stopped_reason":"no_claimed_todos","validation_final_evaluation":{"cosine_loss":1.0708826976467059,"cross_entropy_loss":1.4435242743691235,"decoded_embeddings":{"us-code-10-14518-ad4cc19a08d6253d":[-0.2452087847797202,-0.3605289765146537,0.4327091398631765,0.025936691669950444,0.4058056504909923,-0.3057268581698255,0.2582489701006324,0.43463770430596516]},"embedding_cosine_similarity":-0.0708826976467058,"frame_ranking_loss":0.0,"legal_ir_losses":{},"legal_ir_predicted_view_distribution":{},"legal_ir_target_count":0,"legal_ir_target_hashes":{},"legal_ir_view_distribution":{},"reconstruction_loss":0.30663470391486336,"sample_count":1,"symbolic_validity_penalty":0.0}}
