{"final_evaluation":{"cosine_loss":1.078602451709945,"cross_entropy_loss":1.6987613905714394,"decoded_embeddings":{"us-code-10-1580a-7874b643184a9e97":[-0.06531280517059894,0.22965756317769692,0.12161090523486182,-0.38526188440459497,0.4004949162545169,0.40339892919741865,-0.1926753137438709,0.811929579317732],"us-code-16-1261-70613f91e7e165fb":[0.06335810921805514,-0.07980109068834562,0.15601100457403022,0.07232656597859194,-0.1677051381434878,-0.4572598307043206,-0.04798251425327512,-0.2957866681612906],"us-code-22-9011-a89107a21a2aeed0":[-0.0045208729748028136,-0.3129128968526167,0.039244546925641464,0.03464095701119331,-0.46089323514522734,-0.07115171299723808,0.23944960901814133,-0.29734302861342526],"us-code-25-801-0006e17a2a4f7a83":[0.18051937587271197,0.1202051863498515,0.1875221199549139,0.27541779408882555,-0.39347837500688815,-0.23404537495584438,0.27381272702565185,-0.23316046421340414],"us-code-25-91-d086bad62f4c1db7":[0.22522189673947685,-0.5104906961396093,0.45720270302200255,0.3056071226885933,0.1484299397643747,0.007670098534467647,-0.16318079105789873,-0.14992484868214348],"us-code-36-240102-4580d51c92d7d60a":[-0.05609136921371472,-0.24156058080466203,-0.14371742564986578,0.32756913327238135,-0.15638650488251732,1.0352209963965542,0.11427507565106843,-0.23788272767767496],"us-code-39-5604-8aaf6004d52bde1c":[0.30755576440827076,-0.43189922917422785,0.49443594673229246,0.29645798649768473,-0.47948606514144254,0.35930678484812706,0.09359218191682737,0.19042904096875599],"us-code-44-2202.-438b432c00216c29":[0.08496736614071752,-0.5742929618591279,0.4738839023100381,0.26777000579488025,-0.25541880843595993,0.7078990316117327,-0.12549153517376704,0.3457740138828659]},"embedding_cosine_similarity":-0.07860245170994512,"frame_ranking_loss":0.0,"legal_ir_losses":{"legal_ir_multiview_acceptance_loss":0.0,"legal_ir_multiview_cosine_loss":0.3640456185588364,"legal_ir_multiview_cross_entropy_loss":1.0081584214396946,"legal_ir_multiview_frame_logic_missing_loss":0.0,"legal_ir_multiview_graph_failure_penalty":0.0,"legal_ir_multiview_proof_failure_ratio":0.0,"legal_ir_multiview_reconstruction_loss":0.09101139269466406,"legal_ir_multiview_text_reconstruction_loss":0.0,"legal_ir_multiview_total_loss":1.84509400886507,"legal_ir_multiview_view_coverage_loss":0.0,"legal_ir_view_cross_entropy_loss":0.7019092550424633},"legal_ir_predicted_view_distribution":{"deontic.ir":0.4340999955932558,"knowledge_graphs.neo4j_compat":0.5659000044067443},"legal_ir_target_count":8,"legal_ir_target_hashes":{"us-code-10-1580a-7874b643184a9e97":"76ed0fe9047a35f459883bfb306c11256a426137b3290911ce877b19da9fcade","us-code-16-1261-70613f91e7e165fb":"03826add9ceb23828508005e5a488c10471ac971e83fb310282f255ecf0f3675","us-code-22-9011-a89107a21a2aeed0":"de3268e226c7aeeb2ba89790f0c8925121e08deb95c5c29effba4b12e3402b5e","us-code-25-801-0006e17a2a4f7a83":"5a9047d84a4f1ce852f41db82a80313cbc678ac12550b522ca7997ac758e51e9","us-code-25-91-d086bad62f4c1db7":"28f484fea8a006beab97ba1ac06bba89abafd24d6746e2dec4f5f610102105b4","us-code-36-240102-4580d51c92d7d60a":"8091fd3e345ec80c5b67a1256a062a6f7b475bf66c604d26289527a3ccfa2335","us-code-39-5604-8aaf6004d52bde1c":"50df8888d2d9159271dadb03c250ed6713aedabbf6d1290b5dcc0c047ae23c6d","us-code-44-2202.-438b432c00216c29":"7fac0e1f26dedeb79aafbff33865291e41d29d2eec9722980b04ea063eb0af09"},"legal_ir_view_distribution":{"deontic.ir":0.5030926428552221,"knowledge_graphs.neo4j_compat":0.49690735714477785},"reconstruction_loss":0.4326666193433225,"sample_count":8,"symbolic_validity_penalty":0.0},"steps":[{"after":{"cosine_loss":1.078602451709945,"cross_entropy_loss":1.6987613905714394,"decoded_embeddings":{"us-code-10-1580a-7874b643184a9e97":[-0.06531280517059894,0.22965756317769692,0.12161090523486182,-0.38526188440459497,0.4004949162545169,0.40339892919741865,-0.1926753137438709,0.811929579317732],"us-code-16-1261-70613f91e7e165fb":[0.06335810921805514,-0.07980109068834562,0.15601100457403022,0.07232656597859194,-0.1677051381434878,-0.4572598307043206,-0.04798251425327512,-0.2957866681612906],"us-code-22-9011-a89107a21a2aeed0":[-0.0045208729748028136,-0.3129128968526167,0.039244546925641464,0.03464095701119331,-0.46089323514522734,-0.07115171299723808,0.23944960901814133,-0.29734302861342526],"us-code-25-801-0006e17a2a4f7a83":[0.18051937587271197,0.1202051863498515,0.1875221199549139,0.27541779408882555,-0.39347837500688815,-0.23404537495584438,0.27381272702565185,-0.23316046421340414],"us-code-25-91-d086bad62f4c1db7":[0.22522189673947685,-0.5104906961396093,0.45720270302200255,0.3056071226885933,0.1484299397643747,0.007670098534467647,-0.16318079105789873,-0.14992484868214348],"us-code-36-240102-4580d51c92d7d60a":[-0.05609136921371472,-0.24156058080466203,-0.14371742564986578,0.32756913327238135,-0.15638650488251732,1.0352209963965542,0.11427507565106843,-0.23788272767767496],"us-code-39-5604-8aaf6004d52bde1c":[0.30755576440827076,-0.43189922917422785,0.49443594673229246,0.29645798649768473,-0.47948606514144254,0.35930678484812706,0.09359218191682737,0.19042904096875599],"us-code-44-2202.-438b432c00216c29":[0.08496736614071752,-0.5742929618591279,0.4738839023100381,0.26777000579488025,-0.25541880843595993,0.7078990316117327,-0.12549153517376704,0.3457740138828659]},"embedding_cosine_similarity":-0.07860245170994512,"frame_ranking_loss":0.0,"legal_ir_losses":{"legal_ir_multiview_acceptance_loss":0.0,"legal_ir_multiview_cosine_loss":0.3640456185588364,"legal_ir_multiview_cross_entropy_loss":1.0081584214396946,"legal_ir_multiview_frame_logic_missing_loss":0.0,"legal_ir_multiview_graph_failure_penalty":0.0,"legal_ir_multiview_proof_failure_ratio":0.0,"legal_ir_multiview_reconstruction_loss":0.09101139269466406,"legal_ir_multiview_text_reconstruction_loss":0.0,"legal_ir_multiview_total_loss":1.84509400886507,"legal_ir_multiview_view_coverage_loss":0.0,"legal_ir_view_cross_entropy_loss":0.7019092550424633},"legal_ir_predicted_view_distribution":{"deontic.ir":0.4340999955932558,"knowledge_graphs.neo4j_compat":0.5659000044067443},"legal_ir_target_count":8,"legal_ir_target_hashes":{"us-code-10-1580a-7874b643184a9e97":"76ed0fe9047a35f459883bfb306c11256a426137b3290911ce877b19da9fcade","us-code-16-1261-70613f91e7e165fb":"03826add9ceb23828508005e5a488c10471ac971e83fb310282f255ecf0f3675","us-code-22-9011-a89107a21a2aeed0":"de3268e226c7aeeb2ba89790f0c8925121e08deb95c5c29effba4b12e3402b5e","us-code-25-801-0006e17a2a4f7a83":"5a9047d84a4f1ce852f41db82a80313cbc678ac12550b522ca7997ac758e51e9","us-code-25-91-d086bad62f4c1db7":"28f484fea8a006beab97ba1ac06bba89abafd24d6746e2dec4f5f610102105b4","us-code-36-240102-4580d51c92d7d60a":"8091fd3e345ec80c5b67a1256a062a6f7b475bf66c604d26289527a3ccfa2335","us-code-39-5604-8aaf6004d52bde1c":"50df8888d2d9159271dadb03c250ed6713aedabbf6d1290b5dcc0c047ae23c6d","us-code-44-2202.-438b432c00216c29":"7fac0e1f26dedeb79aafbff33865291e41d29d2eec9722980b04ea063eb0af09"},"legal_ir_view_distribution":{"deontic.ir":0.5030926428552221,"knowledge_graphs.neo4j_compat":0.49690735714477785},"reconstruction_loss":0.4326666193433225,"sample_count":8,"symbolic_validity_penalty":0.0},"applied_count":0,"applied_updates":[],"autoencoder_claimed_count":0,"before":{"cosine_loss":1.078602451709945,"cross_entropy_loss":1.6987613905714394,"decoded_embeddings":{"us-code-10-1580a-7874b643184a9e97":[-0.06531280517059894,0.22965756317769692,0.12161090523486182,-0.38526188440459497,0.4004949162545169,0.40339892919741865,-0.1926753137438709,0.811929579317732],"us-code-16-1261-70613f91e7e165fb":[0.06335810921805514,-0.07980109068834562,0.15601100457403022,0.07232656597859194,-0.1677051381434878,-0.4572598307043206,-0.04798251425327512,-0.2957866681612906],"us-code-22-9011-a89107a21a2aeed0":[-0.0045208729748028136,-0.3129128968526167,0.039244546925641464,0.03464095701119331,-0.46089323514522734,-0.07115171299723808,0.23944960901814133,-0.29734302861342526],