{"final_evaluation":{"cosine_loss":0.9381794717959289,"cross_entropy_entropy_loss":0.8902462951151819,"cross_entropy_excess_loss":1.4018706555198441,"cross_entropy_loss":2.292116950635026,"decoded_embeddings":{"us-code-12-2157-77db771dc94a6aeb":[0.238431,0.130205,0.657145,0.072336,0.144116,-0.112955,-0.212278,0.64073],"us-code-2-5513-e173899c308dc87f":[0.004521,-0.228874,0.225377,0.678519,0.17189,-0.044274,0.618891,-0.14792]},"embedding_cosine_similarity":0.061820528204071204,"frame_ranking_loss":0.0,"legal_ir_losses":{"legal_ir_multiview_acceptance_loss":0.0,"legal_ir_multiview_cosine_loss":0.15041616247945927,"legal_ir_multiview_cross_entropy_loss":0.861972262464652,"legal_ir_multiview_frame_logic_missing_loss":0.0,"legal_ir_multiview_graph_failure_penalty":0.0,"legal_ir_multiview_proof_failure_ratio":0.0,"legal_ir_multiview_reconstruction_loss":0.03760403323058333,"legal_ir_multiview_text_reconstruction_loss":0.13333333333333333,"legal_ir_multiview_total_loss":2.03090322010791,"legal_ir_multiview_view_coverage_loss":0.0,"legal_ir_view_cross_entropy_excess_loss":0.05407183762966672,"legal_ir_view_cross_entropy_loss":1.3777757815643508,"legal_ir_view_entropy_loss":1.3237039439346838,"legal_ir_view_family_cosine_gap_loss":0.04701713655303991,"legal_ir_view_family_cross_entropy_excess_loss":0.0540718376296665,"legal_ir_view_family_cross_entropy_loss":1.3777757815643505,"legal_ir_view_family_deontic_cosine_gap_loss":0.019937973179694868,"legal_ir_view_family_deontic_cross_entropy_excess_loss":0.03098673294711779,"legal_ir_view_family_deontic_cross_entropy_loss":0.6920127954211075,"legal_ir_view_family_entropy_loss":1.323703943934684,"legal_ir_view_family_frame_logic_cosine_gap_loss":0.00012400856054051168,"legal_ir_view_family_frame_logic_cross_entropy_excess_loss":0.0002605760338234564,"legal_ir_view_family_frame_logic_cross_entropy_loss":0.561005107875192,"legal_ir_view_family_kg_cosine_gap_loss":0.010848457939333256,"legal_ir_view_family_kg_cross_entropy_excess_loss":0.034308240377475124,"legal_ir_view_family_kg_cross_entropy_loss":0.4420845954376118,"legal_ir_view_family_tdfol_cosine_gap_loss":0.0024949915535735223,"legal_ir_view_family_tdfol_cross_entropy_excess_loss":0.0059084351114086775,"legal_ir_view_family_tdfol_cross_entropy_loss":0.5428608589420711},"legal_ir_predicted_view_distribution":{"TDFOL.prover":0.24834944906271522,"deontic.ir":0.26052896441635665,"knowledge_graphs.neo4j_compat":0.2415325868053495,"modal.frame_logic":0.24958899971557852},"legal_ir_target_count":2,"legal_ir_target_hashes":{"us-code-12-2157-77db771dc94a6aeb":"cbe388913b58e59cb7e788072b3807898b2a6ebb1237cdf30f17a47a39d929c8","us-code-2-5513-e173899c308dc87f":"d8d4173248dd1de74bb11eecbf163d935c5b7d7fc83dc4af7e63d47320b4004a"},"legal_ir_view_distribution":{"TDFOL.prover":0.23241820706190222,"deontic.ir":0.3740282416178876,"knowledge_graphs.neo4j_compat":0.1447614959978224,"modal.frame_logic":0.24879205532238777},"reconstruction_loss":0.5239750969485625,"sample_count":2,"symbolic_validity_penalty":0.0},"steps":[{"after":{"cosine_loss":0.9381794717959289,"cross_entropy_entropy_loss":0.8902462951151819,"cross_entropy_excess_loss":1.4018706555198441,"cross_entropy_loss":2.292116950635026,"decoded_embeddings":{"us-code-12-2157-77db771dc94a6aeb":[0.238431,0.130205,0.657145,0.072336,0.144116,-0.112955,-0.212278,0.64073],"us-code-2-5513-e173899c308dc87f":[0.004521,-0.228874,0.225377,0.678519,0.17189,-0.044274,0.618891,-0.14792]},"embedding_cosine_similarity":0.061820528204071204,"frame_ranking_loss":0.0,"legal_ir_losses":{"legal_ir_multiview_acceptance_loss":0.0,"legal_ir_multiview_cosine_loss":0.15041616247945927,"legal_ir_multiview_cross_entropy_loss":0.861972262464652,"legal_ir_multiview_frame_logic_missing_loss":0.0,"legal_ir_multiview_graph_failure_penalty":0.0,"legal_ir_multiview_proof_failure_ratio":0.0,"legal_ir_multiview_reconstruction_loss":0.03760403323058333,"legal_ir_multiview_text_reconstruction_loss":0.13333333333333333,"legal_ir_multiview_total_loss":2.03090322010791,"legal_ir_multiview_view_coverage_loss":0.0,"legal_ir_view_cross_entropy_excess_loss":0.05407183762966672,"legal_ir_view_cross_entropy_loss":1.3777757815643508,"legal_ir_view_entropy_loss":1.3237039439346838,"legal_ir_view_family_cosine_gap_loss":0.04701713655303991,"legal_ir_view_family_cross_entropy_excess_loss":0.0540718376296665,"legal_ir_view_family_cross_entropy_loss":1.3777757815643505,"legal_ir_view_family_deontic_cosine_gap_loss":0.019937973179694868,"legal_ir_view_family_deontic_cross_entropy_excess_loss":0.03098673294711779,"legal_ir_view_family_deontic_cross_entropy_loss":0.6920127954211075,"legal_ir_view_family_entropy_loss":1.323703943934684,"legal_ir_view_family_frame_logic_cosine_gap_loss":0.00012400856054051168,"legal_ir_view_family_frame_logic_cross_entropy_excess_loss":0.0002605760338234564,"legal_ir_view_family_frame_logic_cross_entropy_loss":0.561005107875192,"legal_ir_view_family_kg_cosine_gap_loss":0.010848457939333256,"legal_ir_view_family_kg_cross_entropy_excess_loss":0.034308240377475124,"legal_ir_view_family_kg_cross_entropy_loss":0.4420845954376118,"legal_ir_view_family_tdfol_cosine_gap_loss":0.0024949915535735223,"legal_ir_view_family_tdfol_cross_entropy_excess_loss":0.0059084351114086775,"legal_ir_view_family_tdfol_cross_entropy_loss":0.5428608589420711},"legal_ir_predicted_view_distribution":{"TDFOL.prover":0.24834944906271522,"deontic.ir":0.26052896441635665,"knowledge_graphs.neo4j_compat":0.2415325868053495,"modal.frame_logic":0.24958899971557852},"legal_ir_target_count":2,"legal_ir_target_hashes":{"us-code-12-2157-77db771dc94a6aeb":"cbe388913b58e59cb7e788072b3807898b2a6ebb1237cdf30f17a47a39d929c8","us-code-2-5513-e173899c308dc87f":"d8d4173248dd1de74bb11eecbf163d935c5b7d7fc83dc4af7e63d47320b4004a"},"legal_ir_view_distribution":{"TDFOL.prover":0.23241820706190222,"deontic.ir":0.3740282416178876,"knowledge_graphs.neo4j_compat":0.1447614959978224,"modal.frame_logic":0.24879205532238777},"reconstruction_loss":0.5239750969485625,"sample_count":2,"symbolic_validity_penalty":0.0},"applied_count":0,"applied_updates":[],"autoencoder_claimed_count":2,"before":{"cosine_loss":0.9381794717959289,"cross_entropy_entropy_loss":0.8902462951151819,"cross_entropy_excess_loss":1.4018706555198441,"cross_entropy_loss":2.292116950635026,"decoded_embeddings":{"us-code-12-2157-77db771dc94a6aeb":[0.238431,0.130205,0.657145,0.072336,0.144116,-0.112955,-0.212278,0.64073],"us-code-2-5513-e173899c308dc87f":[0.004521,-0.228874,0.225377,0.678519,0.17189,-0.044274,0.618891,-0.14792]},"embedding_cosine_similarity":0.061820528204071204,"frame_ranking_loss":0.0,"legal_ir_losses":{"legal_ir_multiview_acceptance_loss":0.0,"legal_ir_multiview_cosine_loss":0.15041616247945927,"legal_ir_multiview_cross_entropy_loss":0.861972262464652,"legal_ir_multiview_frame_logic_missing_loss":0.0,"legal_ir_multiview_graph_failure_penalty":0.0,"legal_ir_multiview_proof_failure_ratio":0.0,"legal_ir_multiview_reconstruction_loss":0.03760403323058333,"legal_ir_multiview_text_reconstruction_loss":0.13333333333333333,"legal_ir_multiview_total_loss":2.03090322010791,"legal_ir_multiview_view_coverage_loss":0.0,"legal_ir_view_cross_entropy_excess_loss":0.05407183762966672,"legal_ir_view_cross_entropy_loss":1.3777757815643508,"legal_ir_view_entropy_loss":1.3237039439346838,"legal_ir_view_family_cosine_gap_loss":0.04701713655303991,"legal_ir_view_family_cross_entropy_excess_loss":0.0540718376296665,"legal_ir_view_family_cross_entropy_loss":1.3777757815643505,"legal_ir_view_family_deontic_cosine_gap_loss":0.019937973179694868,"legal_ir_view_family_deontic_cross_entropy_excess_loss":0.03098673294711779,"legal_ir_view_family_deontic_cross_entropy_loss":0.6920127954211075,"legal_ir_view_family_entropy_loss":1.323703943934684,"legal_ir_view_family_frame_logic_cosine_gap_loss":0.00012400856054051168,"legal_ir_view_family_frame_logic_cross_entropy_excess_loss":0.0002605760338234564,