{"final_evaluation":{"cosine_loss":0.8246728495677185,"cross_entropy_loss":1.9636402216090763,"decoded_embeddings":{"us-code-15-8963-cfa7deb0acd6538a":[-0.11233682304770168,-0.18991806784552184,0.3779355326364351,-0.014976257265570461,0.42769352003977634,0.11454032972827981,0.21876836676877937,0.43239662216234526],"us-code-21-202-06415618e12a1c12":[0.16974390001028677,-0.005438203023884424,0.32557482405269533,-0.18014692565294338,-0.06699213707971857,0.11615318202122936,0.12431324029103868,0.8529325699680386],"us-code-28-1826-207bf5acbf25956a":[0.16940914269619836,-0.3988793709040952,0.05716909594490721,0.3418768655189668,0.8370737040889199,-0.003950926984671782,0.23885168042294608,0.07072592290586378],"us-code-42-211a.-f12aa7739c0f500d":[-0.0030659167679925325,-0.3908117992413071,0.03927924007686359,0.22113146248430537,-0.3155335940587199,0.050710097773173514,-0.1397607104622467,-0.7461967681574044]},"embedding_cosine_similarity":0.1753271504322815,"frame_ranking_loss":0.0,"legal_ir_losses":{"legal_ir_multiview_acceptance_loss":0.0,"legal_ir_multiview_cosine_loss":0.16421267457217084,"legal_ir_multiview_cross_entropy_loss":0.26268302412862105,"legal_ir_multiview_frame_logic_missing_loss":0.0,"legal_ir_multiview_graph_failure_penalty":0.0,"legal_ir_multiview_proof_failure_ratio":0.0,"legal_ir_multiview_reconstruction_loss":0.07318870379885938,"legal_ir_multiview_text_reconstruction_loss":0.0,"legal_ir_multiview_total_loss":0.7331073086271023,"legal_ir_multiview_view_coverage_loss":0.0,"legal_ir_view_cross_entropy_loss":1.5776539643734806},"legal_ir_predicted_view_distribution":{"CEC.native":0.21801408624402424,"TDFOL.prover":0.2114677392690543,"deontic.ir":0.2512978643465178,"knowledge_graphs.neo4j_compat":0.18174984869189886,"zkp.circuits":0.1374704614485048},"legal_ir_target_count":4,"legal_ir_target_hashes":{"us-code-15-8963-cfa7deb0acd6538a":"b70e3296c5560f5b1d0ae173dc71a7dc7bd5f93fed7817341f062b2308e8ca15","us-code-21-202-06415618e12a1c12":"6ec88ca42c886a8937b53bd9d7acafd697dbe937ebd41731b3d13da4afaa5b52","us-code-28-1826-207bf5acbf25956a":"51934960cbcdf3dce5ae3cf7ed3c9142bfe25e0deff6c1a3b7cbaf5dcdaa312e","us-code-42-211a.-f12aa7739c0f500d":"d24c77d205a08ef4fa2a04d2e05bdb1daf21216071b50a56fa54a0a3d4be3f84"},"legal_ir_view_distribution":{"CEC.native":0.22634000810465416,"TDFOL.prover":0.21370364346661874,"deontic.ir":0.2614807108711661,"knowledge_graphs.neo4j_compat":0.18097563755756102,"zkp.circuits":0.11750000000000001},"reconstruction_loss":0.35847372740768474,"sample_count":4,"symbolic_validity_penalty":0.0},"steps":[{"after":{"cosine_loss":0.8246728495677185,"cross_entropy_loss":1.9636402216090763,"decoded_embeddings":{"us-code-15-8963-cfa7deb0acd6538a":[-0.11233682304770168,-0.18991806784552184,0.3779355326364351,-0.014976257265570461,0.42769352003977634,0.11454032972827981,0.21876836676877937,0.43239662216234526],"us-code-21-202-06415618e12a1c12":[0.16974390001028677,-0.005438203023884424,0.32557482405269533,-0.18014692565294338,-0.06699213707971857,0.11615318202122936,0.12431324029103868,0.8529325699680386],"us-code-28-1826-207bf5acbf25956a":[0.16940914269619836,-0.3988793709040952,0.05716909594490721,0.3418768655189668,0.8370737040889199,-0.003950926984671782,0.23885168042294608,0.07072592290586378],"us-code-42-211a.-f12aa7739c0f500d":[-0.0030659167679925325,-0.3908117992413071,0.03927924007686359,0.22113146248430537,-0.3155335940587199,0.050710097773173514,-0.1397607104622467,-0.7461967681574044]},"embedding_cosine_similarity":0.1753271504322815,"frame_ranking_loss":0.0,"legal_ir_losses":{"legal_ir_multiview_acceptance_loss":0.0,"legal_ir_multiview_cosine_loss":0.16421267457217084,"legal_ir_multiview_cross_entropy_loss":0.26268302412862105,"legal_ir_multiview_frame_logic_missing_loss":0.0,"legal_ir_multiview_graph_failure_penalty":0.0,"legal_ir_multiview_proof_failure_ratio":0.0,"legal_ir_multiview_reconstruction_loss":0.07318870379885938,"legal_ir_multiview_text_reconstruction_loss":0.0,"legal_ir_multiview_total_loss":0.7331073086271023,"legal_ir_multiview_view_coverage_loss":0.0,"legal_ir_view_cross_entropy_loss":1.5776539643734806},"legal_ir_predicted_view_distribution":{"CEC.native":0.21801408624402424,"TDFOL.prover":0.2114677392690543,"deontic.ir":0.2512978643465178,"knowledge_graphs.neo4j_compat":0.18174984869189886,"zkp.circuits":0.1374704614485048},"legal_ir_target_count":4,"legal_ir_target_hashes":{"us-code-15-8963-cfa7deb0acd6538a":"b70e3296c5560f5b1d0ae173dc71a7dc7bd5f93fed7817341f062b2308e8ca15","us-code-21-202-06415618e12a1c12":"6ec88ca42c886a8937b53bd9d7acafd697dbe937ebd41731b3d13da4afaa5b52","us-code-28-1826-207bf5acbf25956a":"51934960cbcdf3dce5ae3cf7ed3c9142bfe25e0deff6c1a3b7cbaf5dcdaa312e","us-code-42-211a.-f12aa7739c0f500d":"d24c77d205a08ef4fa2a04d2e05bdb1daf21216071b50a56fa54a0a3d4be3f84"},"legal_ir_view_distribution":{"CEC.native":0.22634000810465416,"TDFOL.prover":0.21370364346661874,"deontic.ir":0.2614807108711661,"knowledge_graphs.neo4j_compat":0.18097563755756102,"zkp.circuits":0.11750000000000001},"reconstruction_loss":0.35847372740768474,"sample_count":4,"symbolic_validity_penalty":0.0},"applied_count":0,"applied_updates":[],"autoencoder_claimed_count":0,"before":{"cosine_loss":0.8246728495677185,"cross_entropy_loss":1.9636402216090763,"decoded_embeddings":{"us-code-15-8963-cfa7deb0acd6538a":[-0.11233682304770168,-0.18991806784552184,0.3779355326364351,-0.014976257265570461,0.42769352003977634,0.11454032972827981,0.21876836676877937,0.43239662216234526],"us-code-21-202-06415618e12a1c12":[0.16974390001028677,-0.005438203023884424,0.32557482405269533,-0.18014692565294338,-0.06699213707971857,0.11615318202122936,0.12431324029103868,0.8529325699680386],"us-code-28-1826-207bf5acbf25956a":[0.16940914269619836,-0.3988793709040952,0.05716909594490721,0.3418768655189668,0.8370737040889199,-0.003950926984671782,0.23885168042294608,0.07072592290586378],"us-code-42-211a.-f12aa7739c0f500d":[-0.0030659167679925325,-0.3908117992413071,0.03927924007686359,0.22113146248430537,-0.3155335940587199,0.050710097773173514,-0.1397607104622467,-0.7461967681574044]},"embedding_cosine_similarity":0.1753271504322815,"frame_ranking_loss":0.0,"legal_ir_losses":{"legal_ir_multiview_acceptance_loss":0.0,"legal_ir_multiview_cosine_loss":0.16421267457217084,"legal_ir_multiview_cross_entropy_loss":0.26268302412862105,"legal_ir_multiview_frame_logic_missing_loss":0.0,"legal_ir_multiview_graph_failure_penalty":0.0,"legal_ir_multiview_proof_failure_ratio":0.0,"legal_ir_multiview_reconstruction_loss":0.07318870379885938,"legal_ir_multiview_text_reconstruction_loss":0.0,"legal_ir_multiview_total_loss":0.7331073086271023,"legal_ir_multiview_view_coverage_loss":0.0,"legal_ir_view_cross_entropy_loss":1.5776539643734806},"legal_ir_predicted_view_distribution":{"CEC.native":0.21801408624402424,"TDFOL.prover":0.2114677392690543,"deontic.ir":0.2512978643465178,"knowledge_graphs.neo4j_compat":0.18174984869189886,"zkp.circuits":0.1374704614485048},"legal_ir_target_count":4,"legal_ir_target_hashes":{"us-code-15-8963-cfa7deb0acd6538a":"b70e3296c5560f5b1d0ae173dc71a7dc7bd5f93fed7817341f062b2308e8ca15","us-code-21-202-06415618e12a1c12":"6ec88ca42c886a8937b53bd9d7acafd697dbe937ebd41731b3d13da4afaa5b52","us-code-28-1826-207bf5acbf25956a":"51934960cbcdf3dce5ae3cf7ed3c9142bfe25e0deff6c1a3b7cbaf5dcdaa312e","us-code-42-211a.-f12aa7739c0f500d":"d24c77d205a08ef4fa2a04d2e05bdb1daf21216071b50a56fa54a0a3d4be3f84"},"legal_ir_view_distribution":{"CEC.native":0.22634000810465416,"TDFOL.prover":0.21370364346661874,"deontic.ir":0.2614807108711661,"knowledge_graphs.neo4j_compat":0.18097563755756102,"zkp.circuits":0.11750000000000001},"reconstruction_loss":0.35847372740768474,"sample_count":4,"symbolic_validity_penalty":0.0},"bridge_loss_failure_count":0,"bridge_loss_sample_count":4,"bridge_loss_signal_count":37,"claimed_count":0,"claimed_open_count":0,"completed_count":0,"completed_todo_ids":[],"cosine_similarity_delta":0.0,"created_at":"2026-05-25T06:19:56+00:00",