{"final_evaluation":{"cosine_loss":0.7545179033435483,"cross_entropy_loss":1.761395530185526,"decoded_embeddings":{"us-code-2-933-aaa7fe88bdbe4bc2":[-0.2436265110480697,0.20945232105228018,0.368038420205927,0.03236266709058518,-0.29915353196983496,-0.13494788066087246,0.02799562517003923,-0.48594025502748794],"us-code-20-7703d-5772575b50b562b1":[-0.4897463316772211,0.08720209967333495,0.1511044260229896,-0.01072904963698007,-0.1195879200912971,-0.3894258789440532,0.2111764786183421,-0.012305010752481776],"us-code-26-956-9e0afd88b4b65acf":[-0.17166209624638262,-0.3201573368465369,0.2874869243944261,-0.06962444125382655,0.01650027898767205,-0.08509657605532582,0.48011488034722166,0.315456861954617],"us-code-42-290bb-9b1f56df1a2f1c4e":[-0.19881496495368614,-0.1891752630971606,0.27574137989440883,-0.004885576982548351,-0.28880836156926637,-0.32104991555690765,-0.341196629382958,-0.17272385072625857]},"embedding_cosine_similarity":0.24548209665645163,"frame_ranking_loss":0.0,"legal_ir_losses":{"legal_ir_multiview_acceptance_loss":0.0,"legal_ir_multiview_cosine_loss":0.19192631892415352,"legal_ir_multiview_cross_entropy_loss":0.24327516765344687,"legal_ir_multiview_frame_logic_missing_loss":0.0,"legal_ir_multiview_graph_failure_penalty":0.0,"legal_ir_multiview_proof_failure_ratio":0.0,"legal_ir_multiview_reconstruction_loss":0.0685264638188125,"legal_ir_multiview_text_reconstruction_loss":0.0,"legal_ir_multiview_total_loss":0.7988720947373377,"legal_ir_multiview_view_coverage_loss":0.0,"legal_ir_view_cross_entropy_loss":1.569159704408345},"legal_ir_predicted_view_distribution":{"CEC.native":0.21082910873629304,"TDFOL.prover":0.213068245227375,"deontic.ir":0.24622424905930357,"knowledge_graphs.neo4j_compat":0.1753948513395713,"zkp.circuits":0.15448354563745711},"legal_ir_target_count":4,"legal_ir_target_hashes":{"us-code-2-933-aaa7fe88bdbe4bc2":"43f00b7f4fea9132b587d28db118721342bb641ce4b15104795d9787ef2fbc31","us-code-20-7703d-5772575b50b562b1":"9960e19fa8c1883a1cb951350d0166301174031957a469fb6355c206f00022de","us-code-26-956-9e0afd88b4b65acf":"49950a4fa96c72d207495adc52f74115b16d11db4958876da76b54022c7848ac","us-code-42-290bb-9b1f56df1a2f1c4e":"3280c5ac5e0fb08cd15eb57e816ad10015df8bc6685f4a6866a16caf21a26e27"},"legal_ir_view_distribution":{"CEC.native":0.22690541648269758,"TDFOL.prover":0.22824300888599064,"deontic.ir":0.2851291357161974,"knowledge_graphs.neo4j_compat":0.15472243891511434,"zkp.circuits":0.10500000000000001},"reconstruction_loss":0.24977196031594806,"sample_count":4,"symbolic_validity_penalty":0.0},"steps":[{"after":{"cosine_loss":0.7545179033435483,"cross_entropy_loss":1.761395530185526,"decoded_embeddings":{"us-code-2-933-aaa7fe88bdbe4bc2":[-0.2436265110480697,0.20945232105228018,0.368038420205927,0.03236266709058518,-0.29915353196983496,-0.13494788066087246,0.02799562517003923,-0.48594025502748794],"us-code-20-7703d-5772575b50b562b1":[-0.4897463316772211,0.08720209967333495,0.1511044260229896,-0.01072904963698007,-0.1195879200912971,-0.3894258789440532,0.2111764786183421,-0.012305010752481776],"us-code-26-956-9e0afd88b4b65acf":[-0.17166209624638262,-0.3201573368465369,0.2874869243944261,-0.06962444125382655,0.01650027898767205,-0.08509657605532582,0.48011488034722166,0.315456861954617],"us-code-42-290bb-9b1f56df1a2f1c4e":[-0.19881496495368614,-0.1891752630971606,0.27574137989440883,-0.004885576982548351,-0.28880836156926637,-0.32104991555690765,-0.341196629382958,-0.17272385072625857]},"embedding_cosine_similarity":0.24548209665645163,"frame_ranking_loss":0.0,"legal_ir_losses":{"legal_ir_multiview_acceptance_loss":0.0,"legal_ir_multiview_cosine_loss":0.19192631892415352,"legal_ir_multiview_cross_entropy_loss":0.24327516765344687,"legal_ir_multiview_frame_logic_missing_loss":0.0,"legal_ir_multiview_graph_failure_penalty":0.0,"legal_ir_multiview_proof_failure_ratio":0.0,"legal_ir_multiview_reconstruction_loss":0.0685264638188125,"legal_ir_multiview_text_reconstruction_loss":0.0,"legal_ir_multiview_total_loss":0.7988720947373377,"legal_ir_multiview_view_coverage_loss":0.0,"legal_ir_view_cross_entropy_loss":1.569159704408345},"legal_ir_predicted_view_distribution":{"CEC.native":0.21082910873629304,"TDFOL.prover":0.213068245227375,"deontic.ir":0.24622424905930357,"knowledge_graphs.neo4j_compat":0.1753948513395713,"zkp.circuits":0.15448354563745711},"legal_ir_target_count":4,"legal_ir_target_hashes":{"us-code-2-933-aaa7fe88bdbe4bc2":"43f00b7f4fea9132b587d28db118721342bb641ce4b15104795d9787ef2fbc31","us-code-20-7703d-5772575b50b562b1":"9960e19fa8c1883a1cb951350d0166301174031957a469fb6355c206f00022de","us-code-26-956-9e0afd88b4b65acf":"49950a4fa96c72d207495adc52f74115b16d11db4958876da76b54022c7848ac","us-code-42-290bb-9b1f56df1a2f1c4e":"3280c5ac5e0fb08cd15eb57e816ad10015df8bc6685f4a6866a16caf21a26e27"},"legal_ir_view_distribution":{"CEC.native":0.22690541648269758,"TDFOL.prover":0.22824300888599064,"deontic.ir":0.2851291357161974,"knowledge_graphs.neo4j_compat":0.15472243891511434,"zkp.circuits":0.10500000000000001},"reconstruction_loss":0.24977196031594806,"sample_count":4,"symbolic_validity_penalty":0.0},"applied_count":8,"applied_updates":[{"action":"improve_legal_ir_view_distribution","changed":["legal_ir_view_logits"],"sample_ids":["us-code-42-290bb-9b1f56df1a2f1c4e","us-code-26-956-9e0afd88b4b65acf"],"todo_id":"caf432294573d7f3"},{"action":"improve_legal_ir_view_distribution","changed":["legal_ir_view_logits"],"sample_ids":["us-code-20-7703d-5772575b50b562b1"],"todo_id":"e853dd952cd17ece"},{"action":"improve_legal_ir_view_distribution","changed":["legal_ir_view_logits"],"sample_ids":["us-code-2-933-aaa7fe88bdbe4bc2"],"todo_id":"bc660baf12b7d2e9"},{"action":"improve_modal_family_classifier","changed":["family_logits"],"sample_ids":["us-code-42-290bb-9b1f56df1a2f1c4e","us-code-26-956-9e0afd88b4b65acf"],"todo_id":"c73253d5b82c9101"},{"action":"improve_modal_family_classifier","changed":["family_logits"],"sample_ids":["us-code-20-7703d-5772575b50b562b1"],"todo_id":"fe63e9a074df8486"},{"action":"improve_modal_family_classifier","changed":["family_logits"],"sample_ids":["us-code-2-933-aaa7fe88bdbe4bc2"],"todo_id":"94da16f582b8fd52"},{"action":"improve_encoder_decoder_reconstruction","changed":["decoded_embedding"],"sample_ids":["us-code-42-290bb-9b1f56df1a2f1c4e","us-code-26-956-9e0afd88b4b65acf"],"todo_id":"5deff3147305f5fc"},{"action":"improve_encoder_decoder_reconstruction","changed":["decoded_embedding"],"sample_ids":["us-code-20-7703d-5772575b50b562b1"],"todo_id":"1838c9a14efb5e6d"}],"autoencoder_claimed_count":8,"before":{"cosine_loss":1.0321779186694657,"cross_entropy_loss":1.4981213956860708,"decoded_embeddings":{"us-code-2-933-aaa7fe88bdbe4bc2":[-0.24261240721548977,0.07414008947224046,0.41211045558168286,-0.0026737790988107663,-0.2753980599094024,-0.1482132454168043,0.04059948144626266,-0.47209075975656917],"us-code-20-7703d-5772575b50b562b1":[-0.4954770962804484,-0.09361492324515262,0.326252336235888,-0.11232702667812844,-0.13248796588694256,-0.30020975582190934,0.413785310952447,0.12551769133932678],"us-code-26-956-9e0afd88b4b65acf":[-0.20582348840906572,-0.6199141939713816,0.28267068821023417,-0.013534647347833544,0.0125294788556633,-0.1144087571213853,0.42435908480450973,0.1948859684701168],"us-code-42-290bb-9b1f56df1a2f1c4e":[-0.12988711799123073,-0.4971691431905009,0.28782236096445674,-0.1657248013646505,-0.06310089106842548,-0.5678344938290384,-0.5684079296985528,-0.16555851489758133]},"embedding_cosine_similarity":-0.03217791866946573,"frame_ranking_loss":0.0,"legal_ir_losses":{"legal_ir_multiview_acceptance_loss":0.0,"legal_ir_multiview_cosine_loss":0.19192631892415352,"legal_ir_multiview_cross_entropy_loss":0.24327516765344687,"legal_ir_multiview_frame_logic_missing_loss":0.0,"legal_ir_multiview_graph_failure_penalty":0.0,"legal_ir_multiview_proof_failure_ratio":0.0,"legal_ir_multiview_reconstruction_loss":0.0685264638188125,"legal_ir_multiview_text_reconstruction_loss":0.0,