{"final_evaluation":{"cosine_loss":0.9449511112884056,"cross_entropy_loss":1.3885123730592406,"decoded_embeddings":{"us-code-42-11046.-64d6a411fbdef194":[0.058529877421680254,0.09936180394878749,0.3937377532401639,-0.4676712303217887,0.15978208156599283,-0.11796906904974863,0.27227765200643833,0.006057063703125851],"us-code-42-17195a.-cefecfa10c828ad7":[0.17037059197680676,0.13460268749815243,0.33205508259498306,-0.43898323553451346,0.02885320304658104,-0.20244912071745177,-0.256428886777983,0.4227441835479101],"us-code-42-3715.-11d5545a3e32e944":[-0.14729020046916386,-0.6366034845710233,0.10747805381361797,-0.20689680231399776,-0.3239380115320729,-0.13879413393736592,0.40541659918162676,-0.08338866945046411],"us-code-43-3003.-76f583d345f67476":[-0.3044249797618506,0.013311464840133014,-0.04803857428722866,0.0024426822042134255,-0.01196222499440236,-0.3495114161123697,0.034188217172516175,0.7766895085813551]},"embedding_cosine_similarity":0.05504888871159441,"frame_ranking_loss":0.0,"legal_ir_losses":{"legal_ir_multiview_acceptance_loss":0.0,"legal_ir_multiview_cosine_loss":0.18799799351535978,"legal_ir_multiview_cross_entropy_loss":0.23060902086593935,"legal_ir_multiview_frame_logic_missing_loss":0.0,"legal_ir_multiview_graph_failure_penalty":0.0,"legal_ir_multiview_proof_failure_ratio":0.0,"legal_ir_multiview_reconstruction_loss":0.07690718279586979,"legal_ir_multiview_text_reconstruction_loss":0.0,"legal_ir_multiview_total_loss":0.6868227180105022,"legal_ir_multiview_view_coverage_loss":0.0,"legal_ir_view_cross_entropy_loss":1.590840975705785},"legal_ir_predicted_view_distribution":{"CEC.native":0.21945212951668647,"TDFOL.prover":0.1968370086067076,"deontic.ir":0.22561479078294533,"knowledge_graphs.neo4j_compat":0.19702907618448523,"zkp.circuits":0.16106699490917536},"legal_ir_target_count":4,"legal_ir_target_hashes":{"us-code-42-11046.-64d6a411fbdef194":"fa218ad33c9de4d564fa99d0cb920dab2ae70047b3fbefb87dfa777f364a3424","us-code-42-17195a.-cefecfa10c828ad7":"7b4bd7f990929f7adfcdc0cc40eb5d4b29c765868bed1cf2c45af91c8f45f430","us-code-42-3715.-11d5545a3e32e944":"64c84479f905ec491edb0f70a5b31cd47012f9fbd43ad8275a47bbbc8720e4e1","us-code-43-3003.-76f583d345f67476":"965edb44532a348ce1b89eb84b82c3f5aeaadc6c9142e7e28262e67fb60ef8d2"},"legal_ir_view_distribution":{"CEC.native":0.23604115974220938,"TDFOL.prover":0.19697915162392515,"deontic.ir":0.2506512992149849,"knowledge_graphs.neo4j_compat":0.18632838941888058,"zkp.circuits":0.13},"reconstruction_loss":0.364053988567261,"sample_count":4,"symbolic_validity_penalty":0.0},"steps":[{"after":{"cosine_loss":0.9449511112884056,"cross_entropy_loss":1.3885123730592406,"decoded_embeddings":{"us-code-42-11046.-64d6a411fbdef194":[0.058529877421680254,0.09936180394878749,0.3937377532401639,-0.4676712303217887,0.15978208156599283,-0.11796906904974863,0.27227765200643833,0.006057063703125851],"us-code-42-17195a.-cefecfa10c828ad7":[0.17037059197680676,0.13460268749815243,0.33205508259498306,-0.43898323553451346,0.02885320304658104,-0.20244912071745177,-0.256428886777983,0.4227441835479101],"us-code-42-3715.-11d5545a3e32e944":[-0.14729020046916386,-0.6366034845710233,0.10747805381361797,-0.20689680231399776,-0.3239380115320729,-0.13879413393736592,0.40541659918162676,-0.08338866945046411],"us-code-43-3003.-76f583d345f67476":[-0.3044249797618506,0.013311464840133014,-0.04803857428722866,0.0024426822042134255,-0.01196222499440236,-0.3495114161123697,0.034188217172516175,0.7766895085813551]},"embedding_cosine_similarity":0.05504888871159441,"frame_ranking_loss":0.0,"legal_ir_losses":{"legal_ir_multiview_acceptance_loss":0.0,"legal_ir_multiview_cosine_loss":0.18799799351535978,"legal_ir_multiview_cross_entropy_loss":0.23060902086593935,"legal_ir_multiview_frame_logic_missing_loss":0.0,"legal_ir_multiview_graph_failure_penalty":0.0,"legal_ir_multiview_proof_failure_ratio":0.0,"legal_ir_multiview_reconstruction_loss":0.07690718279586979,"legal_ir_multiview_text_reconstruction_loss":0.0,"legal_ir_multiview_total_loss":0.6868227180105022,"legal_ir_multiview_view_coverage_loss":0.0,"legal_ir_view_cross_entropy_loss":1.590840975705785},"legal_ir_predicted_view_distribution":{"CEC.native":0.21945212951668647,"TDFOL.prover":0.1968370086067076,"deontic.ir":0.22561479078294533,"knowledge_graphs.neo4j_compat":0.19702907618448523,"zkp.circuits":0.16106699490917536},"legal_ir_target_count":4,"legal_ir_target_hashes":{"us-code-42-11046.-64d6a411fbdef194":"fa218ad33c9de4d564fa99d0cb920dab2ae70047b3fbefb87dfa777f364a3424","us-code-42-17195a.-cefecfa10c828ad7":"7b4bd7f990929f7adfcdc0cc40eb5d4b29c765868bed1cf2c45af91c8f45f430","us-code-42-3715.-11d5545a3e32e944":"64c84479f905ec491edb0f70a5b31cd47012f9fbd43ad8275a47bbbc8720e4e1","us-code-43-3003.-76f583d345f67476":"965edb44532a348ce1b89eb84b82c3f5aeaadc6c9142e7e28262e67fb60ef8d2"},"legal_ir_view_distribution":{"CEC.native":0.23604115974220938,"TDFOL.prover":0.19697915162392515,"deontic.ir":0.2506512992149849,"knowledge_graphs.neo4j_compat":0.18632838941888058,"zkp.circuits":0.13},"reconstruction_loss":0.364053988567261,"sample_count":4,"symbolic_validity_penalty":0.0},"applied_count":0,"applied_updates":[],"autoencoder_claimed_count":0,"before":{"cosine_loss":0.9449511112884056,"cross_entropy_loss":1.3885123730592406,"decoded_embeddings":{"us-code-42-11046.-64d6a411fbdef194":[0.058529877421680254,0.09936180394878749,0.3937377532401639,-0.4676712303217887,0.15978208156599283,-0.11796906904974863,0.27227765200643833,0.006057063703125851],"us-code-42-17195a.-cefecfa10c828ad7":[0.17037059197680676,0.13460268749815243,0.33205508259498306,-0.43898323553451346,0.02885320304658104,-0.20244912071745177,-0.256428886777983,0.4227441835479101],"us-code-42-3715.-11d5545a3e32e944":[-0.14729020046916386,-0.6366034845710233,0.10747805381361797,-0.20689680231399776,-0.3239380115320729,-0.13879413393736592,0.40541659918162676,-0.08338866945046411],"us-code-43-3003.-76f583d345f67476":[-0.3044249797618506,0.013311464840133014,-0.04803857428722866,0.0024426822042134255,-0.01196222499440236,-0.3495114161123697,0.034188217172516175,0.7766895085813551]},"embedding_cosine_similarity":0.05504888871159441,"frame_ranking_loss":0.0,"legal_ir_losses":{"legal_ir_multiview_acceptance_loss":0.0,"legal_ir_multiview_cosine_loss":0.18799799351535978,"legal_ir_multiview_cross_entropy_loss":0.23060902086593935,"legal_ir_multiview_frame_logic_missing_loss":0.0,"legal_ir_multiview_graph_failure_penalty":0.0,"legal_ir_multiview_proof_failure_ratio":0.0,"legal_ir_multiview_reconstruction_loss":0.07690718279586979,"legal_ir_multiview_text_reconstruction_loss":0.0,"legal_ir_multiview_total_loss":0.6868227180105022,"legal_ir_multiview_view_coverage_loss":0.0,"legal_ir_view_cross_entropy_loss":1.590840975705785},"legal_ir_predicted_view_distribution":{"CEC.native":0.21945212951668647,"TDFOL.prover":0.1968370086067076,"deontic.ir":0.22561479078294533,"knowledge_graphs.neo4j_compat":0.19702907618448523,"zkp.circuits":0.16106699490917536},"legal_ir_target_count":4,"legal_ir_target_hashes":{"us-code-42-11046.-64d6a411fbdef194":"fa218ad33c9de4d564fa99d0cb920dab2ae70047b3fbefb87dfa777f364a3424","us-code-42-17195a.-cefecfa10c828ad7":"7b4bd7f990929f7adfcdc0cc40eb5d4b29c765868bed1cf2c45af91c8f45f430","us-code-42-3715.-11d5545a3e32e944":"64c84479f905ec491edb0f70a5b31cd47012f9fbd43ad8275a47bbbc8720e4e1","us-code-43-3003.-76f583d345f67476":"965edb44532a348ce1b89eb84b82c3f5aeaadc6c9142e7e28262e67fb60ef8d2"},"legal_ir_view_distribution":{"CEC.native":0.23604115974220938,"TDFOL.prover":0.19697915162392515,"deontic.ir":0.2506512992149849,"knowledge_graphs.neo4j_compat":0.18632838941888058,"zkp.circuits":0.13},"reconstruction_loss":0.364053988567261,"sample_count":4,"symbolic_validity_penalty":0.0},"bridge_loss_failure_count":0,"bridge_loss_sample_count":4,"bridge_loss_signal_count":37,"claimed_count":0,"claimed_open_count":0,"completed_count":0,"completed_todo_ids":[],"cosine_similarity_delta":0.0,"created_at":"2026-05-25T06:08:47+00:00",