{"final_evaluation":{"cosine_loss":0.6895618083087083,"cross_entropy_loss":1.7036175349221852,"decoded_embeddings":{"us-code-2-145a-8cbf1a244417c3df":[-0.4217997533689311,0.5929959087139091,-0.5858948588913363,0.31081051847472635,-0.07968271754671566,0.31715004426484966,0.2578164626392343,-0.03642235244220701],"us-code-25-5397-3acf3bd348f9f6ef":[-0.444609670125193,-0.022871577841600214,0.03778390606784251,0.12149187711926754,-0.22856936085302976,-0.10674518288229805,0.3699772332061731,-0.4283750551350211],"us-code-42-15029.-1a9a350a3299664e":[-0.032211285540194756,-0.4054356329313689,0.31618016132544624,-0.08083395076678038,-0.20448390359572818,-0.4482372083181977,0.12087735252232361,0.2525888040504325],"us-code-47-229.-0309747ec019e7cb":[-0.08970625107823306,0.7312869145182425,0.0788850181108687,-0.11088246612753254,-0.10440744902232536,-0.0452948505204906,0.4790930884943125,-0.15939547721667024]},"embedding_cosine_similarity":0.3104381916912917,"frame_ranking_loss":0.0,"legal_ir_losses":{},"legal_ir_predicted_view_distribution":{},"legal_ir_target_count":0,"legal_ir_target_hashes":{},"legal_ir_view_distribution":{},"reconstruction_loss":0.46397361646925483,"sample_count":4,"symbolic_validity_penalty":0.0},"steps":[{"after":{"cosine_loss":0.6895618083087083,"cross_entropy_loss":1.7036175349221852,"decoded_embeddings":{"us-code-2-145a-8cbf1a244417c3df":[-0.4217997533689311,0.5929959087139091,-0.5858948588913363,0.31081051847472635,-0.07968271754671566,0.31715004426484966,0.2578164626392343,-0.03642235244220701],"us-code-25-5397-3acf3bd348f9f6ef":[-0.444609670125193,-0.022871577841600214,0.03778390606784251,0.12149187711926754,-0.22856936085302976,-0.10674518288229805,0.3699772332061731,-0.4283750551350211],"us-code-42-15029.-1a9a350a3299664e":[-0.032211285540194756,-0.4054356329313689,0.31618016132544624,-0.08083395076678038,-0.20448390359572818,-0.4482372083181977,0.12087735252232361,0.2525888040504325],"us-code-47-229.-0309747ec019e7cb":[-0.08970625107823306,0.7312869145182425,0.0788850181108687,-0.11088246612753254,-0.10440744902232536,-0.0452948505204906,0.4790930884943125,-0.15939547721667024]},"embedding_cosine_similarity":0.3104381916912917,"frame_ranking_loss":0.0,"legal_ir_losses":{},"legal_ir_predicted_view_distribution":{},"legal_ir_target_count":0,"legal_ir_target_hashes":{},"legal_ir_view_distribution":{},"reconstruction_loss":0.46397361646925483,"sample_count":4,"symbolic_validity_penalty":0.0},"applied_count":0,"applied_updates":[],"autoencoder_claimed_count":0,"before":{"cosine_loss":0.6895618083087083,"cross_entropy_loss":1.7036175349221852,"decoded_embeddings":{"us-code-2-145a-8cbf1a244417c3df":[-0.4217997533689311,0.5929959087139091,-0.5858948588913363,0.31081051847472635,-0.07968271754671566,0.31715004426484966,0.2578164626392343,-0.03642235244220701],"us-code-25-5397-3acf3bd348f9f6ef":[-0.444609670125193,-0.022871577841600214,0.03778390606784251,0.12149187711926754,-0.22856936085302976,-0.10674518288229805,0.3699772332061731,-0.4283750551350211],"us-code-42-15029.-1a9a350a3299664e":[-0.032211285540194756,-0.4054356329313689,0.31618016132544624,-0.08083395076678038,-0.20448390359572818,-0.4482372083181977,0.12087735252232361,0.2525888040504325],"us-code-47-229.-0309747ec019e7cb":[-0.08970625107823306,0.7312869145182425,0.0788850181108687,-0.11088246612753254,-0.10440744902232536,-0.0452948505204906,0.4790930884943125,-0.15939547721667024]},"embedding_cosine_similarity":0.3104381916912917,"frame_ranking_loss":0.0,"legal_ir_losses":{},"legal_ir_predicted_view_distribution":{},"legal_ir_target_count":0,"legal_ir_target_hashes":{},"legal_ir_view_distribution":{},"reconstruction_loss":0.46397361646925483,"sample_count":4,"symbolic_validity_penalty":0.0},"bridge_loss_failure_count":0,"bridge_loss_sample_count":0,"bridge_loss_signal_count":0,"claimed_count":0,"claimed_open_count":0,"completed_count":0,"completed_todo_ids":[],"cosine_similarity_delta":0.0,"created_at":"2026-05-26T07:01:32+00:00","cross_entropy_delta":0.0,"failed_validation_count":0,"failed_validation_todo_ids":[],"improved":false,"iteration":1,"loss_seeded_count":0,"pending_count":24,"program_synthesis_deduped_count":1,"program_synthesis_pending_count":24,"program_synthesis_seeded_count":3,"seeded_count":3,"validation_after":{"cosine_loss":1.089420835531787,"cross_entropy_loss":1.2991206081568394,"decoded_embeddings":{"us-code-16-281e-9e9a338ad1435b60":[-0.11810240163584654,-0.119347207357339,-0.12798763937748228,0.4556775803997772,0.01746976533911096,-0.04690750336722005,0.1963601608088232,-0.6412187667756024],"us-code-22-1079m-3ee09eff6daaf79c":[-0.10941129051487324,-0.04399476631866523,0.29925407098402634,0.47289224263782903,-0.29297800734446716,0.14234537358358376,0.49495547097849424,-0.15803134693070595],"us-code-49-24701.-2d0501e0f4bbc126":[0.00043004506894995034,-0.3692390576161017,-0.29314261805135433,-0.6557514420501495,-0.017373674959968163,0.6156302150596678,-0.30426108288739817,0.018355389046302448],"us-code-7-427-18d5bd9891b03fc8":[0.43102431406627356,-0.502317670294914,0.11478659635722181,0.0035863764726222014,0.09760703363543417,0.05744693885491961,0.5161006894985265,-0.1269755396243832]},"embedding_cosine_similarity":-0.08942083553178684,"frame_ranking_loss":0.0,"legal_ir_losses":{},"legal_ir_predicted_view_distribution":{},"legal_ir_target_count":0,"legal_ir_target_hashes":{},"legal_ir_view_distribution":{},"reconstruction_loss":0.4832284350018144,"sample_count":4,"symbolic_validity_penalty":0.0},"validation_before":{"cosine_loss":1.089420835531787,"cross_entropy_loss":1.2991206081568394,"decoded_embeddings":{"us-code-16-281e-9e9a338ad1435b60":[-0.11810240163584654,-0.119347207357339,-0.12798763937748228,0.4556775803997772,0.01746976533911096,-0.04690750336722005,0.1963601608088232,-0.6412187667756024],"us-code-22-1079m-3ee09eff6daaf79c":[-0.10941129051487324,-0.04399476631866523,0.29925407098402634,0.47289224263782903,-0.29297800734446716,0.14234537358358376,0.49495547097849424,-0.15803134693070595],"us-code-49-24701.-2d0501e0f4bbc126":[0.00043004506894995034,-0.3692390576161017,-0.29314261805135433,-0.6557514420501495,-0.017373674959968163,0.6156302150596678,-0.30426108288739817,0.018355389046302448],"us-code-7-427-18d5bd9891b03fc8":[0.43102431406627356,-0.502317670294914,0.11478659635722181,0.0035863764726222014,0.09760703363543417,0.05744693885491961,0.5161006894985265,-0.1269755396243832]},"embedding_cosine_similarity":-0.08942083553178684,"frame_ranking_loss":0.0,"legal_ir_losses":{},"legal_ir_predicted_view_distribution":{},"legal_ir_target_count":0,"legal_ir_target_hashes":{},"legal_ir_view_distribution":{},"reconstruction_loss":0.4832284350018144,"sample_count":4,"symbolic_validity_penalty":0.0},"validation_cosine_similarity_delta":0.0,"validation_cross_entropy_delta":0.0,"worker_id":"random-uscode-daemon-detached"}],"stopped_reason":"no_claimed_todos","validation_final_evaluation":{"cosine_loss":1.089420835531787,"cross_entropy_loss":1.2991206081568394,"decoded_embeddings":{"us-code-16-281e-9e9a338ad1435b60":[-0.11810240163584654,-0.119347207357339,-0.12798763937748228,0.4556775803997772,0.01746976533911096,-0.04690750336722005,0.1963601608088232,-0.6412187667756024],"us-code-22-1079m-3ee09eff6daaf79c":[-0.10941129051487324,-0.04399476631866523,0.29925407098402634,0.47289224263782903,-0.29297800734446716,0.14234537358358376,0.49495547097849424,-0.15803134693070595],"us-code-49-24701.-2d0501e0f4bbc126":[0.00043004506894995034,-0.3692390576161017,-0.29314261805135433,-0.6557514420501495,-0.017373674959968163,0.6156302150596678,-0.30426108288739817,0.018355389046302448],"us-code-7-427-18d5bd9891b03fc8":[0.43102431406627356,-0.502317670294914,0.11478659635722181,0.0035863764726222014,0.09760703363543417,0.05744693885491961,0.5161006894985265,-0.1269755396243832]},"embedding_cosine_similarity":-0.08942083553178684,"frame_ranking_loss":0.0,"legal_ir_losses":{},"legal_ir_predicted_view_distribution":{},"legal_ir_target_count":0,