{"final_evaluation":{"cosine_loss":1.0367918392474489,"cross_entropy_loss":1.4030314686400236,"decoded_embeddings":{"us-code-12-2241-d6b72dc9251ef6bd":[-0.00450337577774761,-0.12534734655191268,-0.23547799160950056,0.10863869850468391,0.022906083468391004,0.17775541791510613,0.5192798450996031,-0.42258606341466676],"us-code-16-460nnn-81-d6ac095bdf854f47":[-0.6098989893684018,-0.32548850262236584,-0.28098598760569027,-0.2433521388612532,0.6852622872534222,-0.057753905716584855,-0.14285213269306804,0.10068475371752485],"us-code-16-460o-d49d9b7bd027a6b3":[-0.3067928720252333,-0.17486936717637513,-0.6557778971903089,0.33646025635722593,0.33187229645306987,0.340931419137666,0.08105762829739692,0.7042183410946242],"us-code-22-278b-ebd1a646e92744c1":[-0.08625937091166859,0.30480774613530487,-0.5117862277731758,0.472057753686429,-0.17645366340010282,0.026897027265318924,0.11392895841868717,-0.0713056428760255],"us-code-25-1496-aba3d3c388f8aa0e":[-0.29199065525752477,0.22545990098023863,-0.33002734755069535,-0.46643135325613616,-0.11188577634770955,-0.21715349895302863,-0.3155422310444243,0.3399783292565756],"us-code-37-423-dfa918396327c2f4":[-0.3128976464518902,0.16200370957902552,-0.22484798449986548,0.17766160341010376,-0.11540776779843573,0.13359561082983168,-0.23677879322473303,-0.6167484834434045],"us-code-46-10706.-19a2b2328c8b93d6":[-0.6327903699932216,-0.14982821930655732,-0.8432350893561003,-0.25648020277796674,0.40400856346406155,0.3172997706416065,0.06999687616191928,0.2899522365297771],"us-code-5-5522-2937745afcc0c335":[-0.030766674246993878,0.12206348890274747,-0.4453536652921761,0.34342798380373124,0.2104931197714648,0.3806783740970081,0.7403023925748592,0.33258186724333344]},"embedding_cosine_similarity":-0.036791839247448783,"frame_ranking_loss":0.0,"legal_ir_losses":{"legal_ir_multiview_acceptance_loss":0.0,"legal_ir_multiview_cosine_loss":0.37345691543606757,"legal_ir_multiview_cross_entropy_loss":0.9826859158342705,"legal_ir_multiview_frame_logic_missing_loss":0.0,"legal_ir_multiview_graph_failure_penalty":0.0,"legal_ir_multiview_proof_failure_ratio":0.0,"legal_ir_multiview_reconstruction_loss":0.09336421914317188,"legal_ir_multiview_text_reconstruction_loss":0.0,"legal_ir_multiview_total_loss":1.9061562122885098,"legal_ir_multiview_view_coverage_loss":0.0,"legal_ir_view_cross_entropy_loss":0.6591949235917257},"legal_ir_predicted_view_distribution":{"deontic.ir":0.3719641074534929,"knowledge_graphs.neo4j_compat":0.628035892546507},"legal_ir_target_count":8,"legal_ir_target_hashes":{"us-code-12-2241-d6b72dc9251ef6bd":"00da100bbb67b733188f0a5ceffd223b133b98555654d92fdb06be42ac159296","us-code-16-460nnn-81-d6ac095bdf854f47":"a8adfea2735a423430f5304b70483237d6a3afbd5318def18ca1687c317194bc","us-code-16-460o-d49d9b7bd027a6b3":"99ea355814f0d7af330416baada0acc303079e9e00491fb9d1f7f0aad3d5a3f0","us-code-22-278b-ebd1a646e92744c1":"d29f27a8fabb0d601fa8c7b0a66b0568a7c73ce0eb81494445d0d155ea76afba","us-code-25-1496-aba3d3c388f8aa0e":"d01fb34eb9e2cfd5ed4809b6abf6f473d91c9d4ce7ad8e9cf918b8e3d3203d0b","us-code-37-423-dfa918396327c2f4":"e3ffbf24cae4f7da26fe6467b4253698ef1768c5b3bf9ed08dbcdd3a5ff99e92","us-code-46-10706.-19a2b2328c8b93d6":"e7d66cadea374422a8514c9fedbb6eab16ab9beb6ad80083686259d375b6a7be","us-code-5-5522-2937745afcc0c335":"4433ba8b3072aa5cc907c9c0e51582592d7a7361f62a90229b6d15f5d40b9e7a"},"legal_ir_view_distribution":{"deontic.ir":0.37318105360404263,"knowledge_graphs.neo4j_compat":0.6268189463959574},"reconstruction_loss":0.5438908402187559,"sample_count":8,"symbolic_validity_penalty":0.0},"steps":[{"after":{"cosine_loss":1.0367918392474489,"cross_entropy_loss":1.4030314686400236,"decoded_embeddings":{"us-code-12-2241-d6b72dc9251ef6bd":[-0.00450337577774761,-0.12534734655191268,-0.23547799160950056,0.10863869850468391,0.022906083468391004,0.17775541791510613,0.5192798450996031,-0.42258606341466676],"us-code-16-460nnn-81-d6ac095bdf854f47":[-0.6098989893684018,-0.32548850262236584,-0.28098598760569027,-0.2433521388612532,0.6852622872534222,-0.057753905716584855,-0.14285213269306804,0.10068475371752485],"us-code-16-460o-d49d9b7bd027a6b3":[-0.3067928720252333,-0.17486936717637513,-0.6557778971903089,0.33646025635722593,0.33187229645306987,0.340931419137666,0.08105762829739692,0.7042183410946242],"us-code-22-278b-ebd1a646e92744c1":[-0.08625937091166859,0.30480774613530487,-0.5117862277731758,0.472057753686429,-0.17645366340010282,0.026897027265318924,0.11392895841868717,-0.0713056428760255],"us-code-25-1496-aba3d3c388f8aa0e":[-0.29199065525752477,0.22545990098023863,-0.33002734755069535,-0.46643135325613616,-0.11188577634770955,-0.21715349895302863,-0.3155422310444243,0.3399783292565756],"us-code-37-423-dfa918396327c2f4":[-0.3128976464518902,0.16200370957902552,-0.22484798449986548,0.17766160341010376,-0.11540776779843573,0.13359561082983168,-0.23677879322473303,-0.6167484834434045],"us-code-46-10706.-19a2b2328c8b93d6":[-0.6327903699932216,-0.14982821930655732,-0.8432350893561003,-0.25648020277796674,0.40400856346406155,0.3172997706416065,0.06999687616191928,0.2899522365297771],"us-code-5-5522-2937745afcc0c335":[-0.030766674246993878,0.12206348890274747,-0.4453536652921761,0.34342798380373124,0.2104931197714648,0.3806783740970081,0.7403023925748592,0.33258186724333344]},"embedding_cosine_similarity":-0.036791839247448783,"frame_ranking_loss":0.0,"legal_ir_losses":{"legal_ir_multiview_acceptance_loss":0.0,"legal_ir_multiview_cosine_loss":0.37345691543606757,"legal_ir_multiview_cross_entropy_loss":0.9826859158342705,"legal_ir_multiview_frame_logic_missing_loss":0.0,"legal_ir_multiview_graph_failure_penalty":0.0,"legal_ir_multiview_proof_failure_ratio":0.0,"legal_ir_multiview_reconstruction_loss":0.09336421914317188,"legal_ir_multiview_text_reconstruction_loss":0.0,"legal_ir_multiview_total_loss":1.9061562122885098,"legal_ir_multiview_view_coverage_loss":0.0,"legal_ir_view_cross_entropy_loss":0.6591949235917257},"legal_ir_predicted_view_distribution":{"deontic.ir":0.3719641074534929,"knowledge_graphs.neo4j_compat":0.628035892546507},"legal_ir_target_count":8,"legal_ir_target_hashes":{"us-code-12-2241-d6b72dc9251ef6bd":"00da100bbb67b733188f0a5ceffd223b133b98555654d92fdb06be42ac159296","us-code-16-460nnn-81-d6ac095bdf854f47":"a8adfea2735a423430f5304b70483237d6a3afbd5318def18ca1687c317194bc","us-code-16-460o-d49d9b7bd027a6b3":"99ea355814f0d7af330416baada0acc303079e9e00491fb9d1f7f0aad3d5a3f0","us-code-22-278b-ebd1a646e92744c1":"d29f27a8fabb0d601fa8c7b0a66b0568a7c73ce0eb81494445d0d155ea76afba","us-code-25-1496-aba3d3c388f8aa0e":"d01fb34eb9e2cfd5ed4809b6abf6f473d91c9d4ce7ad8e9cf918b8e3d3203d0b","us-code-37-423-dfa918396327c2f4":"e3ffbf24cae4f7da26fe6467b4253698ef1768c5b3bf9ed08dbcdd3a5ff99e92","us-code-46-10706.-19a2b2328c8b93d6":"e7d66cadea374422a8514c9fedbb6eab16ab9beb6ad80083686259d375b6a7be","us-code-5-5522-2937745afcc0c335":"4433ba8b3072aa5cc907c9c0e51582592d7a7361f62a90229b6d15f5d40b9e7a"},"legal_ir_view_distribution":{"deontic.ir":0.37318105360404263,"knowledge_graphs.neo4j_compat":0.6268189463959574},"reconstruction_loss":0.5438908402187559,"sample_count":8,"symbolic_validity_penalty":0.0},"applied_count":0,"applied_updates":[],"autoencoder_claimed_count":0,"before":{"cosine_loss":1.0367918392474489,"cross_entropy_loss":1.4030314686400236,"decoded_embeddings":{"us-code-12-2241-d6b72dc9251ef6bd":[-0.00450337577774761,-0.12534734655191268,-0.23547799160950056,0.10863869850468391,0.022906083468391004,0.17775541791510613,0.5192798450996031,-0.42258606341466676],"us-code-16-460nnn-81-d6ac095bdf854f47":[-0.6098989893684018,-0.32548850262236584,-0.28098598760569027,-0.2433521388612532,0.6852622872534222,-0.057753905716584855,-0.14285213269306804,0.10068475371752485],"us-code-16-460o-d49d9b7bd027a6b3":[-0.3067928720252333,-0.17486936717637513,-0.6557778971903089,0.33646025635722593,0.33187229645306987,0.340931419137666,0.08105762829739692,0.7042183410946242],