{"final_evaluation":{"cosine_loss":0.9020978917073526,"cross_entropy_loss":1.5114594792411677,"decoded_embeddings":{"us-code-22-3653-73831c9884f840e1":[-0.3628699387759564,-0.25564577167431823,-0.07358133484436837,-0.21298726397881443,-0.08064176421810107,0.15291867926545022,-0.5849436267460487,-0.5354261307607231],"us-code-25-1226-b1d9f896e21821f8":[-0.03727624238043052,-0.3706515297085701,0.6886471095377661,0.4186928824829357,-0.34326734430752276,-0.0037115793741251592,0.0998430977218051,0.10450773988963635],"us-code-28-1505-bdcf249193b8098e":[0.04858295638307361,0.2580387747273862,-0.5774311517954805,-0.13368517888065606,-0.19599324657334044,-0.37310886731951387,0.3290786375109371,0.012691067442516867],"us-code-41-1311-aa9411a4578bb7e0":[-0.27772116920118867,-0.3615755992475602,0.49237666667720587,-0.24492688020930695,0.14466057302204594,-0.14100049974885448,0.21453688246964978,0.5030253624262692]},"embedding_cosine_similarity":0.0979021082926475,"frame_ranking_loss":0.0,"legal_ir_losses":{},"legal_ir_predicted_view_distribution":{},"legal_ir_target_count":0,"legal_ir_target_hashes":{},"legal_ir_view_distribution":{},"reconstruction_loss":0.3893531164260198,"sample_count":4,"symbolic_validity_penalty":0.0},"steps":[{"after":{"cosine_loss":0.9020978917073526,"cross_entropy_loss":1.5114594792411677,"decoded_embeddings":{"us-code-22-3653-73831c9884f840e1":[-0.3628699387759564,-0.25564577167431823,-0.07358133484436837,-0.21298726397881443,-0.08064176421810107,0.15291867926545022,-0.5849436267460487,-0.5354261307607231],"us-code-25-1226-b1d9f896e21821f8":[-0.03727624238043052,-0.3706515297085701,0.6886471095377661,0.4186928824829357,-0.34326734430752276,-0.0037115793741251592,0.0998430977218051,0.10450773988963635],"us-code-28-1505-bdcf249193b8098e":[0.04858295638307361,0.2580387747273862,-0.5774311517954805,-0.13368517888065606,-0.19599324657334044,-0.37310886731951387,0.3290786375109371,0.012691067442516867],"us-code-41-1311-aa9411a4578bb7e0":[-0.27772116920118867,-0.3615755992475602,0.49237666667720587,-0.24492688020930695,0.14466057302204594,-0.14100049974885448,0.21453688246964978,0.5030253624262692]},"embedding_cosine_similarity":0.0979021082926475,"frame_ranking_loss":0.0,"legal_ir_losses":{},"legal_ir_predicted_view_distribution":{},"legal_ir_target_count":0,"legal_ir_target_hashes":{},"legal_ir_view_distribution":{},"reconstruction_loss":0.3893531164260198,"sample_count":4,"symbolic_validity_penalty":0.0},"applied_count":0,"applied_updates":[],"autoencoder_claimed_count":0,"before":{"cosine_loss":0.9020978917073526,"cross_entropy_loss":1.5114594792411677,"decoded_embeddings":{"us-code-22-3653-73831c9884f840e1":[-0.3628699387759564,-0.25564577167431823,-0.07358133484436837,-0.21298726397881443,-0.08064176421810107,0.15291867926545022,-0.5849436267460487,-0.5354261307607231],"us-code-25-1226-b1d9f896e21821f8":[-0.03727624238043052,-0.3706515297085701,0.6886471095377661,0.4186928824829357,-0.34326734430752276,-0.0037115793741251592,0.0998430977218051,0.10450773988963635],"us-code-28-1505-bdcf249193b8098e":[0.04858295638307361,0.2580387747273862,-0.5774311517954805,-0.13368517888065606,-0.19599324657334044,-0.37310886731951387,0.3290786375109371,0.012691067442516867],"us-code-41-1311-aa9411a4578bb7e0":[-0.27772116920118867,-0.3615755992475602,0.49237666667720587,-0.24492688020930695,0.14466057302204594,-0.14100049974885448,0.21453688246964978,0.5030253624262692]},"embedding_cosine_similarity":0.0979021082926475,"frame_ranking_loss":0.0,"legal_ir_losses":{},"legal_ir_predicted_view_distribution":{},"legal_ir_target_count":0,"legal_ir_target_hashes":{},"legal_ir_view_distribution":{},"reconstruction_loss":0.3893531164260198,"sample_count":4,"symbolic_validity_penalty":0.0},"bridge_loss_failure_count":0,"bridge_loss_sample_count":0,"bridge_loss_signal_count":0,"claimed_count":0,"claimed_open_count":0,"completed_count":0,"completed_todo_ids":[],"cosine_similarity_delta":0.0,"created_at":"2026-05-26T07:13:05+00:00","cross_entropy_delta":0.0,"failed_validation_count":0,"failed_validation_todo_ids":[],"improved":false,"iteration":1,"loss_seeded_count":0,"pending_count":22,"program_synthesis_deduped_count":1,"program_synthesis_pending_count":22,"program_synthesis_seeded_count":3,"seeded_count":3,"validation_after":{"cosine_loss":0.7267213343336008,"cross_entropy_loss":1.4790122243566177,"decoded_embeddings":{"us-code-11-924-edbf7b6dcdb78cff":[-0.7122116626689902,-0.20747486744870805,0.2043140247238656,0.05318104790337473,-0.02538218257619258,-0.3080634354226377,-0.17427637888307418,-0.08384645075915029],"us-code-22-262p-7b8fd9e4189fed37":[0.5440299839214697,-0.13495875821257525,-0.5577788434942884,0.02459660723228839,0.09268890396234165,0.4543911875059272,0.2966487135497802,-0.07158826660075222],"us-code-42-14113.-59bad42905940ce4":[-0.008599705852216937,-0.666361836581683,0.4040721789305674,-0.09251238334332232,-0.02071853244776706,0.2667374395523373,0.3581823393852296,0.145294320474719],"us-code-45-231k.-79e271fe92b4b1cf":[0.04300168014249462,0.5235373555471787,0.21958033997101414,0.7327739402223574,0.036429509130711704,0.06352589592094117,0.21358973868938574,-0.07722467628572302]},"embedding_cosine_similarity":0.2732786656663992,"frame_ranking_loss":0.0,"legal_ir_losses":{},"legal_ir_predicted_view_distribution":{},"legal_ir_target_count":0,"legal_ir_target_hashes":{},"legal_ir_view_distribution":{},"reconstruction_loss":0.31907857372755216,"sample_count":4,"symbolic_validity_penalty":0.0},"validation_before":{"cosine_loss":0.7267213343336008,"cross_entropy_loss":1.4790122243566177,"decoded_embeddings":{"us-code-11-924-edbf7b6dcdb78cff":[-0.7122116626689902,-0.20747486744870805,0.2043140247238656,0.05318104790337473,-0.02538218257619258,-0.3080634354226377,-0.17427637888307418,-0.08384645075915029],"us-code-22-262p-7b8fd9e4189fed37":[0.5440299839214697,-0.13495875821257525,-0.5577788434942884,0.02459660723228839,0.09268890396234165,0.4543911875059272,0.2966487135497802,-0.07158826660075222],"us-code-42-14113.-59bad42905940ce4":[-0.008599705852216937,-0.666361836581683,0.4040721789305674,-0.09251238334332232,-0.02071853244776706,0.2667374395523373,0.3581823393852296,0.145294320474719],"us-code-45-231k.-79e271fe92b4b1cf":[0.04300168014249462,0.5235373555471787,0.21958033997101414,0.7327739402223574,0.036429509130711704,0.06352589592094117,0.21358973868938574,-0.07722467628572302]},"embedding_cosine_similarity":0.2732786656663992,"frame_ranking_loss":0.0,"legal_ir_losses":{},"legal_ir_predicted_view_distribution":{},"legal_ir_target_count":0,"legal_ir_target_hashes":{},"legal_ir_view_distribution":{},"reconstruction_loss":0.31907857372755216,"sample_count":4,"symbolic_validity_penalty":0.0},"validation_cosine_similarity_delta":0.0,"validation_cross_entropy_delta":0.0,"worker_id":"random-uscode-daemon-detached"}],"stopped_reason":"no_claimed_todos","validation_final_evaluation":{"cosine_loss":0.7267213343336008,"cross_entropy_loss":1.4790122243566177,"decoded_embeddings":{"us-code-11-924-edbf7b6dcdb78cff":[-0.7122116626689902,-0.20747486744870805,0.2043140247238656,0.05318104790337473,-0.02538218257619258,-0.3080634354226377,-0.17427637888307418,-0.08384645075915029],"us-code-22-262p-7b8fd9e4189fed37":[0.5440299839214697,-0.13495875821257525,-0.5577788434942884,0.02459660723228839,0.09268890396234165,0.4543911875059272,0.2966487135497802,-0.07158826660075222],"us-code-42-14113.-59bad42905940ce4":[-0.008599705852216937,-0.666361836581683,0.4040721789305674,-0.09251238334332232,-0.02071853244776706,0.2667374395523373,0.3581823393852296,0.145294320474719],"us-code-45-231k.-79e271fe92b4b1cf":[0.04300168014249462,0.5235373555471787,0.21958033997101414,0.7327739402223574,0.036429509130711704,0.06352589592094117,0.21358973868938574,-0.07722467628572302]},"embedding_cosine_similarity":0.2732786656663992,"frame_ranking_loss":0.0,"legal_ir_losses":{},"legal_ir_predicted_view_distribution":{},"legal_ir_target_count":0,"legal_ir_target_hashes":{},