{"final_evaluation":{"cosine_loss":1.2901168073513296,"cross_entropy_loss":0.9764823904249677,"decoded_embeddings":{"us-code-12-1081-aea4158165f2b816":[-0.17549534447564868,-0.34514020851601745,-0.4359539998207611,0.10200759141488408,-0.13449334898031562,-0.16892095355176046,0.3097858238330134,-0.3307982347357963]},"embedding_cosine_similarity":-0.29011680735132955,"frame_ranking_loss":0.0,"legal_ir_losses":{"legal_ir_multiview_acceptance_loss":0.0,"legal_ir_multiview_cosine_loss":0.3279787965788487,"legal_ir_multiview_cross_entropy_loss":0.19529647808499354,"legal_ir_multiview_frame_logic_missing_loss":0.0,"legal_ir_multiview_graph_failure_penalty":0.0,"legal_ir_multiview_proof_failure_ratio":0.0,"legal_ir_multiview_reconstruction_loss":0.17582606457900002,"legal_ir_multiview_text_reconstruction_loss":0.0,"legal_ir_multiview_total_loss":1.1776216992428423,"legal_ir_multiview_view_coverage_loss":0.0,"legal_ir_view_cross_entropy_loss":2.5649493574615367},"legal_ir_predicted_view_distribution":{"CEC.native":0.07692307692307693,"TDFOL.prover":0.07692307692307693,"deontic.decoder":0.07692307692307693,"deontic.exports":0.07692307692307693,"deontic.formula_builder":0.07692307692307693,"deontic.graph":0.07692307692307693,"deontic.ir":0.07692307692307693,"deontic.metrics":0.07692307692307693,"deontic.prover_syntax":0.07692307692307693,"external_provers.router":0.07692307692307693,"knowledge_graphs.neo4j_compat":0.07692307692307693,"modal.compiler":0.07692307692307693,"modal.frame_logic":0.07692307692307693},"legal_ir_target_count":1,"legal_ir_target_hashes":{"us-code-12-1081-aea4158165f2b816":"9a0dfb67de6ee4a772815eaee1585a457ad04600d292675bac70e4a1f18d7f38"},"legal_ir_view_distribution":{"CEC.native":0.13793103448275862,"TDFOL.prover":0.10344827586206896,"deontic.decoder":0.034482758620689655,"deontic.exports":0.10344827586206896,"deontic.formula_builder":0.034482758620689655,"deontic.graph":0.034482758620689655,"deontic.ir":0.06896551724137931,"deontic.metrics":0.10344827586206896,"deontic.prover_syntax":0.06896551724137931,"external_provers.router":0.06896551724137931,"knowledge_graphs.neo4j_compat":0.1724137931034483,"modal.compiler":0.034482758620689655,"modal.frame_logic":0.034482758620689655},"reconstruction_loss":0.6326123110047859,"sample_count":1,"symbolic_validity_penalty":0.0},"steps":[{"after":{"cosine_loss":1.2901168073513296,"cross_entropy_loss":0.9764823904249677,"decoded_embeddings":{"us-code-12-1081-aea4158165f2b816":[-0.17549534447564868,-0.34514020851601745,-0.4359539998207611,0.10200759141488408,-0.13449334898031562,-0.16892095355176046,0.3097858238330134,-0.3307982347357963]},"embedding_cosine_similarity":-0.29011680735132955,"frame_ranking_loss":0.0,"legal_ir_losses":{"legal_ir_multiview_acceptance_loss":0.0,"legal_ir_multiview_cosine_loss":0.3279787965788487,"legal_ir_multiview_cross_entropy_loss":0.19529647808499354,"legal_ir_multiview_frame_logic_missing_loss":0.0,"legal_ir_multiview_graph_failure_penalty":0.0,"legal_ir_multiview_proof_failure_ratio":0.0,"legal_ir_multiview_reconstruction_loss":0.17582606457900002,"legal_ir_multiview_text_reconstruction_loss":0.0,"legal_ir_multiview_total_loss":1.1776216992428423,"legal_ir_multiview_view_coverage_loss":0.0,"legal_ir_view_cross_entropy_loss":2.5649493574615367},"legal_ir_predicted_view_distribution":{"CEC.native":0.07692307692307693,"TDFOL.prover":0.07692307692307693,"deontic.decoder":0.07692307692307693,"deontic.exports":0.07692307692307693,"deontic.formula_builder":0.07692307692307693,"deontic.graph":0.07692307692307693,"deontic.ir":0.07692307692307693,"deontic.metrics":0.07692307692307693,"deontic.prover_syntax":0.07692307692307693,"external_provers.router":0.07692307692307693,"knowledge_graphs.neo4j_compat":0.07692307692307693,"modal.compiler":0.07692307692307693,"modal.frame_logic":0.07692307692307693},"legal_ir_target_count":1,"legal_ir_target_hashes":{"us-code-12-1081-aea4158165f2b816":"9a0dfb67de6ee4a772815eaee1585a457ad04600d292675bac70e4a1f18d7f38"},"legal_ir_view_distribution":{"CEC.native":0.13793103448275862,"TDFOL.prover":0.10344827586206896,"deontic.decoder":0.034482758620689655,"deontic.exports":0.10344827586206896,"deontic.formula_builder":0.034482758620689655,"deontic.graph":0.034482758620689655,"deontic.ir":0.06896551724137931,"deontic.metrics":0.10344827586206896,"deontic.prover_syntax":0.06896551724137931,"external_provers.router":0.06896551724137931,"knowledge_graphs.neo4j_compat":0.1724137931034483,"modal.compiler":0.034482758620689655,"modal.frame_logic":0.034482758620689655},"reconstruction_loss":0.6326123110047859,"sample_count":1,"symbolic_validity_penalty":0.0},"applied_count":0,"applied_updates":[],"autoencoder_claimed_count":4,"before":{"cosine_loss":1.2901168073513296,"cross_entropy_loss":0.9764823904249677,"decoded_embeddings":{"us-code-12-1081-aea4158165f2b816":[-0.17549534447564868,-0.34514020851601745,-0.4359539998207611,0.10200759141488408,-0.13449334898031562,-0.16892095355176046,0.3097858238330134,-0.3307982347357963]},"embedding_cosine_similarity":-0.29011680735132955,"frame_ranking_loss":0.0,"legal_ir_losses":{"legal_ir_multiview_acceptance_loss":0.0,"legal_ir_multiview_cosine_loss":0.3279787965788487,"legal_ir_multiview_cross_entropy_loss":0.19529647808499354,"legal_ir_multiview_frame_logic_missing_loss":0.0,"legal_ir_multiview_graph_failure_penalty":0.0,"legal_ir_multiview_proof_failure_ratio":0.0,"legal_ir_multiview_reconstruction_loss":0.17582606457900002,"legal_ir_multiview_text_reconstruction_loss":0.0,"legal_ir_multiview_total_loss":1.1776216992428423,"legal_ir_multiview_view_coverage_loss":0.0,"legal_ir_view_cross_entropy_loss":2.5649493574615367},"legal_ir_predicted_view_distribution":{"CEC.native":0.07692307692307693,"TDFOL.prover":0.07692307692307693,"deontic.decoder":0.07692307692307693,"deontic.exports":0.07692307692307693,"deontic.formula_builder":0.07692307692307693,"deontic.graph":0.07692307692307693,"deontic.ir":0.07692307692307693,"deontic.metrics":0.07692307692307693,"deontic.prover_syntax":0.07692307692307693,"external_provers.router":0.07692307692307693,"knowledge_graphs.neo4j_compat":0.07692307692307693,"modal.compiler":0.07692307692307693,"modal.frame_logic":0.07692307692307693},"legal_ir_target_count":1,"legal_ir_target_hashes":{"us-code-12-1081-aea4158165f2b816":"9a0dfb67de6ee4a772815eaee1585a457ad04600d292675bac70e4a1f18d7f38"},"legal_ir_view_distribution":{"CEC.native":0.13793103448275862,"TDFOL.prover":0.10344827586206896,"deontic.decoder":0.034482758620689655,"deontic.exports":0.10344827586206896,"deontic.formula_builder":0.034482758620689655,"deontic.graph":0.034482758620689655,"deontic.ir":0.06896551724137931,"deontic.metrics":0.10344827586206896,"deontic.prover_syntax":0.06896551724137931,"external_provers.router":0.06896551724137931,"knowledge_graphs.neo4j_compat":0.1724137931034483,"modal.compiler":0.034482758620689655,"modal.frame_logic":0.034482758620689655},"reconstruction_loss":0.6326123110047859,"sample_count":1,"symbolic_validity_penalty":0.0},"bridge_loss_failure_count":0,"bridge_loss_sample_count":1,"bridge_loss_signal_count":9,"claimed_count":4,"claimed_open_count":0,"completed_count":0,"completed_todo_ids":[],"cosine_similarity_delta":0.0,"created_at":"2026-05-20T04:13:19+00:00","cross_entropy_delta":0.0,"failed_validation_count":4,"failed_validation_todo_ids":["f9a9a38f613db997","0f927e2ae9545f4e","1e6041fe05ca032b","fdde40a0fa3e50e3"],"improved":false,"iteration":1,"loss_seeded_count":4,"pending_count":0,"program_synthesis_deduped_count":0,"program_synthesis_pending_count":0,"program_synthesis_seeded_count":0,"seeded_count":4,"validation_after":{"cosine_loss":1.1547344292754158,"cross_entropy_loss":2.3242445127459748,"decoded_embeddings":{"us-code-16-460ww-3-b0ba72d66eca5ae0":[0.0983863507261625,-0.25570262067103827,-0.2658355613156516,-0.22858651058241425,0.3600451850281201,-0.14423235944646184,0.6050490658025741,0.16070604445736228]},"embedding_cosine_similarity":-0.15473442927541584,