{"final_evaluation":{"cosine_loss":0.9370428817266679,"cross_entropy_loss":0.8669523105394036,"decoded_embeddings":{"us-code-19-506-6a8890bb8b672a86":[0.3835277734601568,0.8557351826574351,0.07939292399707185,0.11068791322079344,0.007352106812479802,-0.049605569671879984,0.13430459853599827,-0.3045434843233929]},"embedding_cosine_similarity":0.06295711827333202,"frame_ranking_loss":0.0,"legal_ir_losses":{},"legal_ir_predicted_view_distribution":{},"legal_ir_target_count":0,"legal_ir_target_hashes":{},"legal_ir_view_distribution":{},"reconstruction_loss":0.3684724665090107,"sample_count":1,"symbolic_validity_penalty":0.0},"steps":[{"after":{"cosine_loss":0.9370428817266679,"cross_entropy_loss":0.8669523105394036,"decoded_embeddings":{"us-code-19-506-6a8890bb8b672a86":[0.3835277734601568,0.8557351826574351,0.07939292399707185,0.11068791322079344,0.007352106812479802,-0.049605569671879984,0.13430459853599827,-0.3045434843233929]},"embedding_cosine_similarity":0.06295711827333202,"frame_ranking_loss":0.0,"legal_ir_losses":{},"legal_ir_predicted_view_distribution":{},"legal_ir_target_count":0,"legal_ir_target_hashes":{},"legal_ir_view_distribution":{},"reconstruction_loss":0.3684724665090107,"sample_count":1,"symbolic_validity_penalty":0.0},"applied_count":0,"applied_updates":[],"autoencoder_claimed_count":0,"before":{"cosine_loss":0.9370428817266679,"cross_entropy_loss":0.8669523105394036,"decoded_embeddings":{"us-code-19-506-6a8890bb8b672a86":[0.3835277734601568,0.8557351826574351,0.07939292399707185,0.11068791322079344,0.007352106812479802,-0.049605569671879984,0.13430459853599827,-0.3045434843233929]},"embedding_cosine_similarity":0.06295711827333202,"frame_ranking_loss":0.0,"legal_ir_losses":{},"legal_ir_predicted_view_distribution":{},"legal_ir_target_count":0,"legal_ir_target_hashes":{},"legal_ir_view_distribution":{},"reconstruction_loss":0.3684724665090107,"sample_count":1,"symbolic_validity_penalty":0.0},"bridge_loss_failure_count":0,"bridge_loss_sample_count":0,"bridge_loss_signal_count":0,"claimed_count":0,"claimed_open_count":0,"completed_count":0,"completed_todo_ids":[],"cosine_similarity_delta":0.0,"created_at":"2026-05-26T18:27:48+00:00","cross_entropy_delta":0.0,"failed_validation_count":0,"failed_validation_todo_ids":[],"improved":false,"iteration":1,"loss_seeded_count":0,"pending_count":0,"program_synthesis_deduped_count":0,"program_synthesis_pending_count":0,"program_synthesis_seeded_count":0,"seeded_count":0,"validation_after":{"cosine_loss":1.536787769831971,"cross_entropy_loss":1.9898898243709635,"decoded_embeddings":{"us-code-16-4213-d8a4f3d096a414e1":[-0.5510338625462121,-0.17613026150208655,-0.0989265179568646,0.33255318462699357,-0.003539326183408012,-0.20243106921605908,-0.06346346148062396,-0.178640276123568]},"embedding_cosine_similarity":-0.5367877698319709,"frame_ranking_loss":0.0,"legal_ir_losses":{},"legal_ir_predicted_view_distribution":{},"legal_ir_target_count":0,"legal_ir_target_hashes":{},"legal_ir_view_distribution":{},"reconstruction_loss":0.7124611982276474,"sample_count":1,"symbolic_validity_penalty":0.0},"validation_before":{"cosine_loss":1.536787769831971,"cross_entropy_loss":1.9898898243709635,"decoded_embeddings":{"us-code-16-4213-d8a4f3d096a414e1":[-0.5510338625462121,-0.17613026150208655,-0.0989265179568646,0.33255318462699357,-0.003539326183408012,-0.20243106921605908,-0.06346346148062396,-0.178640276123568]},"embedding_cosine_similarity":-0.5367877698319709,"frame_ranking_loss":0.0,"legal_ir_losses":{},"legal_ir_predicted_view_distribution":{},"legal_ir_target_count":0,"legal_ir_target_hashes":{},"legal_ir_view_distribution":{},"reconstruction_loss":0.7124611982276474,"sample_count":1,"symbolic_validity_penalty":0.0},"validation_cosine_similarity_delta":0.0,"validation_cross_entropy_delta":0.0,"worker_id":"random-uscode-daemon-detached"}],"stopped_reason":"no_claimed_todos","validation_final_evaluation":{"cosine_loss":1.536787769831971,"cross_entropy_loss":1.9898898243709635,"decoded_embeddings":{"us-code-16-4213-d8a4f3d096a414e1":[-0.5510338625462121,-0.17613026150208655,-0.0989265179568646,0.33255318462699357,-0.003539326183408012,-0.20243106921605908,-0.06346346148062396,-0.178640276123568]},"embedding_cosine_similarity":-0.5367877698319709,"frame_ranking_loss":0.0,"legal_ir_losses":{},"legal_ir_predicted_view_distribution":{},"legal_ir_target_count":0,"legal_ir_target_hashes":{},"legal_ir_view_distribution":{},"reconstruction_loss":0.7124611982276474,"sample_count":1,"symbolic_validity_penalty":0.0}}
