{"final_evaluation":{"cosine_loss":0.7691998656384035,"cross_entropy_loss":1.5322956228684563,"decoded_embeddings":{"us-code-7-2032-e45599d1c3b7a334":[-0.2342437939841442,-0.1098011200517096,0.2496310271422204,-0.1644267793010456,0.6227916360477249,-0.21704155873332748,0.05486041503535303,-0.6164151471594428]},"embedding_cosine_similarity":0.2308001343615965,"frame_ranking_loss":0.0,"legal_ir_losses":{},"legal_ir_predicted_view_distribution":{},"legal_ir_target_count":0,"legal_ir_target_hashes":{},"legal_ir_view_distribution":{},"reconstruction_loss":0.5191898814456751,"sample_count":1,"symbolic_validity_penalty":0.0},"steps":[{"after":{"cosine_loss":0.7691998656384035,"cross_entropy_loss":1.5322956228684563,"decoded_embeddings":{"us-code-7-2032-e45599d1c3b7a334":[-0.2342437939841442,-0.1098011200517096,0.2496310271422204,-0.1644267793010456,0.6227916360477249,-0.21704155873332748,0.05486041503535303,-0.6164151471594428]},"embedding_cosine_similarity":0.2308001343615965,"frame_ranking_loss":0.0,"legal_ir_losses":{},"legal_ir_predicted_view_distribution":{},"legal_ir_target_count":0,"legal_ir_target_hashes":{},"legal_ir_view_distribution":{},"reconstruction_loss":0.5191898814456751,"sample_count":1,"symbolic_validity_penalty":0.0},"applied_count":0,"applied_updates":[],"autoencoder_claimed_count":0,"before":{"cosine_loss":0.7691998656384035,"cross_entropy_loss":1.5322956228684563,"decoded_embeddings":{"us-code-7-2032-e45599d1c3b7a334":[-0.2342437939841442,-0.1098011200517096,0.2496310271422204,-0.1644267793010456,0.6227916360477249,-0.21704155873332748,0.05486041503535303,-0.6164151471594428]},"embedding_cosine_similarity":0.2308001343615965,"frame_ranking_loss":0.0,"legal_ir_losses":{},"legal_ir_predicted_view_distribution":{},"legal_ir_target_count":0,"legal_ir_target_hashes":{},"legal_ir_view_distribution":{},"reconstruction_loss":0.5191898814456751,"sample_count":1,"symbolic_validity_penalty":0.0},"bridge_loss_failure_count":0,"bridge_loss_sample_count":0,"bridge_loss_signal_count":0,"claimed_count":0,"claimed_open_count":1,"completed_count":0,"completed_todo_ids":[],"cosine_similarity_delta":0.0,"created_at":"2026-06-08T08:01:39+00:00","cross_entropy_delta":0.0,"failed_validation_count":0,"failed_validation_todo_ids":[],"improved":false,"iteration":1,"loss_seeded_count":0,"pending_count":24,"program_synthesis_deduped_count":4,"program_synthesis_pending_count":24,"program_synthesis_seeded_count":0,"seeded_count":0,"validation_after":{"cosine_loss":1.0281414963437276,"cross_entropy_loss":2.67302469098178,"decoded_embeddings":{"us-code-42-19153.-2d6e13c4b962f544":[-0.5260749730827029,0.13735637829104932,0.7794609258093557,0.078729569937178,0.1889910753088416,0.008691720790685128,0.08822996386052868,0.10063744677097283]},"embedding_cosine_similarity":-0.028141496343727646,"frame_ranking_loss":0.0,"legal_ir_losses":{},"legal_ir_predicted_view_distribution":{},"legal_ir_target_count":0,"legal_ir_target_hashes":{},"legal_ir_view_distribution":{},"reconstruction_loss":0.5475481570035833,"sample_count":1,"symbolic_validity_penalty":0.0},"validation_before":{"cosine_loss":1.0281414963437276,"cross_entropy_loss":2.67302469098178,"decoded_embeddings":{"us-code-42-19153.-2d6e13c4b962f544":[-0.5260749730827029,0.13735637829104932,0.7794609258093557,0.078729569937178,0.1889910753088416,0.008691720790685128,0.08822996386052868,0.10063744677097283]},"embedding_cosine_similarity":-0.028141496343727646,"frame_ranking_loss":0.0,"legal_ir_losses":{},"legal_ir_predicted_view_distribution":{},"legal_ir_target_count":0,"legal_ir_target_hashes":{},"legal_ir_view_distribution":{},"reconstruction_loss":0.5475481570035833,"sample_count":1,"symbolic_validity_penalty":0.0},"validation_cosine_similarity_delta":0.0,"validation_cross_entropy_delta":0.0,"worker_id":"random-uscode-daemon-detached"}],"stopped_reason":"no_claimed_todos","validation_final_evaluation":{"cosine_loss":1.0281414963437276,"cross_entropy_loss":2.67302469098178,"decoded_embeddings":{"us-code-42-19153.-2d6e13c4b962f544":[-0.5260749730827029,0.13735637829104932,0.7794609258093557,0.078729569937178,0.1889910753088416,0.008691720790685128,0.08822996386052868,0.10063744677097283]},"embedding_cosine_similarity":-0.028141496343727646,"frame_ranking_loss":0.0,"legal_ir_losses":{},"legal_ir_predicted_view_distribution":{},"legal_ir_target_count":0,"legal_ir_target_hashes":{},"legal_ir_view_distribution":{},"reconstruction_loss":0.5475481570035833,"sample_count":1,"symbolic_validity_penalty":0.0}}
