{"final_evaluation":{"cosine_loss":0.6438898373340591,"cross_entropy_loss":1.207462867843701,"decoded_embeddings":{"us-code-25-83-9dc8d48c050d42ca":[0.16420115045125122,0.3970671067056886,0.35481387362902667,0.34381991948997115,-0.12338094019725589,-0.30380009903939986,0.09913904595489212,-0.3750546379905994]},"embedding_cosine_similarity":0.3561101626659408,"frame_ranking_loss":0.0,"legal_ir_losses":{},"legal_ir_predicted_view_distribution":{},"legal_ir_target_count":0,"legal_ir_target_hashes":{},"legal_ir_view_distribution":{},"reconstruction_loss":0.2509337529622653,"sample_count":1,"symbolic_validity_penalty":0.0},"steps":[{"after":{"cosine_loss":0.6438898373340591,"cross_entropy_loss":1.207462867843701,"decoded_embeddings":{"us-code-25-83-9dc8d48c050d42ca":[0.16420115045125122,0.3970671067056886,0.35481387362902667,0.34381991948997115,-0.12338094019725589,-0.30380009903939986,0.09913904595489212,-0.3750546379905994]},"embedding_cosine_similarity":0.3561101626659408,"frame_ranking_loss":0.0,"legal_ir_losses":{},"legal_ir_predicted_view_distribution":{},"legal_ir_target_count":0,"legal_ir_target_hashes":{},"legal_ir_view_distribution":{},"reconstruction_loss":0.2509337529622653,"sample_count":1,"symbolic_validity_penalty":0.0},"applied_count":0,"applied_updates":[],"autoencoder_claimed_count":0,"before":{"cosine_loss":0.6438898373340591,"cross_entropy_loss":1.207462867843701,"decoded_embeddings":{"us-code-25-83-9dc8d48c050d42ca":[0.16420115045125122,0.3970671067056886,0.35481387362902667,0.34381991948997115,-0.12338094019725589,-0.30380009903939986,0.09913904595489212,-0.3750546379905994]},"embedding_cosine_similarity":0.3561101626659408,"frame_ranking_loss":0.0,"legal_ir_losses":{},"legal_ir_predicted_view_distribution":{},"legal_ir_target_count":0,"legal_ir_target_hashes":{},"legal_ir_view_distribution":{},"reconstruction_loss":0.2509337529622653,"sample_count":1,"symbolic_validity_penalty":0.0},"bridge_loss_failure_count":0,"bridge_loss_sample_count":0,"bridge_loss_signal_count":0,"claimed_count":0,"claimed_open_count":0,"completed_count":0,"completed_todo_ids":[],"cosine_similarity_delta":0.0,"created_at":"2026-05-26T19:12:19+00:00","cross_entropy_delta":0.0,"failed_validation_count":0,"failed_validation_todo_ids":[],"improved":false,"iteration":1,"loss_seeded_count":0,"pending_count":0,"program_synthesis_deduped_count":0,"program_synthesis_pending_count":0,"program_synthesis_seeded_count":0,"seeded_count":0,"validation_after":{"cosine_loss":0.6166215982233703,"cross_entropy_loss":1.5633180624773795,"decoded_embeddings":{"us-code-50-2526.-7367fcee080f1a1a":[-0.13608670240065418,-0.651203264677904,-0.1690376901389565,0.33051638187507054,-0.1176622752449158,-0.19668923114384873,-0.13142314811641534,-0.410723577916587]},"embedding_cosine_similarity":0.3833784017766297,"frame_ranking_loss":0.0,"legal_ir_losses":{},"legal_ir_predicted_view_distribution":{},"legal_ir_target_count":0,"legal_ir_target_hashes":{},"legal_ir_view_distribution":{},"reconstruction_loss":0.1551134776833485,"sample_count":1,"symbolic_validity_penalty":0.0},"validation_before":{"cosine_loss":0.6166215982233703,"cross_entropy_loss":1.5633180624773795,"decoded_embeddings":{"us-code-50-2526.-7367fcee080f1a1a":[-0.13608670240065418,-0.651203264677904,-0.1690376901389565,0.33051638187507054,-0.1176622752449158,-0.19668923114384873,-0.13142314811641534,-0.410723577916587]},"embedding_cosine_similarity":0.3833784017766297,"frame_ranking_loss":0.0,"legal_ir_losses":{},"legal_ir_predicted_view_distribution":{},"legal_ir_target_count":0,"legal_ir_target_hashes":{},"legal_ir_view_distribution":{},"reconstruction_loss":0.1551134776833485,"sample_count":1,"symbolic_validity_penalty":0.0},"validation_cosine_similarity_delta":0.0,"validation_cross_entropy_delta":0.0,"worker_id":"random-uscode-daemon-detached"}],"stopped_reason":"no_claimed_todos","validation_final_evaluation":{"cosine_loss":0.6166215982233703,"cross_entropy_loss":1.5633180624773795,"decoded_embeddings":{"us-code-50-2526.-7367fcee080f1a1a":[-0.13608670240065418,-0.651203264677904,-0.1690376901389565,0.33051638187507054,-0.1176622752449158,-0.19668923114384873,-0.13142314811641534,-0.410723577916587]},"embedding_cosine_similarity":0.3833784017766297,"frame_ranking_loss":0.0,"legal_ir_losses":{},"legal_ir_predicted_view_distribution":{},"legal_ir_target_count":0,"legal_ir_target_hashes":{},"legal_ir_view_distribution":{},"reconstruction_loss":0.1551134776833485,"sample_count":1,"symbolic_validity_penalty":0.0}}
