{"final_evaluation":{"cosine_loss":0.6800054226718619,"cross_entropy_loss":1.8835750070942137,"decoded_embeddings":{"us-code-2-6538-1f1c14e40cf60c7b":[0.02795283091315482,-0.13124580780268758,-0.3189729031783125,0.20039712014662484,-0.24758597129061527,-0.1418907147604006,0.2961388828927605,-0.7662507437946289],"us-code-25-2431-bbd35d3464ffa805":[-0.24533830072315,-0.4176541249594966,0.21618554020382488,0.02780212408876433,-0.20771847158489415,-0.13310362376622567,0.1833908798101516,-0.3326305238476309],"us-code-39-5603-7bb4cbaeaab3cddb":[-0.20186264031456386,-0.5783446230959826,0.0781334107420626,0.02656345685991591,0.08151096266743742,-0.17917237142145762,0.02906842242164253,-0.1320510241164397],"us-code-40-6306-aeae94d6d1d8eb01":[0.4440634938559173,-0.20674094092940737,0.21715303138672465,0.26346673499894435,0.013850726639739597,0.7290880564823127,-0.0960498907041248,-0.570742329781794]},"embedding_cosine_similarity":0.3199945773281381,"frame_ranking_loss":0.0,"legal_ir_losses":{},"legal_ir_predicted_view_distribution":{},"legal_ir_target_count":0,"legal_ir_target_hashes":{},"legal_ir_view_distribution":{},"reconstruction_loss":0.2068918121770685,"sample_count":4,"symbolic_validity_penalty":0.0},"steps":[{"after":{"cosine_loss":0.6800054226718619,"cross_entropy_loss":1.8835750070942137,"decoded_embeddings":{"us-code-2-6538-1f1c14e40cf60c7b":[0.02795283091315482,-0.13124580780268758,-0.3189729031783125,0.20039712014662484,-0.24758597129061527,-0.1418907147604006,0.2961388828927605,-0.7662507437946289],"us-code-25-2431-bbd35d3464ffa805":[-0.24533830072315,-0.4176541249594966,0.21618554020382488,0.02780212408876433,-0.20771847158489415,-0.13310362376622567,0.1833908798101516,-0.3326305238476309],"us-code-39-5603-7bb4cbaeaab3cddb":[-0.20186264031456386,-0.5783446230959826,0.0781334107420626,0.02656345685991591,0.08151096266743742,-0.17917237142145762,0.02906842242164253,-0.1320510241164397],"us-code-40-6306-aeae94d6d1d8eb01":[0.4440634938559173,-0.20674094092940737,0.21715303138672465,0.26346673499894435,0.013850726639739597,0.7290880564823127,-0.0960498907041248,-0.570742329781794]},"embedding_cosine_similarity":0.3199945773281381,"frame_ranking_loss":0.0,"legal_ir_losses":{},"legal_ir_predicted_view_distribution":{},"legal_ir_target_count":0,"legal_ir_target_hashes":{},"legal_ir_view_distribution":{},"reconstruction_loss":0.2068918121770685,"sample_count":4,"symbolic_validity_penalty":0.0},"applied_count":0,"applied_updates":[],"autoencoder_claimed_count":0,"before":{"cosine_loss":0.6800054226718619,"cross_entropy_loss":1.8835750070942137,"decoded_embeddings":{"us-code-2-6538-1f1c14e40cf60c7b":[0.02795283091315482,-0.13124580780268758,-0.3189729031783125,0.20039712014662484,-0.24758597129061527,-0.1418907147604006,0.2961388828927605,-0.7662507437946289],"us-code-25-2431-bbd35d3464ffa805":[-0.24533830072315,-0.4176541249594966,0.21618554020382488,0.02780212408876433,-0.20771847158489415,-0.13310362376622567,0.1833908798101516,-0.3326305238476309],"us-code-39-5603-7bb4cbaeaab3cddb":[-0.20186264031456386,-0.5783446230959826,0.0781334107420626,0.02656345685991591,0.08151096266743742,-0.17917237142145762,0.02906842242164253,-0.1320510241164397],"us-code-40-6306-aeae94d6d1d8eb01":[0.4440634938559173,-0.20674094092940737,0.21715303138672465,0.26346673499894435,0.013850726639739597,0.7290880564823127,-0.0960498907041248,-0.570742329781794]},"embedding_cosine_similarity":0.3199945773281381,"frame_ranking_loss":0.0,"legal_ir_losses":{},"legal_ir_predicted_view_distribution":{},"legal_ir_target_count":0,"legal_ir_target_hashes":{},"legal_ir_view_distribution":{},"reconstruction_loss":0.2068918121770685,"sample_count":4,"symbolic_validity_penalty":0.0},"bridge_loss_failure_count":0,"bridge_loss_sample_count":0,"bridge_loss_signal_count":0,"claimed_count":0,"claimed_open_count":0,"completed_count":0,"completed_todo_ids":[],"cosine_similarity_delta":0.0,"created_at":"2026-05-26T07:56:42+00:00","cross_entropy_delta":0.0,"failed_validation_count":0,"failed_validation_todo_ids":[],"improved":false,"iteration":1,"loss_seeded_count":0,"pending_count":19,"program_synthesis_deduped_count":1,"program_synthesis_pending_count":19,"program_synthesis_seeded_count":3,"seeded_count":3,"validation_after":{"cosine_loss":0.6578890975901768,"cross_entropy_loss":1.5622934652086038,"decoded_embeddings":{"us-code-18-3008-62db8e945327b1ec":[-0.32942498144479526,0.6478878573491821,-0.2919025528675302,0.08489329896352778,0.16009040642715508,-0.08655579694749228,0.4819598727659171,-0.0872230601968836],"us-code-2-83-5dea82aa81d05c37":[0.5514400247677232,-0.47353552555734874,-0.37073873777150385,0.17807971524782099,0.15061940698826196,-0.05643212122433468,0.4817105076528535,-0.2696673422233761],"us-code-21-695-004e7ba96942a2b5":[-0.08195859750622816,-0.22496081497241327,-0.15477584920030013,-0.5561023844176609,0.037275988834174045,0.404312191643767,0.16971683151919723,-0.5615385038313021],"us-code-5-8148-373f2bd6d3fbe26c":[-0.3485277443284636,0.1940287561611489,0.1203465992283001,-0.17709442544155435,-0.27132048594968483,0.09987608512933278,0.581580983312367,-0.12567473955886882]},"embedding_cosine_similarity":0.3421109024098233,"frame_ranking_loss":0.0,"legal_ir_losses":{},"legal_ir_predicted_view_distribution":{},"legal_ir_target_count":0,"legal_ir_target_hashes":{},"legal_ir_view_distribution":{},"reconstruction_loss":0.2755061683530903,"sample_count":4,"symbolic_validity_penalty":0.0},"validation_before":{"cosine_loss":0.6578890975901768,"cross_entropy_loss":1.5622934652086038,"decoded_embeddings":{"us-code-18-3008-62db8e945327b1ec":[-0.32942498144479526,0.6478878573491821,-0.2919025528675302,0.08489329896352778,0.16009040642715508,-0.08655579694749228,0.4819598727659171,-0.0872230601968836],"us-code-2-83-5dea82aa81d05c37":[0.5514400247677232,-0.47353552555734874,-0.37073873777150385,0.17807971524782099,0.15061940698826196,-0.05643212122433468,0.4817105076528535,-0.2696673422233761],"us-code-21-695-004e7ba96942a2b5":[-0.08195859750622816,-0.22496081497241327,-0.15477584920030013,-0.5561023844176609,0.037275988834174045,0.404312191643767,0.16971683151919723,-0.5615385038313021],"us-code-5-8148-373f2bd6d3fbe26c":[-0.3485277443284636,0.1940287561611489,0.1203465992283001,-0.17709442544155435,-0.27132048594968483,0.09987608512933278,0.581580983312367,-0.12567473955886882]},"embedding_cosine_similarity":0.3421109024098233,"frame_ranking_loss":0.0,"legal_ir_losses":{},"legal_ir_predicted_view_distribution":{},"legal_ir_target_count":0,"legal_ir_target_hashes":{},"legal_ir_view_distribution":{},"reconstruction_loss":0.2755061683530903,"sample_count":4,"symbolic_validity_penalty":0.0},"validation_cosine_similarity_delta":0.0,"validation_cross_entropy_delta":0.0,"worker_id":"random-uscode-daemon-detached"}],"stopped_reason":"no_claimed_todos","validation_final_evaluation":{"cosine_loss":0.6578890975901768,"cross_entropy_loss":1.5622934652086038,"decoded_embeddings":{"us-code-18-3008-62db8e945327b1ec":[-0.32942498144479526,0.6478878573491821,-0.2919025528675302,0.08489329896352778,0.16009040642715508,-0.08655579694749228,0.4819598727659171,-0.0872230601968836],"us-code-2-83-5dea82aa81d05c37":[0.5514400247677232,-0.47353552555734874,-0.37073873777150385,0.17807971524782099,0.15061940698826196,-0.05643212122433468,0.4817105076528535,-0.2696673422233761],"us-code-21-695-004e7ba96942a2b5":[-0.08195859750622816,-0.22496081497241327,-0.15477584920030013,-0.5561023844176609,0.037275988834174045,0.404312191643767,0.16971683151919723,-0.5615385038313021],"us-code-5-8148-373f2bd6d3fbe26c":[-0.3485277443284636,0.1940287561611489,0.1203465992283001,-0.17709442544155435,-0.27132048594968483,0.09987608512933278,0.581580983312367,-0.12567473955886882]},"embedding_cosine_similarity":0.3421109024098233,"frame_ranking_loss":0.0,"legal_ir_losses":{},"legal_ir_predicted_view_distribution":{},"legal_ir_target_count":0,"legal_ir_target_hashes":{},"legal_ir_view_distribution":{},