{"final_evaluation":{"cosine_loss":0.9063688122865798,"cross_entropy_loss":1.1670197922540704,"decoded_embeddings":{"us-code-2-142k-6740dc0d2cad0e97":[-0.20315252305131823,0.20573883829122858,-1.00481234462247,0.04505301493563945,0.5933252680175818,-0.011880255507905618,-0.4063908530841928,0.07972212360305837],"us-code-22-1551-4845c131bf03e9f6":[-0.03613671344354384,0.5871518292223658,-0.44612343145038275,0.47256646231672594,-0.4712722678458705,0.12558442934560882,0.2292183233913009,-0.20640734053250198],"us-code-22-290j-1-6793a25298fc85ba":[-0.15436091206008562,-0.1682725315486135,0.3786880297353269,-0.0796995688888646,0.11297841156557473,0.1901987552871683,0.41930897267451406,-0.30435923789585306],"us-code-25-1300i-1-99b8b4fc7ef1323c":[-0.3817707170111691,0.6120942198449358,-0.2512569465610557,0.3619857243634565,0.6253187703688853,0.12211112192966557,-0.23817621895999747,-0.4073796823453952],"us-code-36-50107-efdf3d1e279bdabd":[0.0839737961070599,0.42555140640688116,0.24079115365426176,0.15812590927276834,0.19395099935750604,0.053659163859831605,0.706286629077177,-0.20876360375213326],"us-code-42-7671i.-ee3ae442ae594ac3":[-0.752130916200352,0.6989601305039699,0.03936372945266364,0.1135716966409136,0.10575683133701236,0.6053560588662713,0.17086074766968162,0.2286542539670121],"us-code-43-390h-3211df9ac906dc72":[-0.03519759020588963,0.2115567642109269,-0.8501627150573071,-0.3280027042870844,0.1362495773396024,-0.007136197246766097,0.05021651892415202,0.7184410412789076],"us-code-49-41739.-fe40c153c6a1d940":[0.24562054430307914,-0.40049913766461903,-0.13383632490210898,-0.4986839672644384,-0.10827672597548973,0.2309056311688757,-0.08740079761551763,0.3944298995313935]},"embedding_cosine_similarity":0.09363118771342022,"frame_ranking_loss":0.0,"legal_ir_losses":{"legal_ir_multiview_acceptance_loss":0.0,"legal_ir_multiview_cosine_loss":0.30828432050857646,"legal_ir_multiview_cross_entropy_loss":0.9154500055920524,"legal_ir_multiview_frame_logic_missing_loss":0.0,"legal_ir_multiview_graph_failure_penalty":0.0,"legal_ir_multiview_proof_failure_ratio":0.0,"legal_ir_multiview_reconstruction_loss":0.07707106532590625,"legal_ir_multiview_text_reconstruction_loss":0.0,"legal_ir_multiview_total_loss":1.7604667788952852,"legal_ir_multiview_view_coverage_loss":0.0,"legal_ir_view_cross_entropy_loss":0.7141147058602048},"legal_ir_predicted_view_distribution":{"deontic.ir":0.4439104812555602,"knowledge_graphs.neo4j_compat":0.5560895187444398},"legal_ir_target_count":8,"legal_ir_target_hashes":{"us-code-2-142k-6740dc0d2cad0e97":"17b62c896e60ab574a2a95669d0adf883599e5f357cf052a91235bbedf8cfca6","us-code-22-1551-4845c131bf03e9f6":"9300f82209843948376c8e07dcf8b2a69432cca0273268f1172c3dbbe84d67cb","us-code-22-290j-1-6793a25298fc85ba":"bed361148d3687ba8d0404a9ed2691442e3ce7090b6d4f8cb3a2878f426824f2","us-code-25-1300i-1-99b8b4fc7ef1323c":"b507b3158e852b8b6f99af1a4dd867695b73bedf46d6c5a8e0d8e55901865aed","us-code-36-50107-efdf3d1e279bdabd":"8dc3ec2742ad4a62724b7c104932cf79e0736fb9f6eeb5dc16e225f60f377d9c","us-code-42-7671i.-ee3ae442ae594ac3":"14a5ee1797356abb429a64ee620dc998efd2e716eab6a4fcd5f690e411f7ec5c","us-code-43-390h-3211df9ac906dc72":"84fef3e4bb449856383e1fb535252cc6c841df37644f75e47effb6cbc1c9dc31","us-code-49-41739.-fe40c153c6a1d940":"ffda4945b933c17adf9b3438589133f8e7cf071398933a8845d9664a08dc14ff"},"legal_ir_view_distribution":{"deontic.ir":0.568567643084046,"knowledge_graphs.neo4j_compat":0.431432356915954},"reconstruction_loss":0.3989795603991374,"sample_count":8,"symbolic_validity_penalty":0.0},"steps":[{"after":{"cosine_loss":0.9063688122865798,"cross_entropy_loss":1.1670197922540704,"decoded_embeddings":{"us-code-2-142k-6740dc0d2cad0e97":[-0.20315252305131823,0.20573883829122858,-1.00481234462247,0.04505301493563945,0.5933252680175818,-0.011880255507905618,-0.4063908530841928,0.07972212360305837],"us-code-22-1551-4845c131bf03e9f6":[-0.03613671344354384,0.5871518292223658,-0.44612343145038275,0.47256646231672594,-0.4712722678458705,0.12558442934560882,0.2292183233913009,-0.20640734053250198],"us-code-22-290j-1-6793a25298fc85ba":[-0.15436091206008562,-0.1682725315486135,0.3786880297353269,-0.0796995688888646,0.11297841156557473,0.1901987552871683,0.41930897267451406,-0.30435923789585306],"us-code-25-1300i-1-99b8b4fc7ef1323c":[-0.3817707170111691,0.6120942198449358,-0.2512569465610557,0.3619857243634565,0.6253187703688853,0.12211112192966557,-0.23817621895999747,-0.4073796823453952],"us-code-36-50107-efdf3d1e279bdabd":[0.0839737961070599,0.42555140640688116,0.24079115365426176,0.15812590927276834,0.19395099935750604,0.053659163859831605,0.706286629077177,-0.20876360375213326],"us-code-42-7671i.-ee3ae442ae594ac3":[-0.752130916200352,0.6989601305039699,0.03936372945266364,0.1135716966409136,0.10575683133701236,0.6053560588662713,0.17086074766968162,0.2286542539670121],"us-code-43-390h-3211df9ac906dc72":[-0.03519759020588963,0.2115567642109269,-0.8501627150573071,-0.3280027042870844,0.1362495773396024,-0.007136197246766097,0.05021651892415202,0.7184410412789076],"us-code-49-41739.-fe40c153c6a1d940":[0.24562054430307914,-0.40049913766461903,-0.13383632490210898,-0.4986839672644384,-0.10827672597548973,0.2309056311688757,-0.08740079761551763,0.3944298995313935]},"embedding_cosine_similarity":0.09363118771342022,"frame_ranking_loss":0.0,"legal_ir_losses":{"legal_ir_multiview_acceptance_loss":0.0,"legal_ir_multiview_cosine_loss":0.30828432050857646,"legal_ir_multiview_cross_entropy_loss":0.9154500055920524,"legal_ir_multiview_frame_logic_missing_loss":0.0,"legal_ir_multiview_graph_failure_penalty":0.0,"legal_ir_multiview_proof_failure_ratio":0.0,"legal_ir_multiview_reconstruction_loss":0.07707106532590625,"legal_ir_multiview_text_reconstruction_loss":0.0,"legal_ir_multiview_total_loss":1.7604667788952852,"legal_ir_multiview_view_coverage_loss":0.0,"legal_ir_view_cross_entropy_loss":0.7141147058602048},"legal_ir_predicted_view_distribution":{"deontic.ir":0.4439104812555602,"knowledge_graphs.neo4j_compat":0.5560895187444398},"legal_ir_target_count":8,"legal_ir_target_hashes":{"us-code-2-142k-6740dc0d2cad0e97":"17b62c896e60ab574a2a95669d0adf883599e5f357cf052a91235bbedf8cfca6","us-code-22-1551-4845c131bf03e9f6":"9300f82209843948376c8e07dcf8b2a69432cca0273268f1172c3dbbe84d67cb","us-code-22-290j-1-6793a25298fc85ba":"bed361148d3687ba8d0404a9ed2691442e3ce7090b6d4f8cb3a2878f426824f2","us-code-25-1300i-1-99b8b4fc7ef1323c":"b507b3158e852b8b6f99af1a4dd867695b73bedf46d6c5a8e0d8e55901865aed","us-code-36-50107-efdf3d1e279bdabd":"8dc3ec2742ad4a62724b7c104932cf79e0736fb9f6eeb5dc16e225f60f377d9c","us-code-42-7671i.-ee3ae442ae594ac3":"14a5ee1797356abb429a64ee620dc998efd2e716eab6a4fcd5f690e411f7ec5c","us-code-43-390h-3211df9ac906dc72":"84fef3e4bb449856383e1fb535252cc6c841df37644f75e47effb6cbc1c9dc31","us-code-49-41739.-fe40c153c6a1d940":"ffda4945b933c17adf9b3438589133f8e7cf071398933a8845d9664a08dc14ff"},"legal_ir_view_distribution":{"deontic.ir":0.568567643084046,"knowledge_graphs.neo4j_compat":0.431432356915954},"reconstruction_loss":0.3989795603991374,"sample_count":8,"symbolic_validity_penalty":0.0},"applied_count":0,"applied_updates":[],"autoencoder_claimed_count":0,"before":{"cosine_loss":0.9063688122865798,"cross_entropy_loss":1.1670197922540704,"decoded_embeddings":{"us-code-2-142k-6740dc0d2cad0e97":[-0.20315252305131823,0.20573883829122858,-1.00481234462247,0.04505301493563945,0.5933252680175818,-0.011880255507905618,-0.4063908530841928,0.07972212360305837],"us-code-22-1551-4845c131bf03e9f6":[-0.03613671344354384,0.5871518292223658,-0.44612343145038275,0.47256646231672594,-0.4712722678458705,0.12558442934560882,0.2292183233913009,-0.20640734053250198],"us-code-22-290j-1-6793a25298fc85ba":[-0.15436091206008562,-0.1682725315486135,0.3786880297353269,-0.0796995688888646,0.11297841156557473,0.1901987552871683,0.41930897267451406,-0.30435923789585306],