{"final_evaluation":{"cosine_loss":0.5554684102557746,"cross_entropy_loss":1.8156008226672562,"decoded_embeddings":{"us-code-15-2610-f1698554e4f146ed":[-0.34307964486365977,-0.06416964856642841,0.5628093629428854,0.06346438309180902,0.12710560317459568,0.15633465838264646,-0.20338597444142073,0.25407870388376175],"us-code-22-286oo-e349472a9c3f2967":[-0.24583412927617854,-0.10488159998404414,0.36061177132407596,-0.07498697088366856,0.08477711622466813,0.8497126314103921,-0.07221827291612612,-0.12307595386032355],"us-code-22-6431-f6a8a83c1d7368da":[-0.8459017511897099,0.3491514915210003,0.3209694381366444,0.09696941715084217,-0.3126593869188693,0.1705809163256761,-0.22159294538227628,0.24397072072404097],"us-code-38-7330C-4cfcb5d212ae6aac":[-0.35226847293330155,-0.682862095956567,-0.15409138541655099,0.570891160948823,-0.21555938973622302,-0.12368684382723252,0.12279427121815437,0.3281338076084832]},"embedding_cosine_similarity":0.44453158974422535,"frame_ranking_loss":0.0,"legal_ir_losses":{"legal_ir_multiview_acceptance_loss":0.0,"legal_ir_multiview_cosine_loss":0.13820162846225137,"legal_ir_multiview_cross_entropy_loss":0.3298783473463716,"legal_ir_multiview_frame_logic_missing_loss":0.0,"legal_ir_multiview_graph_failure_penalty":0.0,"legal_ir_multiview_proof_failure_ratio":0.0,"legal_ir_multiview_reconstruction_loss":0.06357895556282812,"legal_ir_multiview_text_reconstruction_loss":0.0,"legal_ir_multiview_total_loss":0.6688031939831625,"legal_ir_multiview_view_coverage_loss":0.0,"legal_ir_view_cross_entropy_loss":1.5778299693012363},"legal_ir_predicted_view_distribution":{"CEC.native":0.21078939991567658,"TDFOL.prover":0.20844505015658654,"deontic.ir":0.232477754222367,"knowledge_graphs.neo4j_compat":0.18663576520000685,"zkp.circuits":0.16165203050536303},"legal_ir_target_count":4,"legal_ir_target_hashes":{"us-code-15-2610-f1698554e4f146ed":"84fcec36e38af89a73d1e85b689ca6183d9a6ddc8d5164ab639daba668064312","us-code-22-286oo-e349472a9c3f2967":"d8c1ef912c08218bb4d814da9feb8eeea25b1bae48e818edce55e920876c5634","us-code-22-6431-f6a8a83c1d7368da":"3d6d740df2cb8a9f54c5e6fc87290af81f7b3d949e5e28aed1f5e0fa3853c240","us-code-38-7330C-4cfcb5d212ae6aac":"3c9a051eb5130bc959615642ac7b9ca350184ae04625f5bc7f3a2ad3c38139ed"},"legal_ir_view_distribution":{"CEC.native":0.22522555890370322,"TDFOL.prover":0.22594990284723637,"deontic.ir":0.27861384417788154,"knowledge_graphs.neo4j_compat":0.16521069407117886,"zkp.circuits":0.10500000000000001},"reconstruction_loss":0.2687847561849156,"sample_count":4,"symbolic_validity_penalty":0.0},"steps":[{"after":{"cosine_loss":0.5554684102557746,"cross_entropy_loss":1.8156008226672562,"decoded_embeddings":{"us-code-15-2610-f1698554e4f146ed":[-0.34307964486365977,-0.06416964856642841,0.5628093629428854,0.06346438309180902,0.12710560317459568,0.15633465838264646,-0.20338597444142073,0.25407870388376175],"us-code-22-286oo-e349472a9c3f2967":[-0.24583412927617854,-0.10488159998404414,0.36061177132407596,-0.07498697088366856,0.08477711622466813,0.8497126314103921,-0.07221827291612612,-0.12307595386032355],"us-code-22-6431-f6a8a83c1d7368da":[-0.8459017511897099,0.3491514915210003,0.3209694381366444,0.09696941715084217,-0.3126593869188693,0.1705809163256761,-0.22159294538227628,0.24397072072404097],"us-code-38-7330C-4cfcb5d212ae6aac":[-0.35226847293330155,-0.682862095956567,-0.15409138541655099,0.570891160948823,-0.21555938973622302,-0.12368684382723252,0.12279427121815437,0.3281338076084832]},"embedding_cosine_similarity":0.44453158974422535,"frame_ranking_loss":0.0,"legal_ir_losses":{"legal_ir_multiview_acceptance_loss":0.0,"legal_ir_multiview_cosine_loss":0.13820162846225137,"legal_ir_multiview_cross_entropy_loss":0.3298783473463716,"legal_ir_multiview_frame_logic_missing_loss":0.0,"legal_ir_multiview_graph_failure_penalty":0.0,"legal_ir_multiview_proof_failure_ratio":0.0,"legal_ir_multiview_reconstruction_loss":0.06357895556282812,"legal_ir_multiview_text_reconstruction_loss":0.0,"legal_ir_multiview_total_loss":0.6688031939831625,"legal_ir_multiview_view_coverage_loss":0.0,"legal_ir_view_cross_entropy_loss":1.5778299693012363},"legal_ir_predicted_view_distribution":{"CEC.native":0.21078939991567658,"TDFOL.prover":0.20844505015658654,"deontic.ir":0.232477754222367,"knowledge_graphs.neo4j_compat":0.18663576520000685,"zkp.circuits":0.16165203050536303},"legal_ir_target_count":4,"legal_ir_target_hashes":{"us-code-15-2610-f1698554e4f146ed":"84fcec36e38af89a73d1e85b689ca6183d9a6ddc8d5164ab639daba668064312","us-code-22-286oo-e349472a9c3f2967":"d8c1ef912c08218bb4d814da9feb8eeea25b1bae48e818edce55e920876c5634","us-code-22-6431-f6a8a83c1d7368da":"3d6d740df2cb8a9f54c5e6fc87290af81f7b3d949e5e28aed1f5e0fa3853c240","us-code-38-7330C-4cfcb5d212ae6aac":"3c9a051eb5130bc959615642ac7b9ca350184ae04625f5bc7f3a2ad3c38139ed"},"legal_ir_view_distribution":{"CEC.native":0.22522555890370322,"TDFOL.prover":0.22594990284723637,"deontic.ir":0.27861384417788154,"knowledge_graphs.neo4j_compat":0.16521069407117886,"zkp.circuits":0.10500000000000001},"reconstruction_loss":0.2687847561849156,"sample_count":4,"symbolic_validity_penalty":0.0},"applied_count":8,"applied_updates":[{"action":"improve_modal_family_classifier","changed":["family_logits"],"sample_ids":["us-code-38-7330C-4cfcb5d212ae6aac"],"todo_id":"8b403b46b7e107aa"},{"action":"improve_modal_family_classifier","changed":["family_logits"],"sample_ids":["us-code-15-2610-f1698554e4f146ed","us-code-22-6431-f6a8a83c1d7368da"],"todo_id":"be46965e9b3cd624"},{"action":"improve_modal_family_classifier","changed":["family_logits"],"sample_ids":["us-code-22-286oo-e349472a9c3f2967"],"todo_id":"b953d16cb72603ee"},{"action":"improve_legal_ir_view_distribution","changed":["legal_ir_view_logits"],"sample_ids":["us-code-38-7330C-4cfcb5d212ae6aac"],"todo_id":"52ba53f8f7546319"},{"action":"improve_legal_ir_view_distribution","changed":["legal_ir_view_logits"],"sample_ids":["us-code-15-2610-f1698554e4f146ed","us-code-22-6431-f6a8a83c1d7368da"],"todo_id":"9742de78492adf0b"},{"action":"improve_legal_ir_view_distribution","changed":["legal_ir_view_logits"],"sample_ids":["us-code-22-286oo-e349472a9c3f2967"],"todo_id":"801b888d17de746f"},{"action":"improve_encoder_decoder_reconstruction","changed":["decoded_embedding"],"sample_ids":["us-code-38-7330C-4cfcb5d212ae6aac"],"todo_id":"f47a9fcac57bf057"},{"action":"improve_encoder_decoder_reconstruction","changed":["decoded_embedding"],"sample_ids":["us-code-15-2610-f1698554e4f146ed","us-code-22-6431-f6a8a83c1d7368da"],"todo_id":"086531ee18858520"}],"autoencoder_claimed_count":8,"before":{"cosine_loss":0.8228642619718902,"cross_entropy_loss":1.83996176494106,"decoded_embeddings":{"us-code-15-2610-f1698554e4f146ed":[-0.2142763745193992,0.07434862892769914,0.8733020922939992,-0.2481246338298385,0.2194071921499074,0.24375125989552973,0.005036398504515116,0.0052189646703392914],"us-code-22-286oo-e349472a9c3f2967":[-0.2443205042856705,-0.10443767592060021,0.36446605454332903,-0.0777920170612267,0.09169690532396099,0.84655588774187,-0.0692250554152708,-0.13002843967365843],"us-code-22-6431-f6a8a83c1d7368da":[-0.8715523686676936,0.31624655157784015,0.293692904781502,0.1458311086453717,-0.05303174724541543,-0.034564623625894776,-0.14518900832104364,0.07337571331012929],"us-code-38-7330C-4cfcb5d212ae6aac":[-0.30005974338159647,-0.7311619361689378,-0.0520763991544217,0.5413365520997435,0.025518898933010133,-0.24930686061917756,0.11356088582341213,0.12204886609925102]},"embedding_cosine_similarity":0.17713573802810978,"frame_ranking_loss":0.0,"legal_ir_losses":{"legal_ir_multiview_acceptance_loss":0.0,"legal_ir_multiview_cosine_loss":0.13820162846225137,"legal_ir_multiview_cross_entropy_loss":0.3298783473463716,"legal_ir_multiview_frame_logic_missing_loss":0.0,"legal_ir_multiview_graph_failure_penalty":0.0,"legal_ir_multiview_proof_failure_ratio":0.0,"legal_ir_multiview_reconstruction_loss":0.06357895556282812,"legal_ir_multiview_text_reconstruction_loss":0.0,