{"final_evaluation":{"cosine_loss":1.2496649094016603,"cross_entropy_loss":0.010932990722772021,"decoded_embeddings":{"us-code-42-13942.-3269ef6f9fc3d1a2":[-0.052130222414301874,-0.7768108356281013,-0.05701464611640841,-0.30277706373387414,-0.12566502240058844,0.507998105677439,0.08106293476867758,0.3818742173448365]},"embedding_cosine_similarity":-0.2496649094016603,"frame_ranking_loss":0.0,"legal_ir_losses":{},"legal_ir_predicted_view_distribution":{},"legal_ir_target_count":0,"legal_ir_target_hashes":{},"legal_ir_view_distribution":{},"reconstruction_loss":0.5350555494841409,"sample_count":1,"symbolic_validity_penalty":0.0},"steps":[{"after":{"cosine_loss":1.2496649094016603,"cross_entropy_loss":0.010932990722772021,"decoded_embeddings":{"us-code-42-13942.-3269ef6f9fc3d1a2":[-0.052130222414301874,-0.7768108356281013,-0.05701464611640841,-0.30277706373387414,-0.12566502240058844,0.507998105677439,0.08106293476867758,0.3818742173448365]},"embedding_cosine_similarity":-0.2496649094016603,"frame_ranking_loss":0.0,"legal_ir_losses":{},"legal_ir_predicted_view_distribution":{},"legal_ir_target_count":0,"legal_ir_target_hashes":{},"legal_ir_view_distribution":{},"reconstruction_loss":0.5350555494841409,"sample_count":1,"symbolic_validity_penalty":0.0},"applied_count":0,"applied_updates":[],"autoencoder_claimed_count":0,"before":{"cosine_loss":1.2496649094016603,"cross_entropy_loss":0.010932990722772021,"decoded_embeddings":{"us-code-42-13942.-3269ef6f9fc3d1a2":[-0.052130222414301874,-0.7768108356281013,-0.05701464611640841,-0.30277706373387414,-0.12566502240058844,0.507998105677439,0.08106293476867758,0.3818742173448365]},"embedding_cosine_similarity":-0.2496649094016603,"frame_ranking_loss":0.0,"legal_ir_losses":{},"legal_ir_predicted_view_distribution":{},"legal_ir_target_count":0,"legal_ir_target_hashes":{},"legal_ir_view_distribution":{},"reconstruction_loss":0.5350555494841409,"sample_count":1,"symbolic_validity_penalty":0.0},"bridge_loss_failure_count":0,"bridge_loss_sample_count":0,"bridge_loss_signal_count":0,"claimed_count":0,"claimed_open_count":0,"completed_count":0,"completed_todo_ids":[],"cosine_similarity_delta":0.0,"created_at":"2026-05-26T19:12:21+00:00","cross_entropy_delta":0.0,"failed_validation_count":0,"failed_validation_todo_ids":[],"improved":false,"iteration":1,"loss_seeded_count":0,"pending_count":0,"program_synthesis_deduped_count":0,"program_synthesis_pending_count":0,"program_synthesis_seeded_count":0,"seeded_count":0,"validation_after":{"cosine_loss":1.3883034182991838,"cross_entropy_loss":0.9439427660584592,"decoded_embeddings":{"us-code-36-110111-c2849681bb3b7d80":[0.1982172358723945,-0.6440858721730498,-0.2922110657721801,-0.10464783166748105,-0.09520586424828809,-0.37071914247681964,-0.13551494913581588,-0.14112384547005719]},"embedding_cosine_similarity":-0.3883034182991837,"frame_ranking_loss":0.0,"legal_ir_losses":{},"legal_ir_predicted_view_distribution":{},"legal_ir_target_count":0,"legal_ir_target_hashes":{},"legal_ir_view_distribution":{},"reconstruction_loss":0.4714156054326564,"sample_count":1,"symbolic_validity_penalty":0.0},"validation_before":{"cosine_loss":1.3883034182991838,"cross_entropy_loss":0.9439427660584592,"decoded_embeddings":{"us-code-36-110111-c2849681bb3b7d80":[0.1982172358723945,-0.6440858721730498,-0.2922110657721801,-0.10464783166748105,-0.09520586424828809,-0.37071914247681964,-0.13551494913581588,-0.14112384547005719]},"embedding_cosine_similarity":-0.3883034182991837,"frame_ranking_loss":0.0,"legal_ir_losses":{},"legal_ir_predicted_view_distribution":{},"legal_ir_target_count":0,"legal_ir_target_hashes":{},"legal_ir_view_distribution":{},"reconstruction_loss":0.4714156054326564,"sample_count":1,"symbolic_validity_penalty":0.0},"validation_cosine_similarity_delta":0.0,"validation_cross_entropy_delta":0.0,"worker_id":"random-uscode-daemon-detached"}],"stopped_reason":"no_claimed_todos","validation_final_evaluation":{"cosine_loss":1.3883034182991838,"cross_entropy_loss":0.9439427660584592,"decoded_embeddings":{"us-code-36-110111-c2849681bb3b7d80":[0.1982172358723945,-0.6440858721730498,-0.2922110657721801,-0.10464783166748105,-0.09520586424828809,-0.37071914247681964,-0.13551494913581588,-0.14112384547005719]},"embedding_cosine_similarity":-0.3883034182991837,"frame_ranking_loss":0.0,"legal_ir_losses":{},"legal_ir_predicted_view_distribution":{},"legal_ir_target_count":0,"legal_ir_target_hashes":{},"legal_ir_view_distribution":{},"reconstruction_loss":0.4714156054326564,"sample_count":1,"symbolic_validity_penalty":0.0}}
