{"final_evaluation":{"cosine_loss":0.6031287194630728,"cross_entropy_loss":1.274289586294923,"decoded_embeddings":{"us-code-48-2106.-15296ed2a308c10d":[-0.4008637677004907,-0.0016957096526253844,-0.1957686517498151,0.07929830413392548,0.47833499497957377,-0.31503699140158675,0.3623264661186122,-0.3724667446876304]},"embedding_cosine_similarity":0.39687128053692716,"frame_ranking_loss":0.0,"legal_ir_losses":{},"legal_ir_predicted_view_distribution":{},"legal_ir_target_count":0,"legal_ir_target_hashes":{},"legal_ir_view_distribution":{},"reconstruction_loss":0.33344384010059885,"sample_count":1,"symbolic_validity_penalty":0.0},"steps":[{"after":{"cosine_loss":0.6031287194630728,"cross_entropy_loss":1.274289586294923,"decoded_embeddings":{"us-code-48-2106.-15296ed2a308c10d":[-0.4008637677004907,-0.0016957096526253844,-0.1957686517498151,0.07929830413392548,0.47833499497957377,-0.31503699140158675,0.3623264661186122,-0.3724667446876304]},"embedding_cosine_similarity":0.39687128053692716,"frame_ranking_loss":0.0,"legal_ir_losses":{},"legal_ir_predicted_view_distribution":{},"legal_ir_target_count":0,"legal_ir_target_hashes":{},"legal_ir_view_distribution":{},"reconstruction_loss":0.33344384010059885,"sample_count":1,"symbolic_validity_penalty":0.0},"applied_count":0,"applied_updates":[],"autoencoder_claimed_count":0,"before":{"cosine_loss":0.6031287194630728,"cross_entropy_loss":1.274289586294923,"decoded_embeddings":{"us-code-48-2106.-15296ed2a308c10d":[-0.4008637677004907,-0.0016957096526253844,-0.1957686517498151,0.07929830413392548,0.47833499497957377,-0.31503699140158675,0.3623264661186122,-0.3724667446876304]},"embedding_cosine_similarity":0.39687128053692716,"frame_ranking_loss":0.0,"legal_ir_losses":{},"legal_ir_predicted_view_distribution":{},"legal_ir_target_count":0,"legal_ir_target_hashes":{},"legal_ir_view_distribution":{},"reconstruction_loss":0.33344384010059885,"sample_count":1,"symbolic_validity_penalty":0.0},"bridge_loss_failure_count":0,"bridge_loss_sample_count":0,"bridge_loss_signal_count":0,"claimed_count":0,"claimed_open_count":0,"completed_count":0,"completed_todo_ids":[],"cosine_similarity_delta":0.0,"created_at":"2026-05-26T18:27:55+00:00","cross_entropy_delta":0.0,"failed_validation_count":0,"failed_validation_todo_ids":[],"improved":false,"iteration":1,"loss_seeded_count":0,"pending_count":0,"program_synthesis_deduped_count":0,"program_synthesis_pending_count":0,"program_synthesis_seeded_count":0,"seeded_count":0,"validation_after":{"cosine_loss":1.329983434512282,"cross_entropy_loss":1.5415686044400245,"decoded_embeddings":{"us-code-17-1324-20caed9f1da675c3":[-0.12675360399849186,0.319195784442288,0.051166109389853706,0.0162582999819759,0.7254465871948214,-0.3280489525040809,0.6030687167184703,0.13699818604684935]},"embedding_cosine_similarity":-0.3299834345122822,"frame_ranking_loss":0.0,"legal_ir_losses":{},"legal_ir_predicted_view_distribution":{},"legal_ir_target_count":0,"legal_ir_target_hashes":{},"legal_ir_view_distribution":{},"reconstruction_loss":0.6603469678482612,"sample_count":1,"symbolic_validity_penalty":0.0},"validation_before":{"cosine_loss":1.329983434512282,"cross_entropy_loss":1.5415686044400245,"decoded_embeddings":{"us-code-17-1324-20caed9f1da675c3":[-0.12675360399849186,0.319195784442288,0.051166109389853706,0.0162582999819759,0.7254465871948214,-0.3280489525040809,0.6030687167184703,0.13699818604684935]},"embedding_cosine_similarity":-0.3299834345122822,"frame_ranking_loss":0.0,"legal_ir_losses":{},"legal_ir_predicted_view_distribution":{},"legal_ir_target_count":0,"legal_ir_target_hashes":{},"legal_ir_view_distribution":{},"reconstruction_loss":0.6603469678482612,"sample_count":1,"symbolic_validity_penalty":0.0},"validation_cosine_similarity_delta":0.0,"validation_cross_entropy_delta":0.0,"worker_id":"random-uscode-daemon-detached"}],"stopped_reason":"no_claimed_todos","validation_final_evaluation":{"cosine_loss":1.329983434512282,"cross_entropy_loss":1.5415686044400245,"decoded_embeddings":{"us-code-17-1324-20caed9f1da675c3":[-0.12675360399849186,0.319195784442288,0.051166109389853706,0.0162582999819759,0.7254465871948214,-0.3280489525040809,0.6030687167184703,0.13699818604684935]},"embedding_cosine_similarity":-0.3299834345122822,"frame_ranking_loss":0.0,"legal_ir_losses":{},"legal_ir_predicted_view_distribution":{},"legal_ir_target_count":0,"legal_ir_target_hashes":{},"legal_ir_view_distribution":{},"reconstruction_loss":0.6603469678482612,"sample_count":1,"symbolic_validity_penalty":0.0}}
