{"final_evaluation":{"cosine_loss":0.4250863991584978,"cross_entropy_loss":1.2504017502507598,"decoded_embeddings":{"us-code-42-7382f.-8daf63567c0363fc":[-0.1361041270922772,0.20986410647587883,0.20533636552025974,0.17213020413742142,1.040835130100466,-0.11839387720080172,0.20570068523617913,0.6180810933904081]},"embedding_cosine_similarity":0.5749136008415022,"frame_ranking_loss":0.0,"legal_ir_losses":{"legal_ir_multiview_acceptance_loss":0.33333333333333337,"legal_ir_multiview_cosine_loss":0.31060543900795723,"legal_ir_multiview_cross_entropy_loss":0.41680058341691995,"legal_ir_multiview_frame_logic_missing_loss":0.0,"legal_ir_multiview_graph_failure_penalty":0.0,"legal_ir_multiview_proof_failure_ratio":0.0,"legal_ir_multiview_reconstruction_loss":0.15280659662575,"legal_ir_multiview_text_reconstruction_loss":0.0,"legal_ir_multiview_total_loss":2.8804046190506267,"legal_ir_multiview_view_coverage_loss":0.0,"legal_ir_view_cross_entropy_loss":2.3978952727983702},"legal_ir_predicted_view_distribution":{"CEC.native":0.09090909090909091,"deontic.decoder":0.09090909090909091,"deontic.exports":0.09090909090909091,"deontic.formula_builder":0.09090909090909091,"deontic.graph":0.09090909090909091,"deontic.ir":0.09090909090909091,"deontic.metrics":0.09090909090909091,"deontic.prover_syntax":0.09090909090909091,"knowledge_graphs.neo4j_compat":0.09090909090909091,"modal.compiler":0.09090909090909091,"modal.frame_logic":0.09090909090909091},"legal_ir_target_count":1,"legal_ir_target_hashes":{"us-code-42-7382f.-8daf63567c0363fc":"c10859c45207d1b92464bca29a1c0529fa1813f2ec4ff6e956f2f6532f263643"},"legal_ir_view_distribution":{"CEC.native":0.18181818181818182,"deontic.decoder":0.045454545454545456,"deontic.exports":0.13636363636363635,"deontic.formula_builder":0.045454545454545456,"deontic.graph":0.045454545454545456,"deontic.ir":0.09090909090909091,"deontic.metrics":0.13636363636363635,"deontic.prover_syntax":0.09090909090909091,"knowledge_graphs.neo4j_compat":0.13636363636363635,"modal.compiler":0.045454545454545456,"modal.frame_logic":0.045454545454545456},"reconstruction_loss":0.25449905665801503,"sample_count":1,"symbolic_validity_penalty":0.0},"steps":[{"after":{"cosine_loss":0.4250863991584978,"cross_entropy_loss":1.2504017502507598,"decoded_embeddings":{"us-code-42-7382f.-8daf63567c0363fc":[-0.1361041270922772,0.20986410647587883,0.20533636552025974,0.17213020413742142,1.040835130100466,-0.11839387720080172,0.20570068523617913,0.6180810933904081]},"embedding_cosine_similarity":0.5749136008415022,"frame_ranking_loss":0.0,"legal_ir_losses":{"legal_ir_multiview_acceptance_loss":0.33333333333333337,"legal_ir_multiview_cosine_loss":0.31060543900795723,"legal_ir_multiview_cross_entropy_loss":0.41680058341691995,"legal_ir_multiview_frame_logic_missing_loss":0.0,"legal_ir_multiview_graph_failure_penalty":0.0,"legal_ir_multiview_proof_failure_ratio":0.0,"legal_ir_multiview_reconstruction_loss":0.15280659662575,"legal_ir_multiview_text_reconstruction_loss":0.0,"legal_ir_multiview_total_loss":2.8804046190506267,"legal_ir_multiview_view_coverage_loss":0.0,"legal_ir_view_cross_entropy_loss":2.3978952727983702},"legal_ir_predicted_view_distribution":{"CEC.native":0.09090909090909091,"deontic.decoder":0.09090909090909091,"deontic.exports":0.09090909090909091,"deontic.formula_builder":0.09090909090909091,"deontic.graph":0.09090909090909091,"deontic.ir":0.09090909090909091,"deontic.metrics":0.09090909090909091,"deontic.prover_syntax":0.09090909090909091,"knowledge_graphs.neo4j_compat":0.09090909090909091,"modal.compiler":0.09090909090909091,"modal.frame_logic":0.09090909090909091},"legal_ir_target_count":1,"legal_ir_target_hashes":{"us-code-42-7382f.-8daf63567c0363fc":"c10859c45207d1b92464bca29a1c0529fa1813f2ec4ff6e956f2f6532f263643"},"legal_ir_view_distribution":{"CEC.native":0.18181818181818182,"deontic.decoder":0.045454545454545456,"deontic.exports":0.13636363636363635,"deontic.formula_builder":0.045454545454545456,"deontic.graph":0.045454545454545456,"deontic.ir":0.09090909090909091,"deontic.metrics":0.13636363636363635,"deontic.prover_syntax":0.09090909090909091,"knowledge_graphs.neo4j_compat":0.13636363636363635,"modal.compiler":0.045454545454545456,"modal.frame_logic":0.045454545454545456},"reconstruction_loss":0.25449905665801503,"sample_count":1,"symbolic_validity_penalty":0.0},"applied_count":0,"applied_updates":[],"autoencoder_claimed_count":4,"before":{"cosine_loss":0.4250863991584978,"cross_entropy_loss":1.2504017502507598,"decoded_embeddings":{"us-code-42-7382f.-8daf63567c0363fc":[-0.1361041270922772,0.20986410647587883,0.20533636552025974,0.17213020413742142,1.040835130100466,-0.11839387720080172,0.20570068523617913,0.6180810933904081]},"embedding_cosine_similarity":0.5749136008415022,"frame_ranking_loss":0.0,"legal_ir_losses":{"legal_ir_multiview_acceptance_loss":0.33333333333333337,"legal_ir_multiview_cosine_loss":0.31060543900795723,"legal_ir_multiview_cross_entropy_loss":0.41680058341691995,"legal_ir_multiview_frame_logic_missing_loss":0.0,"legal_ir_multiview_graph_failure_penalty":0.0,"legal_ir_multiview_proof_failure_ratio":0.0,"legal_ir_multiview_reconstruction_loss":0.15280659662575,"legal_ir_multiview_text_reconstruction_loss":0.0,"legal_ir_multiview_total_loss":2.8804046190506267,"legal_ir_multiview_view_coverage_loss":0.0,"legal_ir_view_cross_entropy_loss":2.3978952727983702},"legal_ir_predicted_view_distribution":{"CEC.native":0.09090909090909091,"deontic.decoder":0.09090909090909091,"deontic.exports":0.09090909090909091,"deontic.formula_builder":0.09090909090909091,"deontic.graph":0.09090909090909091,"deontic.ir":0.09090909090909091,"deontic.metrics":0.09090909090909091,"deontic.prover_syntax":0.09090909090909091,"knowledge_graphs.neo4j_compat":0.09090909090909091,"modal.compiler":0.09090909090909091,"modal.frame_logic":0.09090909090909091},"legal_ir_target_count":1,"legal_ir_target_hashes":{"us-code-42-7382f.-8daf63567c0363fc":"c10859c45207d1b92464bca29a1c0529fa1813f2ec4ff6e956f2f6532f263643"},"legal_ir_view_distribution":{"CEC.native":0.18181818181818182,"deontic.decoder":0.045454545454545456,"deontic.exports":0.13636363636363635,"deontic.formula_builder":0.045454545454545456,"deontic.graph":0.045454545454545456,"deontic.ir":0.09090909090909091,"deontic.metrics":0.13636363636363635,"deontic.prover_syntax":0.09090909090909091,"knowledge_graphs.neo4j_compat":0.13636363636363635,"modal.compiler":0.045454545454545456,"modal.frame_logic":0.045454545454545456},"reconstruction_loss":0.25449905665801503,"sample_count":1,"symbolic_validity_penalty":0.0},"bridge_loss_failure_count":0,"bridge_loss_sample_count":1,"bridge_loss_signal_count":13,"claimed_count":4,"claimed_open_count":0,"completed_count":0,"completed_todo_ids":[],"cosine_similarity_delta":0.0,"created_at":"2026-05-20T00:28:00+00:00","cross_entropy_delta":0.0,"failed_validation_count":4,"failed_validation_todo_ids":["9cca535b2a29b447","edbcd552de9baf1d","241f07ec63b3df21","5aedc72cd5daeb8d"],"improved":false,"iteration":1,"loss_seeded_count":4,"pending_count":0,"program_synthesis_deduped_count":0,"program_synthesis_pending_count":0,"program_synthesis_seeded_count":0,"seeded_count":4,"validation_after":{"cosine_loss":1.2876232627509654,"cross_entropy_loss":0.7530757825112395,"decoded_embeddings":{"us-code-50-2523a.-bf70ed35dc2d700a":[0.13438306162982505,0.12681946616178108,-0.294856950391093,-0.03325109645657011,0.7525603084294827,0.4150781906617773,-0.12990630377268061,-0.08007601502828088]},"embedding_cosine_similarity":-0.2876232627509654,"frame_ranking_loss":0.0,"legal_ir_losses":{"legal_ir_multiview_acceptance_loss":0.6666666666666667,"legal_ir_multiview_cosine_loss":1.021257604767111,"legal_ir_multiview_cross_entropy_loss":0.2510252608370798,"legal_ir_multiview_frame_logic_missing_loss":0.0,"legal_ir_multiview_graph_failure_penalty":0.0,"legal_ir_multiview_proof_failure_ratio":0.6666666666666666,"legal_ir_multiview_reconstruction_loss":0.49904108641079165,