{"final_evaluation":{"cosine_loss":0.9678789995405538,"cross_entropy_loss":1.1948586611994232,"decoded_embeddings":{"us-code-10-8217-21f7936cd1181283":[0.36977931637008654,-0.2113890973517544,0.4802576345078769,-0.17406128972095275,0.1892149599295772,-0.024041837131642853,0.052753818612856274,-0.175683550491466],"us-code-38-543-bc6501735e9e38cb":[-0.27501430219856254,-0.1516617707275679,0.3143006428346482,-0.5582661082900154,-0.31368290901927837,-0.3702490074127136,0.20381623748701416,0.26749869478567445],"us-code-42-3521 to 3527.-18f6788a1a4f17c8":[0.21141405132704194,-0.5679055835619383,0.5474485375437408,-0.21338650126830283,-0.14158908790864327,-0.1236553306929427,-0.04905527745962776,-0.013404590450112507],"us-code-48-1409m to 1409-ddf93c2957769f80":[-0.23455793430522998,-0.3473342276730966,0.26097139861229884,0.12046286540925573,0.05038227183399771,-0.29509890574465786,-0.028128979122000564,0.33163502919045895]},"embedding_cosine_similarity":0.03212100045944617,"frame_ranking_loss":0.0,"legal_ir_losses":{"legal_ir_multiview_acceptance_loss":0.0,"legal_ir_multiview_cosine_loss":0.32561418926783453,"legal_ir_multiview_cross_entropy_loss":1.0076467716434654,"legal_ir_multiview_frame_logic_missing_loss":0.0,"legal_ir_multiview_graph_failure_penalty":0.0,"legal_ir_multiview_proof_failure_ratio":0.0,"legal_ir_multiview_reconstruction_loss":0.14621601302540624,"legal_ir_multiview_text_reconstruction_loss":0.0,"legal_ir_multiview_total_loss":1.844716523936706,"legal_ir_multiview_view_coverage_loss":0.0,"legal_ir_view_cross_entropy_loss":0.47150793310107697},"legal_ir_predicted_view_distribution":{"deontic.ir":0.7566127322006205,"knowledge_graphs.neo4j_compat":0.2433872677993795},"legal_ir_target_count":4,"legal_ir_target_hashes":{"us-code-10-8217-21f7936cd1181283":"f4d21998797c35f8b057464ae077df9876ebbb0267ee173c577a465b33a24e40","us-code-38-543-bc6501735e9e38cb":"52de5a361e974f9975d6dd3ed1508ae9c7ef5fdafa65f294b5a04b81027b1377","us-code-42-3521 to 3527.-18f6788a1a4f17c8":"97723f10c80bcd16f639010f877957866f67b1a087e0bd5dd7dbf5f8c28fb22a","us-code-48-1409m to 1409-ddf93c2957769f80":"ee4520a1d4bfd3fa3cd3c216e34a7076899f38fb02dff2a9c6d56632c1705050"},"legal_ir_view_distribution":{"deontic.ir":0.8303456824744042,"knowledge_graphs.neo4j_compat":0.16965431752559587},"reconstruction_loss":0.39110990532006995,"sample_count":4,"symbolic_validity_penalty":0.0},"steps":[{"after":{"cosine_loss":0.9678789995405538,"cross_entropy_loss":1.1948586611994232,"decoded_embeddings":{"us-code-10-8217-21f7936cd1181283":[0.36977931637008654,-0.2113890973517544,0.4802576345078769,-0.17406128972095275,0.1892149599295772,-0.024041837131642853,0.052753818612856274,-0.175683550491466],"us-code-38-543-bc6501735e9e38cb":[-0.27501430219856254,-0.1516617707275679,0.3143006428346482,-0.5582661082900154,-0.31368290901927837,-0.3702490074127136,0.20381623748701416,0.26749869478567445],"us-code-42-3521 to 3527.-18f6788a1a4f17c8":[0.21141405132704194,-0.5679055835619383,0.5474485375437408,-0.21338650126830283,-0.14158908790864327,-0.1236553306929427,-0.04905527745962776,-0.013404590450112507],"us-code-48-1409m to 1409-ddf93c2957769f80":[-0.23455793430522998,-0.3473342276730966,0.26097139861229884,0.12046286540925573,0.05038227183399771,-0.29509890574465786,-0.028128979122000564,0.33163502919045895]},"embedding_cosine_similarity":0.03212100045944617,"frame_ranking_loss":0.0,"legal_ir_losses":{"legal_ir_multiview_acceptance_loss":0.0,"legal_ir_multiview_cosine_loss":0.32561418926783453,"legal_ir_multiview_cross_entropy_loss":1.0076467716434654,"legal_ir_multiview_frame_logic_missing_loss":0.0,"legal_ir_multiview_graph_failure_penalty":0.0,"legal_ir_multiview_proof_failure_ratio":0.0,"legal_ir_multiview_reconstruction_loss":0.14621601302540624,"legal_ir_multiview_text_reconstruction_loss":0.0,"legal_ir_multiview_total_loss":1.844716523936706,"legal_ir_multiview_view_coverage_loss":0.0,"legal_ir_view_cross_entropy_loss":0.47150793310107697},"legal_ir_predicted_view_distribution":{"deontic.ir":0.7566127322006205,"knowledge_graphs.neo4j_compat":0.2433872677993795},"legal_ir_target_count":4,"legal_ir_target_hashes":{"us-code-10-8217-21f7936cd1181283":"f4d21998797c35f8b057464ae077df9876ebbb0267ee173c577a465b33a24e40","us-code-38-543-bc6501735e9e38cb":"52de5a361e974f9975d6dd3ed1508ae9c7ef5fdafa65f294b5a04b81027b1377","us-code-42-3521 to 3527.-18f6788a1a4f17c8":"97723f10c80bcd16f639010f877957866f67b1a087e0bd5dd7dbf5f8c28fb22a","us-code-48-1409m to 1409-ddf93c2957769f80":"ee4520a1d4bfd3fa3cd3c216e34a7076899f38fb02dff2a9c6d56632c1705050"},"legal_ir_view_distribution":{"deontic.ir":0.8303456824744042,"knowledge_graphs.neo4j_compat":0.16965431752559587},"reconstruction_loss":0.39110990532006995,"sample_count":4,"symbolic_validity_penalty":0.0},"applied_count":0,"applied_updates":[],"autoencoder_claimed_count":0,"before":{"cosine_loss":0.9678789995405538,"cross_entropy_loss":1.1948586611994232,"decoded_embeddings":{"us-code-10-8217-21f7936cd1181283":[0.36977931637008654,-0.2113890973517544,0.4802576345078769,-0.17406128972095275,0.1892149599295772,-0.024041837131642853,0.052753818612856274,-0.175683550491466],"us-code-38-543-bc6501735e9e38cb":[-0.27501430219856254,-0.1516617707275679,0.3143006428346482,-0.5582661082900154,-0.31368290901927837,-0.3702490074127136,0.20381623748701416,0.26749869478567445],"us-code-42-3521 to 3527.-18f6788a1a4f17c8":[0.21141405132704194,-0.5679055835619383,0.5474485375437408,-0.21338650126830283,-0.14158908790864327,-0.1236553306929427,-0.04905527745962776,-0.013404590450112507],"us-code-48-1409m to 1409-ddf93c2957769f80":[-0.23455793430522998,-0.3473342276730966,0.26097139861229884,0.12046286540925573,0.05038227183399771,-0.29509890574465786,-0.028128979122000564,0.33163502919045895]},"embedding_cosine_similarity":0.03212100045944617,"frame_ranking_loss":0.0,"legal_ir_losses":{"legal_ir_multiview_acceptance_loss":0.0,"legal_ir_multiview_cosine_loss":0.32561418926783453,"legal_ir_multiview_cross_entropy_loss":1.0076467716434654,"legal_ir_multiview_frame_logic_missing_loss":0.0,"legal_ir_multiview_graph_failure_penalty":0.0,"legal_ir_multiview_proof_failure_ratio":0.0,"legal_ir_multiview_reconstruction_loss":0.14621601302540624,"legal_ir_multiview_text_reconstruction_loss":0.0,"legal_ir_multiview_total_loss":1.844716523936706,"legal_ir_multiview_view_coverage_loss":0.0,"legal_ir_view_cross_entropy_loss":0.47150793310107697},"legal_ir_predicted_view_distribution":{"deontic.ir":0.7566127322006205,"knowledge_graphs.neo4j_compat":0.2433872677993795},"legal_ir_target_count":4,"legal_ir_target_hashes":{"us-code-10-8217-21f7936cd1181283":"f4d21998797c35f8b057464ae077df9876ebbb0267ee173c577a465b33a24e40","us-code-38-543-bc6501735e9e38cb":"52de5a361e974f9975d6dd3ed1508ae9c7ef5fdafa65f294b5a04b81027b1377","us-code-42-3521 to 3527.-18f6788a1a4f17c8":"97723f10c80bcd16f639010f877957866f67b1a087e0bd5dd7dbf5f8c28fb22a","us-code-48-1409m to 1409-ddf93c2957769f80":"ee4520a1d4bfd3fa3cd3c216e34a7076899f38fb02dff2a9c6d56632c1705050"},"legal_ir_view_distribution":{"deontic.ir":0.8303456824744042,"knowledge_graphs.neo4j_compat":0.16965431752559587},"reconstruction_loss":0.39110990532006995,"sample_count":4,"symbolic_validity_penalty":0.0},"bridge_loss_failure_count":0,"bridge_loss_sample_count":4,"bridge_loss_signal_count":29,"claimed_count":0,"claimed_open_count":0,"completed_count":0,"completed_todo_ids":[],"cosine_similarity_delta":0.0,"created_at":"2026-05-26T10:13:44+00:00","cross_entropy_delta":0.0,"failed_validation_count":0,"failed_validation_todo_ids":[],"improved":false,"iteration":1,"loss_seeded_count":0,"pending_count":37,"program_synthesis_deduped_count":3,"program_synthesis_pending_count":37,"program_synthesis_seeded_count":3,"seeded_count":3,"validation_after":{"cosine_loss":0.9902967200127268,"cross_entropy_loss":1.2685637697837877,