{"final_evaluation":{"cosine_loss":1.063346771856191,"cross_entropy_loss":1.3652478594681465,"decoded_embeddings":{"us-code-16-3201-f845ac037876a487":[-0.34428996540408685,-0.21112394028934725,0.13001710958911783,0.13447262234652796,0.1788389059754646,-0.32908928965948014,-0.4848813854629422,-0.3180989592875434],"us-code-16-430a-1-04bfc0af8dc4e922":[-0.06234199330251648,0.4735562564601283,-0.6324134878059007,-0.21995763296399162,0.5190190300017182,-0.13334930397889455,-0.2787801888998687,0.7664451370178158],"us-code-16-6101-ce340fcea2166787":[0.3546321121356281,0.09685863386660647,0.1534785312641877,0.01798867484158436,0.08257455592719232,-0.04028959299576605,0.4121549385636634,-0.5273725835216574],"us-code-36-70307-6d5458adfa94d2b4":[0.13898474337953867,0.4081871979549557,0.19462847508409534,0.10719163699662318,0.2544776195134359,-0.1133191803795682,0.5290297447094291,-0.06443062716647638]},"embedding_cosine_similarity":-0.06334677185619116,"frame_ranking_loss":0.0,"legal_ir_losses":{"legal_ir_multiview_acceptance_loss":0.0,"legal_ir_multiview_cosine_loss":0.5531069182894406,"legal_ir_multiview_cross_entropy_loss":0.932842703099861,"legal_ir_multiview_frame_logic_missing_loss":0.0,"legal_ir_multiview_graph_failure_penalty":0.0,"legal_ir_multiview_proof_failure_ratio":0.0,"legal_ir_multiview_reconstruction_loss":0.21697882179167188,"legal_ir_multiview_text_reconstruction_loss":0.0,"legal_ir_multiview_total_loss":2.0637272056809737,"legal_ir_multiview_view_coverage_loss":0.0,"legal_ir_view_cross_entropy_loss":0.5010666323590264},"legal_ir_predicted_view_distribution":{"deontic.ir":0.6979968013738753,"knowledge_graphs.neo4j_compat":0.3020031986261246},"legal_ir_target_count":4,"legal_ir_target_hashes":{"us-code-16-3201-f845ac037876a487":"68e3b29497afd6cea9f46f3623f2974229db59dd287f8941a02d91cb44d4a9be","us-code-16-430a-1-04bfc0af8dc4e922":"ae487726cb01a05d501caf543539496256ac0ae96837e5b3f65c19fa83fb016b","us-code-16-6101-ce340fcea2166787":"2fe7e104f0ef00cb19381029eb987841f2e81ac5f204ac26cc9dc98e37af2987","us-code-36-70307-6d5458adfa94d2b4":"f010a265314560dd19963b141f85d3aa679f23fb9732330435aa7dec35dd3b44"},"legal_ir_view_distribution":{"deontic.ir":0.8314777471478587,"knowledge_graphs.neo4j_compat":0.16852225285214134},"reconstruction_loss":0.39052202550886367,"sample_count":4,"symbolic_validity_penalty":0.0},"steps":[{"after":{"cosine_loss":1.063346771856191,"cross_entropy_loss":1.3652478594681465,"decoded_embeddings":{"us-code-16-3201-f845ac037876a487":[-0.34428996540408685,-0.21112394028934725,0.13001710958911783,0.13447262234652796,0.1788389059754646,-0.32908928965948014,-0.4848813854629422,-0.3180989592875434],"us-code-16-430a-1-04bfc0af8dc4e922":[-0.06234199330251648,0.4735562564601283,-0.6324134878059007,-0.21995763296399162,0.5190190300017182,-0.13334930397889455,-0.2787801888998687,0.7664451370178158],"us-code-16-6101-ce340fcea2166787":[0.3546321121356281,0.09685863386660647,0.1534785312641877,0.01798867484158436,0.08257455592719232,-0.04028959299576605,0.4121549385636634,-0.5273725835216574],"us-code-36-70307-6d5458adfa94d2b4":[0.13898474337953867,0.4081871979549557,0.19462847508409534,0.10719163699662318,0.2544776195134359,-0.1133191803795682,0.5290297447094291,-0.06443062716647638]},"embedding_cosine_similarity":-0.06334677185619116,"frame_ranking_loss":0.0,"legal_ir_losses":{"legal_ir_multiview_acceptance_loss":0.0,"legal_ir_multiview_cosine_loss":0.5531069182894406,"legal_ir_multiview_cross_entropy_loss":0.932842703099861,"legal_ir_multiview_frame_logic_missing_loss":0.0,"legal_ir_multiview_graph_failure_penalty":0.0,"legal_ir_multiview_proof_failure_ratio":0.0,"legal_ir_multiview_reconstruction_loss":0.21697882179167188,"legal_ir_multiview_text_reconstruction_loss":0.0,"legal_ir_multiview_total_loss":2.0637272056809737,"legal_ir_multiview_view_coverage_loss":0.0,"legal_ir_view_cross_entropy_loss":0.5010666323590264},"legal_ir_predicted_view_distribution":{"deontic.ir":0.6979968013738753,"knowledge_graphs.neo4j_compat":0.3020031986261246},"legal_ir_target_count":4,"legal_ir_target_hashes":{"us-code-16-3201-f845ac037876a487":"68e3b29497afd6cea9f46f3623f2974229db59dd287f8941a02d91cb44d4a9be","us-code-16-430a-1-04bfc0af8dc4e922":"ae487726cb01a05d501caf543539496256ac0ae96837e5b3f65c19fa83fb016b","us-code-16-6101-ce340fcea2166787":"2fe7e104f0ef00cb19381029eb987841f2e81ac5f204ac26cc9dc98e37af2987","us-code-36-70307-6d5458adfa94d2b4":"f010a265314560dd19963b141f85d3aa679f23fb9732330435aa7dec35dd3b44"},"legal_ir_view_distribution":{"deontic.ir":0.8314777471478587,"knowledge_graphs.neo4j_compat":0.16852225285214134},"reconstruction_loss":0.39052202550886367,"sample_count":4,"symbolic_validity_penalty":0.0},"applied_count":0,"applied_updates":[],"autoencoder_claimed_count":0,"before":{"cosine_loss":1.063346771856191,"cross_entropy_loss":1.3652478594681465,"decoded_embeddings":{"us-code-16-3201-f845ac037876a487":[-0.34428996540408685,-0.21112394028934725,0.13001710958911783,0.13447262234652796,0.1788389059754646,-0.32908928965948014,-0.4848813854629422,-0.3180989592875434],"us-code-16-430a-1-04bfc0af8dc4e922":[-0.06234199330251648,0.4735562564601283,-0.6324134878059007,-0.21995763296399162,0.5190190300017182,-0.13334930397889455,-0.2787801888998687,0.7664451370178158],"us-code-16-6101-ce340fcea2166787":[0.3546321121356281,0.09685863386660647,0.1534785312641877,0.01798867484158436,0.08257455592719232,-0.04028959299576605,0.4121549385636634,-0.5273725835216574],"us-code-36-70307-6d5458adfa94d2b4":[0.13898474337953867,0.4081871979549557,0.19462847508409534,0.10719163699662318,0.2544776195134359,-0.1133191803795682,0.5290297447094291,-0.06443062716647638]},"embedding_cosine_similarity":-0.06334677185619116,"frame_ranking_loss":0.0,"legal_ir_losses":{"legal_ir_multiview_acceptance_loss":0.0,"legal_ir_multiview_cosine_loss":0.5531069182894406,"legal_ir_multiview_cross_entropy_loss":0.932842703099861,"legal_ir_multiview_frame_logic_missing_loss":0.0,"legal_ir_multiview_graph_failure_penalty":0.0,"legal_ir_multiview_proof_failure_ratio":0.0,"legal_ir_multiview_reconstruction_loss":0.21697882179167188,"legal_ir_multiview_text_reconstruction_loss":0.0,"legal_ir_multiview_total_loss":2.0637272056809737,"legal_ir_multiview_view_coverage_loss":0.0,"legal_ir_view_cross_entropy_loss":0.5010666323590264},"legal_ir_predicted_view_distribution":{"deontic.ir":0.6979968013738753,"knowledge_graphs.neo4j_compat":0.3020031986261246},"legal_ir_target_count":4,"legal_ir_target_hashes":{"us-code-16-3201-f845ac037876a487":"68e3b29497afd6cea9f46f3623f2974229db59dd287f8941a02d91cb44d4a9be","us-code-16-430a-1-04bfc0af8dc4e922":"ae487726cb01a05d501caf543539496256ac0ae96837e5b3f65c19fa83fb016b","us-code-16-6101-ce340fcea2166787":"2fe7e104f0ef00cb19381029eb987841f2e81ac5f204ac26cc9dc98e37af2987","us-code-36-70307-6d5458adfa94d2b4":"f010a265314560dd19963b141f85d3aa679f23fb9732330435aa7dec35dd3b44"},"legal_ir_view_distribution":{"deontic.ir":0.8314777471478587,"knowledge_graphs.neo4j_compat":0.16852225285214134},"reconstruction_loss":0.39052202550886367,"sample_count":4,"symbolic_validity_penalty":0.0},"bridge_loss_failure_count":0,"bridge_loss_sample_count":4,"bridge_loss_signal_count":25,"claimed_count":0,"claimed_open_count":0,"completed_count":0,"completed_todo_ids":[],"cosine_similarity_delta":0.0,"created_at":"2026-05-26T10:14:59+00:00","cross_entropy_delta":0.0,"failed_validation_count":0,"failed_validation_todo_ids":[],"improved":false,"iteration":1,"loss_seeded_count":0,"pending_count":45,"program_synthesis_deduped_count":3,"program_synthesis_pending_count":45,"program_synthesis_seeded_count":3,"seeded_count":3,"validation_after":{"cosine_loss":0.9169132334796382,"cross_entropy_loss":0.8626827060222245,"decoded_embeddings":{"us-code-10-2398a-1ff131c09765a893":[0.46083279065045174,0.5646134723828107,0.469496929827772,-0.14024562570722574,0.5250960583280493,-0.27708978149944413,0.3188657939162493,0.2862226922964506],