{"final_evaluation":{"cosine_loss":1.0399633618956525,"cross_entropy_loss":1.7070948768909853,"decoded_embeddings":{"us-code-16-5913-3d77a7cc606fd2ec":[-0.38223831862388596,0.38160180880078015,-0.029252540250737355,0.33769527321660414,-0.003780397850894651,-0.26179221431548205,0.24518762365910837,0.4531637621585854],"us-code-26-6671-0699b447cf6fa07d":[-0.37621339283337873,0.06429775923808677,0.674479332432969,-0.05638442622226553,0.08879863551789718,0.27112145368129786,0.2986218180675768,0.019450360740465054],"us-code-42-2991c.-a81bc22854290202":[-0.07294981015215107,-0.4879572592256027,0.3853227392429584,-0.388330985623536,-0.23645985953924833,-0.13179904330660921,0.0011306221840306024,-0.43167371467238524],"us-code-49-45304.-7bb8b14e8d994562":[-0.11502117164623775,-0.582822897188959,0.2082873993198889,-0.15493054210376206,0.04901194567033685,0.46054239831203575,-0.4082593857226503,-0.1724624724698244]},"embedding_cosine_similarity":-0.03996336189565265,"frame_ranking_loss":0.0,"legal_ir_losses":{},"legal_ir_predicted_view_distribution":{},"legal_ir_target_count":0,"legal_ir_target_hashes":{},"legal_ir_view_distribution":{},"reconstruction_loss":0.5275673158040914,"sample_count":4,"symbolic_validity_penalty":0.0},"steps":[{"after":{"cosine_loss":1.0399633618956525,"cross_entropy_loss":1.7070948768909853,"decoded_embeddings":{"us-code-16-5913-3d77a7cc606fd2ec":[-0.38223831862388596,0.38160180880078015,-0.029252540250737355,0.33769527321660414,-0.003780397850894651,-0.26179221431548205,0.24518762365910837,0.4531637621585854],"us-code-26-6671-0699b447cf6fa07d":[-0.37621339283337873,0.06429775923808677,0.674479332432969,-0.05638442622226553,0.08879863551789718,0.27112145368129786,0.2986218180675768,0.019450360740465054],"us-code-42-2991c.-a81bc22854290202":[-0.07294981015215107,-0.4879572592256027,0.3853227392429584,-0.388330985623536,-0.23645985953924833,-0.13179904330660921,0.0011306221840306024,-0.43167371467238524],"us-code-49-45304.-7bb8b14e8d994562":[-0.11502117164623775,-0.582822897188959,0.2082873993198889,-0.15493054210376206,0.04901194567033685,0.46054239831203575,-0.4082593857226503,-0.1724624724698244]},"embedding_cosine_similarity":-0.03996336189565265,"frame_ranking_loss":0.0,"legal_ir_losses":{},"legal_ir_predicted_view_distribution":{},"legal_ir_target_count":0,"legal_ir_target_hashes":{},"legal_ir_view_distribution":{},"reconstruction_loss":0.5275673158040914,"sample_count":4,"symbolic_validity_penalty":0.0},"applied_count":0,"applied_updates":[],"autoencoder_claimed_count":0,"before":{"cosine_loss":1.0399633618956525,"cross_entropy_loss":1.7070948768909853,"decoded_embeddings":{"us-code-16-5913-3d77a7cc606fd2ec":[-0.38223831862388596,0.38160180880078015,-0.029252540250737355,0.33769527321660414,-0.003780397850894651,-0.26179221431548205,0.24518762365910837,0.4531637621585854],"us-code-26-6671-0699b447cf6fa07d":[-0.37621339283337873,0.06429775923808677,0.674479332432969,-0.05638442622226553,0.08879863551789718,0.27112145368129786,0.2986218180675768,0.019450360740465054],"us-code-42-2991c.-a81bc22854290202":[-0.07294981015215107,-0.4879572592256027,0.3853227392429584,-0.388330985623536,-0.23645985953924833,-0.13179904330660921,0.0011306221840306024,-0.43167371467238524],"us-code-49-45304.-7bb8b14e8d994562":[-0.11502117164623775,-0.582822897188959,0.2082873993198889,-0.15493054210376206,0.04901194567033685,0.46054239831203575,-0.4082593857226503,-0.1724624724698244]},"embedding_cosine_similarity":-0.03996336189565265,"frame_ranking_loss":0.0,"legal_ir_losses":{},"legal_ir_predicted_view_distribution":{},"legal_ir_target_count":0,"legal_ir_target_hashes":{},"legal_ir_view_distribution":{},"reconstruction_loss":0.5275673158040914,"sample_count":4,"symbolic_validity_penalty":0.0},"bridge_loss_failure_count":0,"bridge_loss_sample_count":0,"bridge_loss_signal_count":0,"claimed_count":0,"claimed_open_count":0,"completed_count":0,"completed_todo_ids":[],"cosine_similarity_delta":0.0,"created_at":"2026-05-26T07:23:54+00:00","cross_entropy_delta":0.0,"failed_validation_count":0,"failed_validation_todo_ids":[],"improved":false,"iteration":1,"loss_seeded_count":0,"pending_count":22,"program_synthesis_deduped_count":1,"program_synthesis_pending_count":22,"program_synthesis_seeded_count":3,"seeded_count":3,"validation_after":{"cosine_loss":0.7971176128471265,"cross_entropy_loss":1.5307307770001497,"decoded_embeddings":{"us-code-22-10304-82413cc5c4d47473":[-0.062110013445864774,-0.3955376399037915,0.0025263921028941027,-0.22448806634669846,-0.655502687814207,-0.42372460284320984,0.13594305635436582,0.15555331862170985],"us-code-42-10251.-bfe018f8e3609558":[0.09506607858781516,-0.7971212633584559,0.07725514167251349,-0.23839196156529413,-0.055481455596917556,0.05421864430029126,0.26639283671496294,-0.3235788059394867],"us-code-45-797-0c4dbc2c90d0def6":[0.01819431771430328,-0.49435337465373536,0.2717026582664777,-0.14294096229789235,-0.13063057373767184,-0.034925390671757026,0.3653618647501219,-0.5728708359025733],"us-code-50-2565.-e8d147b6b4316a87":[-0.2514015681587791,-0.18757003894015345,0.21929562334609604,-0.4806516787026209,0.47299084420745435,0.07694457357136654,0.11577880806597289,-0.5591404980668919]},"embedding_cosine_similarity":0.20288238715287352,"frame_ranking_loss":0.0,"legal_ir_losses":{},"legal_ir_predicted_view_distribution":{},"legal_ir_target_count":0,"legal_ir_target_hashes":{},"legal_ir_view_distribution":{},"reconstruction_loss":0.3418027607977193,"sample_count":4,"symbolic_validity_penalty":0.0},"validation_before":{"cosine_loss":0.7971176128471265,"cross_entropy_loss":1.5307307770001497,"decoded_embeddings":{"us-code-22-10304-82413cc5c4d47473":[-0.062110013445864774,-0.3955376399037915,0.0025263921028941027,-0.22448806634669846,-0.655502687814207,-0.42372460284320984,0.13594305635436582,0.15555331862170985],"us-code-42-10251.-bfe018f8e3609558":[0.09506607858781516,-0.7971212633584559,0.07725514167251349,-0.23839196156529413,-0.055481455596917556,0.05421864430029126,0.26639283671496294,-0.3235788059394867],"us-code-45-797-0c4dbc2c90d0def6":[0.01819431771430328,-0.49435337465373536,0.2717026582664777,-0.14294096229789235,-0.13063057373767184,-0.034925390671757026,0.3653618647501219,-0.5728708359025733],"us-code-50-2565.-e8d147b6b4316a87":[-0.2514015681587791,-0.18757003894015345,0.21929562334609604,-0.4806516787026209,0.47299084420745435,0.07694457357136654,0.11577880806597289,-0.5591404980668919]},"embedding_cosine_similarity":0.20288238715287352,"frame_ranking_loss":0.0,"legal_ir_losses":{},"legal_ir_predicted_view_distribution":{},"legal_ir_target_count":0,"legal_ir_target_hashes":{},"legal_ir_view_distribution":{},"reconstruction_loss":0.3418027607977193,"sample_count":4,"symbolic_validity_penalty":0.0},"validation_cosine_similarity_delta":0.0,"validation_cross_entropy_delta":0.0,"worker_id":"random-uscode-daemon-detached"}],"stopped_reason":"no_claimed_todos","validation_final_evaluation":{"cosine_loss":0.7971176128471265,"cross_entropy_loss":1.5307307770001497,"decoded_embeddings":{"us-code-22-10304-82413cc5c4d47473":[-0.062110013445864774,-0.3955376399037915,0.0025263921028941027,-0.22448806634669846,-0.655502687814207,-0.42372460284320984,0.13594305635436582,0.15555331862170985],"us-code-42-10251.-bfe018f8e3609558":[0.09506607858781516,-0.7971212633584559,0.07725514167251349,-0.23839196156529413,-0.055481455596917556,0.05421864430029126,0.26639283671496294,-0.3235788059394867],"us-code-45-797-0c4dbc2c90d0def6":[0.01819431771430328,-0.49435337465373536,0.2717026582664777,-0.14294096229789235,-0.13063057373767184,-0.034925390671757026,0.3653618647501219,-0.5728708359025733],"us-code-50-2565.-e8d147b6b4316a87":[-0.2514015681587791,-0.18757003894015345,0.21929562334609604,-0.4806516787026209,0.47299084420745435,0.07694457357136654,0.11577880806597289,-0.5591404980668919]},"embedding_cosine_similarity":0.20288238715287352,"frame_ranking_loss":0.0,"legal_ir_losses":{},"legal_ir_predicted_view_distribution":{},