{"final_evaluation":{"cosine_loss":0.4909382483973583,"cross_entropy_entropy_loss":0.8357311467642794,"cross_entropy_excess_loss":0.31656558600628093,"cross_entropy_loss":1.1522967327705604,"decoded_embeddings":{"us-code-25-602-5cde5d8628869dbe":[0.0322319095094003,0.25775225467516105,0.03979331803605156,0.6684761179516762,-0.03580106705144029,-0.1783664280117509,0.3118758582986504,-0.05897403914850352],"us-code-26-6322-26fde8db80f6c24a":[0.11406370000000002,-0.1778451,-0.10792370000000001,-0.2182592,0.4726257,0.04579139999999998,0.5602796,0.010276699999999986]},"embedding_cosine_similarity":0.5090617516026417,"frame_ranking_loss":0.0,"legal_ir_losses":{"legal_ir_multiview_acceptance_loss":0.0,"legal_ir_multiview_cosine_loss":0.16603048844433232,"legal_ir_multiview_cross_entropy_loss":0.46947598981208954,"legal_ir_multiview_frame_logic_missing_loss":0.0,"legal_ir_multiview_graph_failure_penalty":0.0,"legal_ir_multiview_proof_failure_ratio":0.0,"legal_ir_multiview_reconstruction_loss":0.041507624364875005,"legal_ir_multiview_text_reconstruction_loss":0.17910183333333335,"legal_ir_multiview_total_loss":1.3306533692031666,"legal_ir_multiview_view_coverage_loss":0.0,"legal_ir_view_cross_entropy_excess_loss":0.04996251143862129,"legal_ir_view_cross_entropy_loss":1.362189438259275,"legal_ir_view_entropy_loss":1.3122269268206537,"legal_ir_view_family_cosine_gap_loss":0.04341196537739278,"legal_ir_view_family_cross_entropy_excess_loss":0.049962511438621404,"legal_ir_view_family_cross_entropy_loss":1.362189438259275,"legal_ir_view_family_deontic_cosine_gap_loss":0.0202847691217089,"legal_ir_view_family_deontic_cross_entropy_excess_loss":0.028834611350064543,"legal_ir_view_family_deontic_cross_entropy_loss":0.6975299844753278,"legal_ir_view_family_entropy_loss":1.3122269268206534,"legal_ir_view_family_frame_logic_cosine_gap_loss":0.00010725373166881047,"legal_ir_view_family_frame_logic_cross_entropy_excess_loss":0.00022826737928299812,"legal_ir_view_family_frame_logic_cross_entropy_loss":0.558990344276661,"legal_ir_view_family_kg_cosine_gap_loss":0.009469653209426498,"legal_ir_view_family_kg_cross_entropy_excess_loss":0.030558993900668296,"legal_ir_view_family_kg_cross_entropy_loss":0.42566281113219584,"legal_ir_view_family_tdfol_cosine_gap_loss":0.0028558481653537804,"legal_ir_view_family_tdfol_cross_entropy_excess_loss":0.007061909679388023,"legal_ir_view_family_tdfol_cross_entropy_loss":0.5347730787528784},"legal_ir_predicted_view_distribution":{"TDFOL.prover":0.23869044873454254,"deontic.ir":0.28101862802513344,"knowledge_graphs.neo4j_compat":0.23053974837154995,"modal.frame_logic":0.249751174868774},"legal_ir_target_count":2,"legal_ir_target_hashes":{"us-code-25-602-5cde5d8628869dbe":"016b3583019da5578d195d5296578987127e0b52eb3e680d91060f8bc4734e02","us-code-26-6322-26fde8db80f6c24a":"703c39afcccc3f3647df6d0fb8d536744765a4d9e2b2c55854ebb13f28c360c8"},"legal_ir_view_distribution":{"TDFOL.prover":0.22597400620387786,"deontic.ir":0.3913445692721521,"knowledge_graphs.neo4j_compat":0.13572234876540162,"modal.frame_logic":0.24695907575856837},"reconstruction_loss":0.159155723680041,"sample_count":2,"symbolic_validity_penalty":0.0},"steps":[{"after":{"cosine_loss":0.4909382483973583,"cross_entropy_entropy_loss":0.8357311467642794,"cross_entropy_excess_loss":0.31656558600628093,"cross_entropy_loss":1.1522967327705604,"decoded_embeddings":{"us-code-25-602-5cde5d8628869dbe":[0.0322319095094003,0.25775225467516105,0.03979331803605156,0.6684761179516762,-0.03580106705144029,-0.1783664280117509,0.3118758582986504,-0.05897403914850352],"us-code-26-6322-26fde8db80f6c24a":[0.11406370000000002,-0.1778451,-0.10792370000000001,-0.2182592,0.4726257,0.04579139999999998,0.5602796,0.010276699999999986]},"embedding_cosine_similarity":0.5090617516026417,"frame_ranking_loss":0.0,"legal_ir_losses":{"legal_ir_multiview_acceptance_loss":0.0,"legal_ir_multiview_cosine_loss":0.16603048844433232,"legal_ir_multiview_cross_entropy_loss":0.46947598981208954,"legal_ir_multiview_frame_logic_missing_loss":0.0,"legal_ir_multiview_graph_failure_penalty":0.0,"legal_ir_multiview_proof_failure_ratio":0.0,"legal_ir_multiview_reconstruction_loss":0.041507624364875005,"legal_ir_multiview_text_reconstruction_loss":0.17910183333333335,"legal_ir_multiview_total_loss":1.3306533692031666,"legal_ir_multiview_view_coverage_loss":0.0,"legal_ir_view_cross_entropy_excess_loss":0.04996251143862129,"legal_ir_view_cross_entropy_loss":1.362189438259275,"legal_ir_view_entropy_loss":1.3122269268206537,"legal_ir_view_family_cosine_gap_loss":0.04341196537739278,"legal_ir_view_family_cross_entropy_excess_loss":0.049962511438621404,"legal_ir_view_family_cross_entropy_loss":1.362189438259275,"legal_ir_view_family_deontic_cosine_gap_loss":0.0202847691217089,"legal_ir_view_family_deontic_cross_entropy_excess_loss":0.028834611350064543,"legal_ir_view_family_deontic_cross_entropy_loss":0.6975299844753278,"legal_ir_view_family_entropy_loss":1.3122269268206534,"legal_ir_view_family_frame_logic_cosine_gap_loss":0.00010725373166881047,"legal_ir_view_family_frame_logic_cross_entropy_excess_loss":0.00022826737928299812,"legal_ir_view_family_frame_logic_cross_entropy_loss":0.558990344276661,"legal_ir_view_family_kg_cosine_gap_loss":0.009469653209426498,"legal_ir_view_family_kg_cross_entropy_excess_loss":0.030558993900668296,"legal_ir_view_family_kg_cross_entropy_loss":0.42566281113219584,"legal_ir_view_family_tdfol_cosine_gap_loss":0.0028558481653537804,"legal_ir_view_family_tdfol_cross_entropy_excess_loss":0.007061909679388023,"legal_ir_view_family_tdfol_cross_entropy_loss":0.5347730787528784},"legal_ir_predicted_view_distribution":{"TDFOL.prover":0.23869044873454254,"deontic.ir":0.28101862802513344,"knowledge_graphs.neo4j_compat":0.23053974837154995,"modal.frame_logic":0.249751174868774},"legal_ir_target_count":2,"legal_ir_target_hashes":{"us-code-25-602-5cde5d8628869dbe":"016b3583019da5578d195d5296578987127e0b52eb3e680d91060f8bc4734e02","us-code-26-6322-26fde8db80f6c24a":"703c39afcccc3f3647df6d0fb8d536744765a4d9e2b2c55854ebb13f28c360c8"},"legal_ir_view_distribution":{"TDFOL.prover":0.22597400620387786,"deontic.ir":0.3913445692721521,"knowledge_graphs.neo4j_compat":0.13572234876540162,"modal.frame_logic":0.24695907575856837},"reconstruction_loss":0.159155723680041,"sample_count":2,"symbolic_validity_penalty":0.0},"applied_count":2,"applied_updates":[{"action":"improve_encoder_decoder_reconstruction","changed":[],"sample_ids":["us-code-16-551a-9f15dfa963959b84"],"todo_id":"8088f8629e2a09f1"},{"action":"improve_encoder_decoder_reconstruction","changed":["decoded_embedding"],"sample_ids":["us-code-25-352a-ba886d7880a7c688","us-code-7-2009a-c75ea58e7de8212c","us-code-20-6575-f9faad6c1f1c7125","us-code-43-581 to 586.-52ff80bb1c895f8d","us-code-2-455-cc0ac85543b767b8","us-code-26-6322-26fde8db80f6c24a","us-code-25-602-5cde5d8628869dbe"],"todo_id":"a2233f167a63de24"}],"autoencoder_claimed_count":2,"before":{"cosine_loss":0.9838374577275595,"cross_entropy_entropy_loss":0.8357311467642794,"cross_entropy_excess_loss":0.31656558600628093,"cross_entropy_loss":1.1522967327705604,"decoded_embeddings":{"us-code-25-602-5cde5d8628869dbe":[-0.114357,0.40944,0.179792,0.59079,0.181973,-0.338396,0.360519,-0.400404],"us-code-26-6322-26fde8db80f6c24a":[-0.142124,-0.344223,0.026665,-0.16448,0.66609,-0.233163,0.572807,-0.086011]},"embedding_cosine_similarity":0.016162542272440506,"frame_ranking_loss":0.0,"legal_ir_losses":{"legal_ir_multiview_acceptance_loss":0.0,"legal_ir_multiview_cosine_loss":0.16603048844433232,"legal_ir_multiview_cross_entropy_loss":0.46947598981208954,"legal_ir_multiview_frame_logic_missing_loss":0.0,"legal_ir_multiview_graph_failure_penalty":0.0,"legal_ir_multiview_proof_failure_ratio":0.0,"legal_ir_multiview_reconstruction_loss":0.041507624364875005,"legal_ir_multiview_text_reconstruction_loss":0.17910183333333335,"legal_ir_multiview_total_loss":1.3306533692031666,"legal_ir_multiview_view_coverage_loss":0.0,