{"final_evaluation":{"cosine_loss":1.4864845757303438,"cross_entropy_loss":1.5758686191162528,"decoded_embeddings":{"us-code-38-3672-8309b4f25abe39f8":[-0.334548213648338,-0.27199867046003146,0.5358513118763802,-0.33534688337504104,0.05489271143943476,-0.09350988846014487,0.11905807315219732,-0.6639720530763745]},"embedding_cosine_similarity":-0.48648457573034365,"frame_ranking_loss":0.0,"legal_ir_losses":{},"legal_ir_predicted_view_distribution":{},"legal_ir_target_count":0,"legal_ir_target_hashes":{},"legal_ir_view_distribution":{},"reconstruction_loss":0.8586197396840558,"sample_count":1,"symbolic_validity_penalty":0.0},"steps":[{"after":{"cosine_loss":1.4864845757303438,"cross_entropy_loss":1.5758686191162528,"decoded_embeddings":{"us-code-38-3672-8309b4f25abe39f8":[-0.334548213648338,-0.27199867046003146,0.5358513118763802,-0.33534688337504104,0.05489271143943476,-0.09350988846014487,0.11905807315219732,-0.6639720530763745]},"embedding_cosine_similarity":-0.48648457573034365,"frame_ranking_loss":0.0,"legal_ir_losses":{},"legal_ir_predicted_view_distribution":{},"legal_ir_target_count":0,"legal_ir_target_hashes":{},"legal_ir_view_distribution":{},"reconstruction_loss":0.8586197396840558,"sample_count":1,"symbolic_validity_penalty":0.0},"applied_count":0,"applied_updates":[],"autoencoder_claimed_count":1,"before":{"cosine_loss":1.4864845757303438,"cross_entropy_loss":1.5758686191162528,"decoded_embeddings":{"us-code-38-3672-8309b4f25abe39f8":[-0.334548213648338,-0.27199867046003146,0.5358513118763802,-0.33534688337504104,0.05489271143943476,-0.09350988846014487,0.11905807315219732,-0.6639720530763745]},"embedding_cosine_similarity":-0.48648457573034365,"frame_ranking_loss":0.0,"legal_ir_losses":{},"legal_ir_predicted_view_distribution":{},"legal_ir_target_count":0,"legal_ir_target_hashes":{},"legal_ir_view_distribution":{},"reconstruction_loss":0.8586197396840558,"sample_count":1,"symbolic_validity_penalty":0.0},"bridge_loss_failure_count":0,"bridge_loss_sample_count":0,"bridge_loss_signal_count":0,"claimed_count":1,"claimed_open_count":0,"completed_count":0,"completed_todo_ids":[],"cosine_similarity_delta":0.0,"created_at":"2026-06-08T07:54:45+00:00","cross_entropy_delta":0.0,"failed_validation_count":1,"failed_validation_todo_ids":["7fbff76940b673bb"],"improved":false,"iteration":1,"loss_seeded_count":3,"pending_count":17,"program_synthesis_deduped_count":1,"program_synthesis_pending_count":12,"program_synthesis_seeded_count":3,"seeded_count":6,"validation_after":{"cosine_loss":0.39634844065298735,"cross_entropy_loss":0.9482724430636309,"decoded_embeddings":{"us-code-20-7948-af3c18c87c975f19":[-0.11506105483953326,-0.2359901394311098,0.3346480902452383,-0.1480812652470082,-0.25047761595389306,-0.1527175791116279,0.47147723266607533,-0.6930125551383876]},"embedding_cosine_similarity":0.6036515593470126,"frame_ranking_loss":0.0,"legal_ir_losses":{},"legal_ir_predicted_view_distribution":{},"legal_ir_target_count":0,"legal_ir_target_hashes":{},"legal_ir_view_distribution":{},"reconstruction_loss":0.14749532978017482,"sample_count":1,"symbolic_validity_penalty":0.0},"validation_before":{"cosine_loss":0.39634844065298735,"cross_entropy_loss":0.9482724430636309,"decoded_embeddings":{"us-code-20-7948-af3c18c87c975f19":[-0.11506105483953326,-0.2359901394311098,0.3346480902452383,-0.1480812652470082,-0.25047761595389306,-0.1527175791116279,0.47147723266607533,-0.6930125551383876]},"embedding_cosine_similarity":0.6036515593470126,"frame_ranking_loss":0.0,"legal_ir_losses":{},"legal_ir_predicted_view_distribution":{},"legal_ir_target_count":0,"legal_ir_target_hashes":{},"legal_ir_view_distribution":{},"reconstruction_loss":0.14749532978017482,"sample_count":1,"symbolic_validity_penalty":0.0},"validation_cosine_similarity_delta":0.0,"validation_cross_entropy_delta":0.0,"worker_id":"random-uscode-daemon-detached"}],"stopped_reason":"no_validated_improvement","validation_final_evaluation":{"cosine_loss":0.39634844065298735,"cross_entropy_loss":0.9482724430636309,"decoded_embeddings":{"us-code-20-7948-af3c18c87c975f19":[-0.11506105483953326,-0.2359901394311098,0.3346480902452383,-0.1480812652470082,-0.25047761595389306,-0.1527175791116279,0.47147723266607533,-0.6930125551383876]},"embedding_cosine_similarity":0.6036515593470126,"frame_ranking_loss":0.0,"legal_ir_losses":{},"legal_ir_predicted_view_distribution":{},"legal_ir_target_count":0,"legal_ir_target_hashes":{},"legal_ir_view_distribution":{},"reconstruction_loss":0.14749532978017482,"sample_count":1,"symbolic_validity_penalty":0.0}}
