{"final_evaluation":{"cosine_loss":1.2888723864514093,"cross_entropy_loss":1.1814577882475692,"decoded_embeddings":{"us-code-10-2304c-541d2e5ca0d4091c":[0.18632764545360053,0.4132040638691036,-0.0381213346799595,0.13636633774981505,0.309838469288598,0.08577972640626458,0.4664320750489187,0.4573813907870874],"us-code-12-3906-b071455173da7c0f":[-0.5326174624462011,-0.37859855034674905,-0.36735863074010316,-0.26335597513411385,-0.05006696562204982,0.1197146932325573,0.6557526103268723,0.11153038519450309],"us-code-16-460ttt-1-f8f97cc920fe4a11":[0.23489894669420908,0.6799463737558888,-0.1679311452181586,-0.14180951537144823,0.09474419058258307,0.2252699888631332,0.07636000579377111,-0.14275519239049464],"us-code-16-469l-1-7c941e2faa431eb5":[-0.2543264959877226,-0.3129141904825276,0.24394409059037012,0.35241090853635,0.426072695942962,0.18931319581833614,0.2538452535956189,-0.07937389840239403],"us-code-16-835i-89e6934ff1edd42b":[-0.3946433379788167,-0.7284346092145275,-0.6102191946651779,0.59841866892605,0.17405112015613472,0.052355318314961916,-0.10741172658596655,-0.04483677779425161],"us-code-18-931-b6a058bd58238e94":[-0.5894573995344558,0.13844882304731712,-0.6767765656768707,-0.5969679991355749,0.08621896480284283,0.03838361301357868,0.020346416294613832,0.35604108265319484],"us-code-25-458d-991eaec1e16075d4":[0.036985338441694215,-0.528848501585744,0.03809539503304473,-0.34558433197654775,0.10733451783104152,0.07121351453272443,0.475334561891383,-0.19630200846901463],"us-code-38-5316-0d2bc54b6037230b":[-0.4512824445662443,-0.6834563121680244,-0.5004644392191927,-0.29070841509945744,0.3195290387218006,0.20443141269224394,0.434831327388395,-0.10236138022198069]},"embedding_cosine_similarity":-0.2888723864514093,"frame_ranking_loss":0.0,"legal_ir_losses":{"legal_ir_multiview_acceptance_loss":0.0,"legal_ir_multiview_cosine_loss":0.3197603380250282,"legal_ir_multiview_cross_entropy_loss":0.9066696262568847,"legal_ir_multiview_frame_logic_missing_loss":0.0,"legal_ir_multiview_graph_failure_penalty":0.0,"legal_ir_multiview_proof_failure_ratio":0.0,"legal_ir_multiview_reconstruction_loss":0.07994010843683594,"legal_ir_multiview_text_reconstruction_loss":0.0,"legal_ir_multiview_total_loss":1.8055073449010406,"legal_ir_multiview_view_coverage_loss":0.0,"legal_ir_view_cross_entropy_loss":0.6972202557598148},"legal_ir_predicted_view_distribution":{"deontic.ir":0.44681223601162673,"knowledge_graphs.neo4j_compat":0.5531877639883733},"legal_ir_target_count":8,"legal_ir_target_hashes":{"us-code-10-2304c-541d2e5ca0d4091c":"4d1991d7ed06bf9f2673b727cade126025039e6bc56904b9e4322046230339d1","us-code-12-3906-b071455173da7c0f":"05b7396a86f6f2b160509b5d0dc8aaf73e99a76ff0b666ba267526d3ee54f6bb","us-code-16-460ttt-1-f8f97cc920fe4a11":"46f80501907fed50c713b071faa75a695e7f5a476a1d989f94b850e89f37c459","us-code-16-469l-1-7c941e2faa431eb5":"7255917a7820ba85a45b93bb0434eec98ce22d4a203ee58b102eea6492fa3740","us-code-16-835i-89e6934ff1edd42b":"a2a3d3e50f56712a4e719a7f7d9fc0ad6cff5959ae7592537fd1d605a70dd91f","us-code-18-931-b6a058bd58238e94":"e62bfcc6ffac5c0263ada344bfa424934fd327137c7a485b964d753829301732","us-code-25-458d-991eaec1e16075d4":"dd2822c911ee9a8d75502dde5283572fc7800e29fda7c09f3c75493d3b4203b6","us-code-38-5316-0d2bc54b6037230b":"1eb42b1dc8ec127290a4fd1a32a13a766871f640ff2ce53532fc93a020aa77be"},"legal_ir_view_distribution":{"deontic.ir":0.49463519878467055,"knowledge_graphs.neo4j_compat":0.5053648012153295},"reconstruction_loss":0.636802927466364,"sample_count":8,"symbolic_validity_penalty":0.0},"steps":[{"after":{"cosine_loss":1.2888723864514093,"cross_entropy_loss":1.1814577882475692,"decoded_embeddings":{"us-code-10-2304c-541d2e5ca0d4091c":[0.18632764545360053,0.4132040638691036,-0.0381213346799595,0.13636633774981505,0.309838469288598,0.08577972640626458,0.4664320750489187,0.4573813907870874],"us-code-12-3906-b071455173da7c0f":[-0.5326174624462011,-0.37859855034674905,-0.36735863074010316,-0.26335597513411385,-0.05006696562204982,0.1197146932325573,0.6557526103268723,0.11153038519450309],"us-code-16-460ttt-1-f8f97cc920fe4a11":[0.23489894669420908,0.6799463737558888,-0.1679311452181586,-0.14180951537144823,0.09474419058258307,0.2252699888631332,0.07636000579377111,-0.14275519239049464],"us-code-16-469l-1-7c941e2faa431eb5":[-0.2543264959877226,-0.3129141904825276,0.24394409059037012,0.35241090853635,0.426072695942962,0.18931319581833614,0.2538452535956189,-0.07937389840239403],"us-code-16-835i-89e6934ff1edd42b":[-0.3946433379788167,-0.7284346092145275,-0.6102191946651779,0.59841866892605,0.17405112015613472,0.052355318314961916,-0.10741172658596655,-0.04483677779425161],"us-code-18-931-b6a058bd58238e94":[-0.5894573995344558,0.13844882304731712,-0.6767765656768707,-0.5969679991355749,0.08621896480284283,0.03838361301357868,0.020346416294613832,0.35604108265319484],"us-code-25-458d-991eaec1e16075d4":[0.036985338441694215,-0.528848501585744,0.03809539503304473,-0.34558433197654775,0.10733451783104152,0.07121351453272443,0.475334561891383,-0.19630200846901463],"us-code-38-5316-0d2bc54b6037230b":[-0.4512824445662443,-0.6834563121680244,-0.5004644392191927,-0.29070841509945744,0.3195290387218006,0.20443141269224394,0.434831327388395,-0.10236138022198069]},"embedding_cosine_similarity":-0.2888723864514093,"frame_ranking_loss":0.0,"legal_ir_losses":{"legal_ir_multiview_acceptance_loss":0.0,"legal_ir_multiview_cosine_loss":0.3197603380250282,"legal_ir_multiview_cross_entropy_loss":0.9066696262568847,"legal_ir_multiview_frame_logic_missing_loss":0.0,"legal_ir_multiview_graph_failure_penalty":0.0,"legal_ir_multiview_proof_failure_ratio":0.0,"legal_ir_multiview_reconstruction_loss":0.07994010843683594,"legal_ir_multiview_text_reconstruction_loss":0.0,"legal_ir_multiview_total_loss":1.8055073449010406,"legal_ir_multiview_view_coverage_loss":0.0,"legal_ir_view_cross_entropy_loss":0.6972202557598148},"legal_ir_predicted_view_distribution":{"deontic.ir":0.44681223601162673,"knowledge_graphs.neo4j_compat":0.5531877639883733},"legal_ir_target_count":8,"legal_ir_target_hashes":{"us-code-10-2304c-541d2e5ca0d4091c":"4d1991d7ed06bf9f2673b727cade126025039e6bc56904b9e4322046230339d1","us-code-12-3906-b071455173da7c0f":"05b7396a86f6f2b160509b5d0dc8aaf73e99a76ff0b666ba267526d3ee54f6bb","us-code-16-460ttt-1-f8f97cc920fe4a11":"46f80501907fed50c713b071faa75a695e7f5a476a1d989f94b850e89f37c459","us-code-16-469l-1-7c941e2faa431eb5":"7255917a7820ba85a45b93bb0434eec98ce22d4a203ee58b102eea6492fa3740","us-code-16-835i-89e6934ff1edd42b":"a2a3d3e50f56712a4e719a7f7d9fc0ad6cff5959ae7592537fd1d605a70dd91f","us-code-18-931-b6a058bd58238e94":"e62bfcc6ffac5c0263ada344bfa424934fd327137c7a485b964d753829301732","us-code-25-458d-991eaec1e16075d4":"dd2822c911ee9a8d75502dde5283572fc7800e29fda7c09f3c75493d3b4203b6","us-code-38-5316-0d2bc54b6037230b":"1eb42b1dc8ec127290a4fd1a32a13a766871f640ff2ce53532fc93a020aa77be"},"legal_ir_view_distribution":{"deontic.ir":0.49463519878467055,"knowledge_graphs.neo4j_compat":0.5053648012153295},"reconstruction_loss":0.636802927466364,"sample_count":8,"symbolic_validity_penalty":0.0},"applied_count":0,"applied_updates":[],"autoencoder_claimed_count":0,"before":{"cosine_loss":1.2888723864514093,"cross_entropy_loss":1.1814577882475692,"decoded_embeddings":{"us-code-10-2304c-541d2e5ca0d4091c":[0.18632764545360053,0.4132040638691036,-0.0381213346799595,0.13636633774981505,0.309838469288598,0.08577972640626458,0.4664320750489187,0.4573813907870874],"us-code-12-3906-b071455173da7c0f":[-0.5326174624462011,-0.37859855034674905,-0.36735863074010316,-0.26335597513411385,-0.05006696562204982,0.1197146932325573,0.6557526103268723,0.11153038519450309],"us-code-16-460ttt-1-f8f97cc920fe4a11":[0.23489894669420908,0.6799463737558888,-0.1679311452181586,-0.14180951537144823,0.09474419058258307,0.2252699888631332,0.07636000579377111,-0.14275519239049464],