{"final_evaluation":{"cosine_loss":0.1259091135638959,"cross_entropy_loss":1.3383770880027508,"decoded_embeddings":{"us-code-18-2258E-91ca218b322772ef":[-0.3749534209399345,-0.19236529185427975,0.30466092723623145,0.2277888118269416,0.07211625017726461,0.2321668578220662,-0.3566393141735204,-0.42491811912218913],"us-code-22-8531-63f348cd55efab76":[0.37270499,-0.31354179000000004,0.61810634,0.27727866999999995,-0.19807951999999998,-0.08456223000000002,0.17493636999999998,0.16946111000000008],"us-code-38-7404-21c68e3533b0478c":[-0.46975498110439734,-0.6113879121217181,0.6232947187572072,-0.162526050711366,0.3007352967926753,0.14319525906087677,0.06488391136133906,-0.14616918389558403],"us-code-49-328.-6c686c9100437cbd":[0.16447000999280958,-0.52915561986854,-0.24882635123834126,-0.007689082332177619,0.11412871099542185,0.1747252538344757,0.5027889523718043,0.48414836703896924]},"embedding_cosine_similarity":0.8740908864361041,"frame_ranking_loss":0.0,"legal_ir_losses":{"legal_ir_multiview_acceptance_loss":0.0,"legal_ir_multiview_cosine_loss":0.12380641765696374,"legal_ir_multiview_cross_entropy_loss":0.24384107238244576,"legal_ir_multiview_frame_logic_missing_loss":0.0,"legal_ir_multiview_graph_failure_penalty":0.0,"legal_ir_multiview_proof_failure_ratio":0.0,"legal_ir_multiview_reconstruction_loss":0.046750786418062504,"legal_ir_multiview_text_reconstruction_loss":0.0,"legal_ir_multiview_total_loss":0.7734479637123739,"legal_ir_multiview_view_coverage_loss":0.0,"legal_ir_view_cross_entropy_loss":1.572300399418459},"legal_ir_predicted_view_distribution":{"CEC.native":0.22532036601852415,"TDFOL.prover":0.20360372503197682,"deontic.ir":0.24409166443359337,"knowledge_graphs.neo4j_compat":0.18432806630128631,"zkp.circuits":0.14265617821461934},"legal_ir_target_count":4,"legal_ir_target_hashes":{"us-code-18-2258E-91ca218b322772ef":"7daf9ed7f444f677a2c28d0a14af2d09c569e771790f5f7bc142e06fb4b93403","us-code-22-8531-63f348cd55efab76":"c4e0f0fbc78f2c175bd63d6530afcda456a2ebe631452f91ce5c9bae1701e35d","us-code-38-7404-21c68e3533b0478c":"f31543f02011a2c2dddb9436c0ca423ae4830d4ff015bfda6013449facf25ffb","us-code-49-328.-6c686c9100437cbd":"beb35774ff0582761bec4293db42bdb2e511859bcd10981a135baaaac52e5d6f"},"legal_ir_view_distribution":{"CEC.native":0.23717431955585436,"TDFOL.prover":0.21204441419064923,"deontic.ir":0.26339373480918093,"knowledge_graphs.neo4j_compat":0.17738753144431543,"zkp.circuits":0.10999999999999999},"reconstruction_loss":0.06721572485955414,"sample_count":4,"symbolic_validity_penalty":0.0},"steps":[{"after":{"cosine_loss":0.1259091135638959,"cross_entropy_loss":1.3383770880027508,"decoded_embeddings":{"us-code-18-2258E-91ca218b322772ef":[-0.3749534209399345,-0.19236529185427975,0.30466092723623145,0.2277888118269416,0.07211625017726461,0.2321668578220662,-0.3566393141735204,-0.42491811912218913],"us-code-22-8531-63f348cd55efab76":[0.37270499,-0.31354179000000004,0.61810634,0.27727866999999995,-0.19807951999999998,-0.08456223000000002,0.17493636999999998,0.16946111000000008],"us-code-38-7404-21c68e3533b0478c":[-0.46975498110439734,-0.6113879121217181,0.6232947187572072,-0.162526050711366,0.3007352967926753,0.14319525906087677,0.06488391136133906,-0.14616918389558403],"us-code-49-328.-6c686c9100437cbd":[0.16447000999280958,-0.52915561986854,-0.24882635123834126,-0.007689082332177619,0.11412871099542185,0.1747252538344757,0.5027889523718043,0.48414836703896924]},"embedding_cosine_similarity":0.8740908864361041,"frame_ranking_loss":0.0,"legal_ir_losses":{"legal_ir_multiview_acceptance_loss":0.0,"legal_ir_multiview_cosine_loss":0.12380641765696374,"legal_ir_multiview_cross_entropy_loss":0.24384107238244576,"legal_ir_multiview_frame_logic_missing_loss":0.0,"legal_ir_multiview_graph_failure_penalty":0.0,"legal_ir_multiview_proof_failure_ratio":0.0,"legal_ir_multiview_reconstruction_loss":0.046750786418062504,"legal_ir_multiview_text_reconstruction_loss":0.0,"legal_ir_multiview_total_loss":0.7734479637123739,"legal_ir_multiview_view_coverage_loss":0.0,"legal_ir_view_cross_entropy_loss":1.572300399418459},"legal_ir_predicted_view_distribution":{"CEC.native":0.22532036601852415,"TDFOL.prover":0.20360372503197682,"deontic.ir":0.24409166443359337,"knowledge_graphs.neo4j_compat":0.18432806630128631,"zkp.circuits":0.14265617821461934},"legal_ir_target_count":4,"legal_ir_target_hashes":{"us-code-18-2258E-91ca218b322772ef":"7daf9ed7f444f677a2c28d0a14af2d09c569e771790f5f7bc142e06fb4b93403","us-code-22-8531-63f348cd55efab76":"c4e0f0fbc78f2c175bd63d6530afcda456a2ebe631452f91ce5c9bae1701e35d","us-code-38-7404-21c68e3533b0478c":"f31543f02011a2c2dddb9436c0ca423ae4830d4ff015bfda6013449facf25ffb","us-code-49-328.-6c686c9100437cbd":"beb35774ff0582761bec4293db42bdb2e511859bcd10981a135baaaac52e5d6f"},"legal_ir_view_distribution":{"CEC.native":0.23717431955585436,"TDFOL.prover":0.21204441419064923,"deontic.ir":0.26339373480918093,"knowledge_graphs.neo4j_compat":0.17738753144431543,"zkp.circuits":0.10999999999999999},"reconstruction_loss":0.06721572485955414,"sample_count":4,"symbolic_validity_penalty":0.0},"applied_count":8,"applied_updates":[{"action":"improve_legal_ir_view_distribution","changed":["legal_ir_view_logits"],"sample_ids":["us-code-22-8531-63f348cd55efab76","us-code-38-7404-21c68e3533b0478c"],"todo_id":"0db7da7891750bc4"},{"action":"improve_legal_ir_view_distribution","changed":["legal_ir_view_logits"],"sample_ids":["us-code-18-2258E-91ca218b322772ef","us-code-49-328.-6c686c9100437cbd"],"todo_id":"4e3ae9192e5c0f08"},{"action":"improve_modal_family_classifier","changed":["family_logits"],"sample_ids":["us-code-22-8531-63f348cd55efab76","us-code-38-7404-21c68e3533b0478c"],"todo_id":"8633e9077f955a8b"},{"action":"improve_modal_family_classifier","changed":["family_logits"],"sample_ids":["us-code-18-2258E-91ca218b322772ef","us-code-49-328.-6c686c9100437cbd"],"todo_id":"118dff75052301ac"},{"action":"improve_encoder_decoder_reconstruction","changed":["decoded_embedding"],"sample_ids":["us-code-22-8531-63f348cd55efab76","us-code-38-7404-21c68e3533b0478c"],"todo_id":"cd8bc0fd44b7d4b1"},{"action":"improve_encoder_decoder_reconstruction","changed":["decoded_embedding"],"sample_ids":["us-code-18-2258E-91ca218b322772ef","us-code-49-328.-6c686c9100437cbd"],"todo_id":"d3f4be425d34e31a"},{"action":"improve_encoder_decoder_reconstruction","changed":["decoded_embedding"],"sample_ids":["us-code-22-8531-63f348cd55efab76","us-code-38-7404-21c68e3533b0478c"],"todo_id":"2a094eb756213d57"},{"action":"improve_encoder_decoder_reconstruction","changed":["decoded_embedding"],"sample_ids":["us-code-18-2258E-91ca218b322772ef","us-code-49-328.-6c686c9100437cbd"],"todo_id":"ca31f6128398fc47"}],"autoencoder_claimed_count":8,"before":{"cosine_loss":0.7428385059417824,"cross_entropy_loss":1.4278380073532342,"decoded_embeddings":{"us-code-18-2258E-91ca218b322772ef":[-0.642879,-0.224616,0.010026,-0.241303,-0.192548,-0.033098,-0.450468,-0.486657],"us-code-22-8531-63f348cd55efab76":[-0.052609,-0.556695,0.569588,0.014671,-0.015116,-0.171684,0.147454,-0.557881],"us-code-38-7404-21c68e3533b0478c":[-0.72219,-0.47458,0.386345,-0.069902,0.023899,-0.039324,0.076978,-0.3017],"us-code-49-328.-6c686c9100437cbd":[-0.184059,-0.287173,0.098148,0.103728,-0.110589,0.401039,0.111818,0.823223]},"embedding_cosine_similarity":0.25716149405821764,"frame_ranking_loss":0.0,"legal_ir_losses":{"legal_ir_multiview_acceptance_loss":0.0,"legal_ir_multiview_cosine_loss":0.12380641765696374,"legal_ir_multiview_cross_entropy_loss":0.24384107238244576,"legal_ir_multiview_frame_logic_missing_loss":0.0,"legal_ir_multiview_graph_failure_penalty":0.0,"legal_ir_multiview_proof_failure_ratio":0.0,"legal_ir_multiview_reconstruction_loss":0.046750786418062504,"legal_ir_multiview_text_reconstruction_loss":0.0,"legal_ir_multiview_total_loss":0.7734479637123739,"legal_ir_multiview_view_coverage_loss":0.0,"legal_ir_view_cross_entropy_loss":1.5888403381398217},"legal_ir_predicted_view_distribution":{"CEC.native":0.21535953587720646,