{"final_evaluation":{"cosine_loss":1.2484728921673731,"cross_entropy_loss":1.532534920492644,"decoded_embeddings":{"us-code-25-645-ab9bb51f5eae895a":[0.1941153104147429,0.3043038661268416,0.4966368992438944,0.3872269054067944,-0.19540752523251806,-0.49632275964297634,-0.02870291487452309,0.25222201581033865]},"embedding_cosine_similarity":-0.24847289216737306,"frame_ranking_loss":0.0,"legal_ir_losses":{},"legal_ir_predicted_view_distribution":{},"legal_ir_target_count":0,"legal_ir_target_hashes":{},"legal_ir_view_distribution":{},"reconstruction_loss":0.6596659720573345,"sample_count":1,"symbolic_validity_penalty":0.0},"steps":[{"after":{"cosine_loss":1.2484728921673731,"cross_entropy_loss":1.532534920492644,"decoded_embeddings":{"us-code-25-645-ab9bb51f5eae895a":[0.1941153104147429,0.3043038661268416,0.4966368992438944,0.3872269054067944,-0.19540752523251806,-0.49632275964297634,-0.02870291487452309,0.25222201581033865]},"embedding_cosine_similarity":-0.24847289216737306,"frame_ranking_loss":0.0,"legal_ir_losses":{},"legal_ir_predicted_view_distribution":{},"legal_ir_target_count":0,"legal_ir_target_hashes":{},"legal_ir_view_distribution":{},"reconstruction_loss":0.6596659720573345,"sample_count":1,"symbolic_validity_penalty":0.0},"applied_count":1,"applied_updates":[{"action":"improve_modal_family_classifier","changed":["family_logits"],"sample_ids":["us-code-25-645-ab9bb51f5eae895a"],"todo_id":"b3bc90d101a92b2f"}],"autoencoder_claimed_count":1,"before":{"cosine_loss":1.249060197112653,"cross_entropy_loss":1.7009848731327473,"decoded_embeddings":{"us-code-25-645-ab9bb51f5eae895a":[0.19449576322505815,0.30416025600828317,0.4969715926138325,0.38726657489660904,-0.195280190568504,-0.4967534073557133,-0.028864702831405575,0.2524861933256865]},"embedding_cosine_similarity":-0.24906019711265304,"frame_ranking_loss":0.0,"legal_ir_losses":{},"legal_ir_predicted_view_distribution":{},"legal_ir_target_count":0,"legal_ir_target_hashes":{},"legal_ir_view_distribution":{},"reconstruction_loss":0.6601010914232135,"sample_count":1,"symbolic_validity_penalty":0.0},"bridge_loss_failure_count":0,"bridge_loss_sample_count":0,"bridge_loss_signal_count":0,"claimed_count":1,"claimed_open_count":0,"completed_count":1,"completed_todo_ids":["b3bc90d101a92b2f"],"cosine_similarity_delta":0.0005873049452799761,"created_at":"2026-06-08T08:15:48+00:00","cross_entropy_delta":0.16844995264010332,"failed_validation_count":0,"failed_validation_todo_ids":[],"improved":true,"iteration":1,"loss_seeded_count":3,"pending_count":4,"program_synthesis_deduped_count":0,"program_synthesis_pending_count":2,"program_synthesis_seeded_count":2,"seeded_count":5,"validation_after":{"cosine_loss":1.015679943007419,"cross_entropy_loss":2.6758565506549417,"decoded_embeddings":{"us-code-6-723-f868d0a6766ac690":[-0.4686554457153881,-0.04863643543662581,0.35549193251288463,0.0867897915575755,0.7463688693552045,-0.07815760674750874,0.2166473657404466,0.12927621502128875]},"embedding_cosine_similarity":-0.015679943007419136,"frame_ranking_loss":0.0,"legal_ir_losses":{},"legal_ir_predicted_view_distribution":{},"legal_ir_target_count":0,"legal_ir_target_hashes":{},"legal_ir_view_distribution":{},"reconstruction_loss":0.507211506461516,"sample_count":1,"symbolic_validity_penalty":0.0},"validation_before":{"cosine_loss":1.0156825034279322,"cross_entropy_loss":2.6922274196500346,"decoded_embeddings":{"us-code-6-723-f868d0a6766ac690":[-0.4687098645358637,-0.04861589387917527,0.3554440589845016,0.08678411735361105,0.7463506557895969,-0.07809600819985117,0.21667050740096794,0.1292384278676875]},"embedding_cosine_similarity":-0.015682503427932093,"frame_ranking_loss":0.0,"legal_ir_losses":{},"legal_ir_predicted_view_distribution":{},"legal_ir_target_count":0,"legal_ir_target_hashes":{},"legal_ir_view_distribution":{},"reconstruction_loss":0.5072097117167969,"sample_count":1,"symbolic_validity_penalty":0.0},"validation_cosine_similarity_delta":2.5604205129564628e-06,"validation_cross_entropy_delta":0.01637086899509299,"worker_id":"random-uscode-daemon-detached"}],"stopped_reason":"max_iterations","validation_final_evaluation":{"cosine_loss":1.015679943007419,"cross_entropy_loss":2.6758565506549417,"decoded_embeddings":{"us-code-6-723-f868d0a6766ac690":[-0.4686554457153881,-0.04863643543662581,0.35549193251288463,0.0867897915575755,0.7463688693552045,-0.07815760674750874,0.2166473657404466,0.12927621502128875]},"embedding_cosine_similarity":-0.015679943007419136,"frame_ranking_loss":0.0,"legal_ir_losses":{},"legal_ir_predicted_view_distribution":{},"legal_ir_target_count":0,"legal_ir_target_hashes":{},"legal_ir_view_distribution":{},"reconstruction_loss":0.507211506461516,"sample_count":1,"symbolic_validity_penalty":0.0}}
