{"final_evaluation":{"cosine_loss":1.1036853257230446,"cross_entropy_loss":1.3204881857613309,"decoded_embeddings":{"us-code-38-5100-5796a345f2b1df65":[0.0338136206604264,0.02028239424468356,0.19177653436061032,0.015343350703706219,-0.2681762428568432,-0.5593653627363585,0.010021131397420674,-0.5604985700602618]},"embedding_cosine_similarity":-0.10368532572304445,"frame_ranking_loss":0.0,"legal_ir_losses":{},"legal_ir_predicted_view_distribution":{},"legal_ir_target_count":0,"legal_ir_target_hashes":{},"legal_ir_view_distribution":{},"reconstruction_loss":0.503997633647411,"sample_count":1,"symbolic_validity_penalty":0.0},"steps":[{"after":{"cosine_loss":1.1036853257230446,"cross_entropy_loss":1.3204881857613309,"decoded_embeddings":{"us-code-38-5100-5796a345f2b1df65":[0.0338136206604264,0.02028239424468356,0.19177653436061032,0.015343350703706219,-0.2681762428568432,-0.5593653627363585,0.010021131397420674,-0.5604985700602618]},"embedding_cosine_similarity":-0.10368532572304445,"frame_ranking_loss":0.0,"legal_ir_losses":{},"legal_ir_predicted_view_distribution":{},"legal_ir_target_count":0,"legal_ir_target_hashes":{},"legal_ir_view_distribution":{},"reconstruction_loss":0.503997633647411,"sample_count":1,"symbolic_validity_penalty":0.0},"applied_count":0,"applied_updates":[],"autoencoder_claimed_count":0,"before":{"cosine_loss":1.1036853257230446,"cross_entropy_loss":1.3204881857613309,"decoded_embeddings":{"us-code-38-5100-5796a345f2b1df65":[0.0338136206604264,0.02028239424468356,0.19177653436061032,0.015343350703706219,-0.2681762428568432,-0.5593653627363585,0.010021131397420674,-0.5604985700602618]},"embedding_cosine_similarity":-0.10368532572304445,"frame_ranking_loss":0.0,"legal_ir_losses":{},"legal_ir_predicted_view_distribution":{},"legal_ir_target_count":0,"legal_ir_target_hashes":{},"legal_ir_view_distribution":{},"reconstruction_loss":0.503997633647411,"sample_count":1,"symbolic_validity_penalty":0.0},"bridge_loss_failure_count":0,"bridge_loss_sample_count":0,"bridge_loss_signal_count":0,"claimed_count":0,"claimed_open_count":0,"completed_count":0,"completed_todo_ids":[],"cosine_similarity_delta":0.0,"created_at":"2026-06-08T08:13:05+00:00","cross_entropy_delta":0.0,"failed_validation_count":0,"failed_validation_todo_ids":[],"improved":false,"iteration":1,"loss_seeded_count":0,"pending_count":18,"program_synthesis_deduped_count":1,"program_synthesis_pending_count":18,"program_synthesis_seeded_count":3,"seeded_count":3,"validation_after":{"cosine_loss":1.454250905418087,"cross_entropy_loss":1.696894987026564,"decoded_embeddings":{"us-code-42-300z-d47a73bd9d2a9dec":[0.30625386839793944,-0.5933206495535169,0.5406808150079332,0.3155920917496826,0.21117557544559115,-0.11854192671741878,-0.19725059897441205,0.16194678980505553]},"embedding_cosine_similarity":-0.45425090541808694,"frame_ranking_loss":0.0,"legal_ir_losses":{},"legal_ir_predicted_view_distribution":{},"legal_ir_target_count":0,"legal_ir_target_hashes":{},"legal_ir_view_distribution":{},"reconstruction_loss":0.9009701458690791,"sample_count":1,"symbolic_validity_penalty":0.0},"validation_before":{"cosine_loss":1.454250905418087,"cross_entropy_loss":1.696894987026564,"decoded_embeddings":{"us-code-42-300z-d47a73bd9d2a9dec":[0.30625386839793944,-0.5933206495535169,0.5406808150079332,0.3155920917496826,0.21117557544559115,-0.11854192671741878,-0.19725059897441205,0.16194678980505553]},"embedding_cosine_similarity":-0.45425090541808694,"frame_ranking_loss":0.0,"legal_ir_losses":{},"legal_ir_predicted_view_distribution":{},"legal_ir_target_count":0,"legal_ir_target_hashes":{},"legal_ir_view_distribution":{},"reconstruction_loss":0.9009701458690791,"sample_count":1,"symbolic_validity_penalty":0.0},"validation_cosine_similarity_delta":0.0,"validation_cross_entropy_delta":0.0,"worker_id":"random-uscode-daemon-detached"}],"stopped_reason":"no_claimed_todos","validation_final_evaluation":{"cosine_loss":1.454250905418087,"cross_entropy_loss":1.696894987026564,"decoded_embeddings":{"us-code-42-300z-d47a73bd9d2a9dec":[0.30625386839793944,-0.5933206495535169,0.5406808150079332,0.3155920917496826,0.21117557544559115,-0.11854192671741878,-0.19725059897441205,0.16194678980505553]},"embedding_cosine_similarity":-0.45425090541808694,"frame_ranking_loss":0.0,"legal_ir_losses":{},"legal_ir_predicted_view_distribution":{},"legal_ir_target_count":0,"legal_ir_target_hashes":{},"legal_ir_view_distribution":{},"reconstruction_loss":0.9009701458690791,"sample_count":1,"symbolic_validity_penalty":0.0}}
