{"final_evaluation":{"cosine_loss":1.0962436467549699,"cross_entropy_loss":1.5982834600043363,"decoded_embeddings":{"us-code-15-1226-1e348a295e81f44b":[-0.5250810973657523,0.34534246104836425,0.004867358326431292,-0.5096665885226882,-0.17038992922155222,-0.1747804450346561,0.2266811313892748,-0.325222054424492],"us-code-25-565b-1324da4927f08512":[0.008208518930926216,0.09249488054938941,0.06953488670840682,0.3631789759103107,-0.45053677696551586,-0.20419814476968146,0.5641970111691865,-0.16982738368183453],"us-code-43-442.-de42eae1a6b69a51":[-0.5596544020583434,-0.2823395705898436,-0.08989926407416002,0.2350628797706657,-0.25158256975513577,-0.012069238814572215,-0.046864751723037675,-0.5009193667330364],"us-code-7-2905-0bc279367d99ea25":[-0.42835402932944155,-0.02299087766758068,0.6257715366710808,-0.1552075854770456,-0.1109554725890461,-0.1922694623583936,0.03571460385012361,-0.24663270341266974]},"embedding_cosine_similarity":-0.09624364675496988,"frame_ranking_loss":0.0,"legal_ir_losses":{},"legal_ir_predicted_view_distribution":{},"legal_ir_target_count":0,"legal_ir_target_hashes":{},"legal_ir_view_distribution":{},"reconstruction_loss":0.4182011135573027,"sample_count":4,"symbolic_validity_penalty":0.0},"steps":[{"after":{"cosine_loss":1.0962436467549699,"cross_entropy_loss":1.5982834600043363,"decoded_embeddings":{"us-code-15-1226-1e348a295e81f44b":[-0.5250810973657523,0.34534246104836425,0.004867358326431292,-0.5096665885226882,-0.17038992922155222,-0.1747804450346561,0.2266811313892748,-0.325222054424492],"us-code-25-565b-1324da4927f08512":[0.008208518930926216,0.09249488054938941,0.06953488670840682,0.3631789759103107,-0.45053677696551586,-0.20419814476968146,0.5641970111691865,-0.16982738368183453],"us-code-43-442.-de42eae1a6b69a51":[-0.5596544020583434,-0.2823395705898436,-0.08989926407416002,0.2350628797706657,-0.25158256975513577,-0.012069238814572215,-0.046864751723037675,-0.5009193667330364],"us-code-7-2905-0bc279367d99ea25":[-0.42835402932944155,-0.02299087766758068,0.6257715366710808,-0.1552075854770456,-0.1109554725890461,-0.1922694623583936,0.03571460385012361,-0.24663270341266974]},"embedding_cosine_similarity":-0.09624364675496988,"frame_ranking_loss":0.0,"legal_ir_losses":{},"legal_ir_predicted_view_distribution":{},"legal_ir_target_count":0,"legal_ir_target_hashes":{},"legal_ir_view_distribution":{},"reconstruction_loss":0.4182011135573027,"sample_count":4,"symbolic_validity_penalty":0.0},"applied_count":0,"applied_updates":[],"autoencoder_claimed_count":0,"before":{"cosine_loss":1.0962436467549699,"cross_entropy_loss":1.5982834600043363,"decoded_embeddings":{"us-code-15-1226-1e348a295e81f44b":[-0.5250810973657523,0.34534246104836425,0.004867358326431292,-0.5096665885226882,-0.17038992922155222,-0.1747804450346561,0.2266811313892748,-0.325222054424492],"us-code-25-565b-1324da4927f08512":[0.008208518930926216,0.09249488054938941,0.06953488670840682,0.3631789759103107,-0.45053677696551586,-0.20419814476968146,0.5641970111691865,-0.16982738368183453],"us-code-43-442.-de42eae1a6b69a51":[-0.5596544020583434,-0.2823395705898436,-0.08989926407416002,0.2350628797706657,-0.25158256975513577,-0.012069238814572215,-0.046864751723037675,-0.5009193667330364],"us-code-7-2905-0bc279367d99ea25":[-0.42835402932944155,-0.02299087766758068,0.6257715366710808,-0.1552075854770456,-0.1109554725890461,-0.1922694623583936,0.03571460385012361,-0.24663270341266974]},"embedding_cosine_similarity":-0.09624364675496988,"frame_ranking_loss":0.0,"legal_ir_losses":{},"legal_ir_predicted_view_distribution":{},"legal_ir_target_count":0,"legal_ir_target_hashes":{},"legal_ir_view_distribution":{},"reconstruction_loss":0.4182011135573027,"sample_count":4,"symbolic_validity_penalty":0.0},"bridge_loss_failure_count":0,"bridge_loss_sample_count":0,"bridge_loss_signal_count":0,"claimed_count":0,"claimed_open_count":0,"completed_count":0,"completed_todo_ids":[],"cosine_similarity_delta":0.0,"created_at":"2026-05-26T07:34:04+00:00","cross_entropy_delta":0.0,"failed_validation_count":0,"failed_validation_todo_ids":[],"improved":false,"iteration":1,"loss_seeded_count":0,"pending_count":20,"program_synthesis_deduped_count":1,"program_synthesis_pending_count":20,"program_synthesis_seeded_count":3,"seeded_count":3,"validation_after":{"cosine_loss":0.7195879257483351,"cross_entropy_loss":2.0225595534245526,"decoded_embeddings":{"us-code-10-8865-535d6e3dd066ac5d":[0.003344885161447911,-0.28871086438963334,0.5337579443477783,-0.15010222994761077,0.4434065906585863,-0.3957977875840749,0.10918248031292209,0.19555169822247698],"us-code-15-2001-71eef8ca38d7491f":[0.10350328386211118,-0.3951994745788546,0.3938638684477866,-0.06001521494094443,-0.6046448541804547,-0.08397219874630724,-0.200010977747021,-0.3132601588977138],"us-code-15-8541-2bb3e2060425ba41":[-0.38692794260368135,0.127444962726923,0.453650422073243,0.023248331198922605,-0.08430795656005573,-0.12127082274320784,-0.648376386982953,-0.3452563617003225],"us-code-16-1682-e437686c63c41a89":[-0.21456672697394452,0.03241660818493911,0.6521495623250276,-0.17846834222729133,0.04957214872022259,-0.20841835698247568,0.3286636603343298,-0.14817271050802305]},"embedding_cosine_similarity":0.28041207425166503,"frame_ranking_loss":0.0,"legal_ir_losses":{},"legal_ir_predicted_view_distribution":{},"legal_ir_target_count":0,"legal_ir_target_hashes":{},"legal_ir_view_distribution":{},"reconstruction_loss":0.2786417647443071,"sample_count":4,"symbolic_validity_penalty":0.0},"validation_before":{"cosine_loss":0.7195879257483351,"cross_entropy_loss":2.0225595534245526,"decoded_embeddings":{"us-code-10-8865-535d6e3dd066ac5d":[0.003344885161447911,-0.28871086438963334,0.5337579443477783,-0.15010222994761077,0.4434065906585863,-0.3957977875840749,0.10918248031292209,0.19555169822247698],"us-code-15-2001-71eef8ca38d7491f":[0.10350328386211118,-0.3951994745788546,0.3938638684477866,-0.06001521494094443,-0.6046448541804547,-0.08397219874630724,-0.200010977747021,-0.3132601588977138],"us-code-15-8541-2bb3e2060425ba41":[-0.38692794260368135,0.127444962726923,0.453650422073243,0.023248331198922605,-0.08430795656005573,-0.12127082274320784,-0.648376386982953,-0.3452563617003225],"us-code-16-1682-e437686c63c41a89":[-0.21456672697394452,0.03241660818493911,0.6521495623250276,-0.17846834222729133,0.04957214872022259,-0.20841835698247568,0.3286636603343298,-0.14817271050802305]},"embedding_cosine_similarity":0.28041207425166503,"frame_ranking_loss":0.0,"legal_ir_losses":{},"legal_ir_predicted_view_distribution":{},"legal_ir_target_count":0,"legal_ir_target_hashes":{},"legal_ir_view_distribution":{},"reconstruction_loss":0.2786417647443071,"sample_count":4,"symbolic_validity_penalty":0.0},"validation_cosine_similarity_delta":0.0,"validation_cross_entropy_delta":0.0,"worker_id":"random-uscode-daemon-detached"}],"stopped_reason":"no_claimed_todos","validation_final_evaluation":{"cosine_loss":0.7195879257483351,"cross_entropy_loss":2.0225595534245526,"decoded_embeddings":{"us-code-10-8865-535d6e3dd066ac5d":[0.003344885161447911,-0.28871086438963334,0.5337579443477783,-0.15010222994761077,0.4434065906585863,-0.3957977875840749,0.10918248031292209,0.19555169822247698],"us-code-15-2001-71eef8ca38d7491f":[0.10350328386211118,-0.3951994745788546,0.3938638684477866,-0.06001521494094443,-0.6046448541804547,-0.08397219874630724,-0.200010977747021,-0.3132601588977138],"us-code-15-8541-2bb3e2060425ba41":[-0.38692794260368135,0.127444962726923,0.453650422073243,0.023248331198922605,-0.08430795656005573,-0.12127082274320784,-0.648376386982953,-0.3452563617003225],"us-code-16-1682-e437686c63c41a89":[-0.21456672697394452,0.03241660818493911,0.6521495623250276,-0.17846834222729133,0.04957214872022259,-0.20841835698247568,0.3286636603343298,-0.14817271050802305]},"embedding_cosine_similarity":0.28041207425166503,"frame_ranking_loss":0.0,"legal_ir_losses":{},"legal_ir_predicted_view_distribution":{},"legal_ir_target_count":0,"legal_ir_target_hashes":{},