{"final_evaluation":{"cosine_loss":1.0106829868986082,"cross_entropy_loss":1.4189064573045405,"decoded_embeddings":{"us-code-22-2677-954185de490e193f":[0.48704316487655547,-0.3040365840108796,0.07016913748924404,-0.7592855253489209,0.12237776702201265,-0.43426506414244087,0.1690822587349583,0.5643796980704879],"us-code-43-461.-f29ca4b839a85c85":[-0.3015083991524582,-0.44461855871039874,-0.011309549536955378,-0.08276836704943898,-0.5313061720286896,0.324542205993606,-0.33901073464839315,-0.11275043518590298],"us-code-5-401-6d83de53177f6b3e":[0.1262203095253737,-0.8149120857041768,-0.19865547875629602,-0.17239881709261132,-0.4145542494855609,-0.09763552624860868,0.08530669869905178,-0.1578372093193326],"us-code-50-3004.-70ed9b477170f3c1":[-0.4543802945028852,-0.41884677711730944,-0.1984759970922271,-0.11539818970610326,-0.22172147970019176,0.07456890651633694,-0.07802964770452343,-0.44787483468777045]},"embedding_cosine_similarity":-0.01068298689860829,"frame_ranking_loss":0.0,"legal_ir_losses":{},"legal_ir_predicted_view_distribution":{},"legal_ir_target_count":0,"legal_ir_target_hashes":{},"legal_ir_view_distribution":{},"reconstruction_loss":0.46462773066131247,"sample_count":4,"symbolic_validity_penalty":0.0},"steps":[{"after":{"cosine_loss":1.0106829868986082,"cross_entropy_loss":1.4189064573045405,"decoded_embeddings":{"us-code-22-2677-954185de490e193f":[0.48704316487655547,-0.3040365840108796,0.07016913748924404,-0.7592855253489209,0.12237776702201265,-0.43426506414244087,0.1690822587349583,0.5643796980704879],"us-code-43-461.-f29ca4b839a85c85":[-0.3015083991524582,-0.44461855871039874,-0.011309549536955378,-0.08276836704943898,-0.5313061720286896,0.324542205993606,-0.33901073464839315,-0.11275043518590298],"us-code-5-401-6d83de53177f6b3e":[0.1262203095253737,-0.8149120857041768,-0.19865547875629602,-0.17239881709261132,-0.4145542494855609,-0.09763552624860868,0.08530669869905178,-0.1578372093193326],"us-code-50-3004.-70ed9b477170f3c1":[-0.4543802945028852,-0.41884677711730944,-0.1984759970922271,-0.11539818970610326,-0.22172147970019176,0.07456890651633694,-0.07802964770452343,-0.44787483468777045]},"embedding_cosine_similarity":-0.01068298689860829,"frame_ranking_loss":0.0,"legal_ir_losses":{},"legal_ir_predicted_view_distribution":{},"legal_ir_target_count":0,"legal_ir_target_hashes":{},"legal_ir_view_distribution":{},"reconstruction_loss":0.46462773066131247,"sample_count":4,"symbolic_validity_penalty":0.0},"applied_count":0,"applied_updates":[],"autoencoder_claimed_count":0,"before":{"cosine_loss":1.0106829868986082,"cross_entropy_loss":1.4189064573045405,"decoded_embeddings":{"us-code-22-2677-954185de490e193f":[0.48704316487655547,-0.3040365840108796,0.07016913748924404,-0.7592855253489209,0.12237776702201265,-0.43426506414244087,0.1690822587349583,0.5643796980704879],"us-code-43-461.-f29ca4b839a85c85":[-0.3015083991524582,-0.44461855871039874,-0.011309549536955378,-0.08276836704943898,-0.5313061720286896,0.324542205993606,-0.33901073464839315,-0.11275043518590298],"us-code-5-401-6d83de53177f6b3e":[0.1262203095253737,-0.8149120857041768,-0.19865547875629602,-0.17239881709261132,-0.4145542494855609,-0.09763552624860868,0.08530669869905178,-0.1578372093193326],"us-code-50-3004.-70ed9b477170f3c1":[-0.4543802945028852,-0.41884677711730944,-0.1984759970922271,-0.11539818970610326,-0.22172147970019176,0.07456890651633694,-0.07802964770452343,-0.44787483468777045]},"embedding_cosine_similarity":-0.01068298689860829,"frame_ranking_loss":0.0,"legal_ir_losses":{},"legal_ir_predicted_view_distribution":{},"legal_ir_target_count":0,"legal_ir_target_hashes":{},"legal_ir_view_distribution":{},"reconstruction_loss":0.46462773066131247,"sample_count":4,"symbolic_validity_penalty":0.0},"bridge_loss_failure_count":0,"bridge_loss_sample_count":0,"bridge_loss_signal_count":0,"claimed_count":0,"claimed_open_count":5,"completed_count":0,"completed_todo_ids":[],"cosine_similarity_delta":0.0,"created_at":"2026-05-26T08:50:31+00:00","cross_entropy_delta":0.0,"failed_validation_count":0,"failed_validation_todo_ids":[],"improved":false,"iteration":1,"loss_seeded_count":0,"pending_count":43,"program_synthesis_deduped_count":1,"program_synthesis_pending_count":43,"program_synthesis_seeded_count":3,"seeded_count":3,"validation_after":{"cosine_loss":1.068210288986835,"cross_entropy_loss":1.5049492042099555,"decoded_embeddings":{"us-code-2-1531-34c72ac5683dcc87":[-0.3520557648444511,0.17541020936652366,0.008133578022404652,0.0775460934180596,0.27456659807901385,-0.461603210275732,0.4302503169017138,0.008707853616595727],"us-code-34-20714-8aae16f024aebd25":[-0.4260974976023518,-0.5378234362017635,-0.10198841668809189,-0.17043250705852844,-0.0033716247467970055,0.034735962108223675,0.4119866703267835,-0.012915615306253023],"us-code-39-3621-33eae3dc9734e74e":[-0.06861489956726352,-0.5896078376676939,0.18810884602521155,-0.25538729927145665,-0.5657410088711833,-0.12680980384252233,0.20809611757350865,0.024550932546512125],"us-code-7-2009aa-7-1811fe36bb4faa61":[-0.3187445019754202,0.10110955240957024,0.3924821585811007,-0.44855119384256037,0.03892898979421362,-0.08518078785044958,0.26279550877060937,0.6097568389253687]},"embedding_cosine_similarity":-0.0682102889868349,"frame_ranking_loss":0.0,"legal_ir_losses":{},"legal_ir_predicted_view_distribution":{},"legal_ir_target_count":0,"legal_ir_target_hashes":{},"legal_ir_view_distribution":{},"reconstruction_loss":0.3922641088543736,"sample_count":4,"symbolic_validity_penalty":0.0},"validation_before":{"cosine_loss":1.068210288986835,"cross_entropy_loss":1.5049492042099555,"decoded_embeddings":{"us-code-2-1531-34c72ac5683dcc87":[-0.3520557648444511,0.17541020936652366,0.008133578022404652,0.0775460934180596,0.27456659807901385,-0.461603210275732,0.4302503169017138,0.008707853616595727],"us-code-34-20714-8aae16f024aebd25":[-0.4260974976023518,-0.5378234362017635,-0.10198841668809189,-0.17043250705852844,-0.0033716247467970055,0.034735962108223675,0.4119866703267835,-0.012915615306253023],"us-code-39-3621-33eae3dc9734e74e":[-0.06861489956726352,-0.5896078376676939,0.18810884602521155,-0.25538729927145665,-0.5657410088711833,-0.12680980384252233,0.20809611757350865,0.024550932546512125],"us-code-7-2009aa-7-1811fe36bb4faa61":[-0.3187445019754202,0.10110955240957024,0.3924821585811007,-0.44855119384256037,0.03892898979421362,-0.08518078785044958,0.26279550877060937,0.6097568389253687]},"embedding_cosine_similarity":-0.0682102889868349,"frame_ranking_loss":0.0,"legal_ir_losses":{},"legal_ir_predicted_view_distribution":{},"legal_ir_target_count":0,"legal_ir_target_hashes":{},"legal_ir_view_distribution":{},"reconstruction_loss":0.3922641088543736,"sample_count":4,"symbolic_validity_penalty":0.0},"validation_cosine_similarity_delta":0.0,"validation_cross_entropy_delta":0.0,"worker_id":"random-uscode-daemon-detached"}],"stopped_reason":"no_claimed_todos","validation_final_evaluation":{"cosine_loss":1.068210288986835,"cross_entropy_loss":1.5049492042099555,"decoded_embeddings":{"us-code-2-1531-34c72ac5683dcc87":[-0.3520557648444511,0.17541020936652366,0.008133578022404652,0.0775460934180596,0.27456659807901385,-0.461603210275732,0.4302503169017138,0.008707853616595727],"us-code-34-20714-8aae16f024aebd25":[-0.4260974976023518,-0.5378234362017635,-0.10198841668809189,-0.17043250705852844,-0.0033716247467970055,0.034735962108223675,0.4119866703267835,-0.012915615306253023],"us-code-39-3621-33eae3dc9734e74e":[-0.06861489956726352,-0.5896078376676939,0.18810884602521155,-0.25538729927145665,-0.5657410088711833,-0.12680980384252233,0.20809611757350865,0.024550932546512125],"us-code-7-2009aa-7-1811fe36bb4faa61":[-0.3187445019754202,0.10110955240957024,0.3924821585811007,-0.44855119384256037,0.03892898979421362,-0.08518078785044958,0.26279550877060937,0.6097568389253687]},"embedding_cosine_similarity":-0.0682102889868349,"frame_ranking_loss":0.0,"legal_ir_losses":{},"legal_ir_predicted_view_distribution":{},"legal_ir_target_count":0,