{"final_evaluation":{"cosine_loss":1.2689000847202458,"cross_entropy_loss":0.7993895110938588,"decoded_embeddings":{"us-code-16-5706-a37d5d0d476535e6":[-0.21175845577763633,0.529575451126703,-0.1644281507587326,-0.015510481780424653,0.5559978134197199,0.094247803788488,0.0565290983164568,0.6772228386450659],"us-code-25-458aaa-15-3742eb93fd42a291":[0.05997991186223456,0.014318709593137031,0.09039229875204846,-0.07548623139089894,0.1382668037543741,-0.027205473224219116,0.19429552767706906,-0.5221676380100383],"us-code-42-14751.-2587e4a5d5b9ab4c":[0.0931236787721847,-0.5403122105911229,-0.5719269771000601,0.0864181663611741,0.054694360077097985,0.3912668869485272,-0.3864565296661987,-0.2643028217547092],"us-code-7-596-46c8b26229c530b5":[0.32311119578529895,0.904374093369745,-0.47927124927423287,-0.08420883099349581,0.4535553324540308,0.8173409837055415,0.4683321342667967,-0.030942141068719807]},"embedding_cosine_similarity":-0.26890008472024574,"frame_ranking_loss":0.0,"legal_ir_losses":{"legal_ir_multiview_acceptance_loss":0.0,"legal_ir_multiview_cosine_loss":0.5152322659402002,"legal_ir_multiview_cross_entropy_loss":0.7205530292545844,"legal_ir_multiview_frame_logic_missing_loss":0.0,"legal_ir_multiview_graph_failure_penalty":0.0,"legal_ir_multiview_proof_failure_ratio":0.0,"legal_ir_multiview_reconstruction_loss":0.12880813027340626,"legal_ir_multiview_text_reconstruction_loss":0.0,"legal_ir_multiview_total_loss":2.0935689879681907,"legal_ir_multiview_view_coverage_loss":0.0,"legal_ir_view_cross_entropy_loss":0.4682618819967428},"legal_ir_predicted_view_distribution":{"deontic.ir":0.7998464785547938,"knowledge_graphs.neo4j_compat":0.20015352144520615},"legal_ir_target_count":4,"legal_ir_target_hashes":{"us-code-16-5706-a37d5d0d476535e6":"e2a11329349d48944d1223866392d07142fc430a4217df03dadf252b82c16f94","us-code-25-458aaa-15-3742eb93fd42a291":"e9caf12c58d43c55a39fb6d2a9c30927af58c2dd27dc20daf317dfef68fe9670","us-code-42-14751.-2587e4a5d5b9ab4c":"6b77fe08946dbdef6bf80a50991e2a07dd9e85cef775685c3cbcc24ba7619025","us-code-7-596-46c8b26229c530b5":"fb655b99c18d4f58e1a2eed9e1067220f72f11847d31014a1b939888c004b6bd"},"legal_ir_view_distribution":{"deontic.ir":0.8230389491632017,"knowledge_graphs.neo4j_compat":0.1769610508367983},"reconstruction_loss":0.5458414530047163,"sample_count":4,"symbolic_validity_penalty":0.0},"steps":[{"after":{"cosine_loss":1.2689000847202458,"cross_entropy_loss":0.7993895110938588,"decoded_embeddings":{"us-code-16-5706-a37d5d0d476535e6":[-0.21175845577763633,0.529575451126703,-0.1644281507587326,-0.015510481780424653,0.5559978134197199,0.094247803788488,0.0565290983164568,0.6772228386450659],"us-code-25-458aaa-15-3742eb93fd42a291":[0.05997991186223456,0.014318709593137031,0.09039229875204846,-0.07548623139089894,0.1382668037543741,-0.027205473224219116,0.19429552767706906,-0.5221676380100383],"us-code-42-14751.-2587e4a5d5b9ab4c":[0.0931236787721847,-0.5403122105911229,-0.5719269771000601,0.0864181663611741,0.054694360077097985,0.3912668869485272,-0.3864565296661987,-0.2643028217547092],"us-code-7-596-46c8b26229c530b5":[0.32311119578529895,0.904374093369745,-0.47927124927423287,-0.08420883099349581,0.4535553324540308,0.8173409837055415,0.4683321342667967,-0.030942141068719807]},"embedding_cosine_similarity":-0.26890008472024574,"frame_ranking_loss":0.0,"legal_ir_losses":{"legal_ir_multiview_acceptance_loss":0.0,"legal_ir_multiview_cosine_loss":0.5152322659402002,"legal_ir_multiview_cross_entropy_loss":0.7205530292545844,"legal_ir_multiview_frame_logic_missing_loss":0.0,"legal_ir_multiview_graph_failure_penalty":0.0,"legal_ir_multiview_proof_failure_ratio":0.0,"legal_ir_multiview_reconstruction_loss":0.12880813027340626,"legal_ir_multiview_text_reconstruction_loss":0.0,"legal_ir_multiview_total_loss":2.0935689879681907,"legal_ir_multiview_view_coverage_loss":0.0,"legal_ir_view_cross_entropy_loss":0.4682618819967428},"legal_ir_predicted_view_distribution":{"deontic.ir":0.7998464785547938,"knowledge_graphs.neo4j_compat":0.20015352144520615},"legal_ir_target_count":4,"legal_ir_target_hashes":{"us-code-16-5706-a37d5d0d476535e6":"e2a11329349d48944d1223866392d07142fc430a4217df03dadf252b82c16f94","us-code-25-458aaa-15-3742eb93fd42a291":"e9caf12c58d43c55a39fb6d2a9c30927af58c2dd27dc20daf317dfef68fe9670","us-code-42-14751.-2587e4a5d5b9ab4c":"6b77fe08946dbdef6bf80a50991e2a07dd9e85cef775685c3cbcc24ba7619025","us-code-7-596-46c8b26229c530b5":"fb655b99c18d4f58e1a2eed9e1067220f72f11847d31014a1b939888c004b6bd"},"legal_ir_view_distribution":{"deontic.ir":0.8230389491632017,"knowledge_graphs.neo4j_compat":0.1769610508367983},"reconstruction_loss":0.5458414530047163,"sample_count":4,"symbolic_validity_penalty":0.0},"applied_count":0,"applied_updates":[],"autoencoder_claimed_count":0,"before":{"cosine_loss":1.2689000847202458,"cross_entropy_loss":0.7993895110938588,"decoded_embeddings":{"us-code-16-5706-a37d5d0d476535e6":[-0.21175845577763633,0.529575451126703,-0.1644281507587326,-0.015510481780424653,0.5559978134197199,0.094247803788488,0.0565290983164568,0.6772228386450659],"us-code-25-458aaa-15-3742eb93fd42a291":[0.05997991186223456,0.014318709593137031,0.09039229875204846,-0.07548623139089894,0.1382668037543741,-0.027205473224219116,0.19429552767706906,-0.5221676380100383],"us-code-42-14751.-2587e4a5d5b9ab4c":[0.0931236787721847,-0.5403122105911229,-0.5719269771000601,0.0864181663611741,0.054694360077097985,0.3912668869485272,-0.3864565296661987,-0.2643028217547092],"us-code-7-596-46c8b26229c530b5":[0.32311119578529895,0.904374093369745,-0.47927124927423287,-0.08420883099349581,0.4535553324540308,0.8173409837055415,0.4683321342667967,-0.030942141068719807]},"embedding_cosine_similarity":-0.26890008472024574,"frame_ranking_loss":0.0,"legal_ir_losses":{"legal_ir_multiview_acceptance_loss":0.0,"legal_ir_multiview_cosine_loss":0.5152322659402002,"legal_ir_multiview_cross_entropy_loss":0.7205530292545844,"legal_ir_multiview_frame_logic_missing_loss":0.0,"legal_ir_multiview_graph_failure_penalty":0.0,"legal_ir_multiview_proof_failure_ratio":0.0,"legal_ir_multiview_reconstruction_loss":0.12880813027340626,"legal_ir_multiview_text_reconstruction_loss":0.0,"legal_ir_multiview_total_loss":2.0935689879681907,"legal_ir_multiview_view_coverage_loss":0.0,"legal_ir_view_cross_entropy_loss":0.4682618819967428},"legal_ir_predicted_view_distribution":{"deontic.ir":0.7998464785547938,"knowledge_graphs.neo4j_compat":0.20015352144520615},"legal_ir_target_count":4,"legal_ir_target_hashes":{"us-code-16-5706-a37d5d0d476535e6":"e2a11329349d48944d1223866392d07142fc430a4217df03dadf252b82c16f94","us-code-25-458aaa-15-3742eb93fd42a291":"e9caf12c58d43c55a39fb6d2a9c30927af58c2dd27dc20daf317dfef68fe9670","us-code-42-14751.-2587e4a5d5b9ab4c":"6b77fe08946dbdef6bf80a50991e2a07dd9e85cef775685c3cbcc24ba7619025","us-code-7-596-46c8b26229c530b5":"fb655b99c18d4f58e1a2eed9e1067220f72f11847d31014a1b939888c004b6bd"},"legal_ir_view_distribution":{"deontic.ir":0.8230389491632017,"knowledge_graphs.neo4j_compat":0.1769610508367983},"reconstruction_loss":0.5458414530047163,"sample_count":4,"symbolic_validity_penalty":0.0},"bridge_loss_failure_count":0,"bridge_loss_sample_count":4,"bridge_loss_signal_count":30,"claimed_count":0,"claimed_open_count":92,"completed_count":0,"completed_todo_ids":[],"cosine_similarity_delta":0.0,"created_at":"2026-05-27T00:14:21+00:00","cross_entropy_delta":0.0,"failed_validation_count":0,"failed_validation_todo_ids":[],"improved":false,"iteration":1,"loss_seeded_count":0,"pending_count":10,"program_synthesis_deduped_count":3,"program_synthesis_pending_count":10,"program_synthesis_seeded_count":3,"seeded_count":3,"validation_after":{"cosine_loss":0.8022412326269905,"cross_entropy_loss":1.4823880535299203,"decoded_embeddings":{"us-code-2-4106-4a1b0ac1149099ad":[0.10160626777910972,0.5614070403876034,-0.6095101566830675,0.6370917437537531,-0.35180087004012595,0.6946093183235961,0.1332615400589836,-0.3849238311685219],