{"final_evaluation":{"cosine_loss":0.9730811429094723,"cross_entropy_loss":1.3266864317729614,"decoded_embeddings":{"us-code-16-536-c1d5246a1422605b":[-0.19493624445774202,-0.17202094866396936,-0.4050475011812671,-0.0020647411319671665,0.2810526468726734,-0.5015201255306647,0.0545778059029553,0.11451096894628886],"us-code-2-61f-12-4d1e444cf9cb090f":[0.5504687535234377,-0.4739367408930473,-0.3704692730117331,0.17806466549105546,0.1506459621092979,-0.05782942237954107,0.4824395735934465,-0.27026086566843294],"us-code-20-46a-b7ca5e58f6b7a2fa":[0.47562117993981934,0.15204914816473036,-0.026965263369405558,-0.3575960503086,-0.0562533485255253,-0.47696417555462983,0.5436477148445006,-0.1522246829437772],"us-code-46-4505.-a4f442db315faea7":[-0.07072386933981989,-0.41806059393773776,-0.43977153872879143,-0.005128606635157925,-0.5635651869045424,-0.3127546574581677,-0.16727442053046332,-0.06053676889634656]},"embedding_cosine_similarity":0.026918857090527694,"frame_ranking_loss":0.0,"legal_ir_losses":{},"legal_ir_predicted_view_distribution":{},"legal_ir_target_count":0,"legal_ir_target_hashes":{},"legal_ir_view_distribution":{},"reconstruction_loss":0.3546162449932651,"sample_count":4,"symbolic_validity_penalty":0.0},"steps":[{"after":{"cosine_loss":0.9730811429094723,"cross_entropy_loss":1.3266864317729614,"decoded_embeddings":{"us-code-16-536-c1d5246a1422605b":[-0.19493624445774202,-0.17202094866396936,-0.4050475011812671,-0.0020647411319671665,0.2810526468726734,-0.5015201255306647,0.0545778059029553,0.11451096894628886],"us-code-2-61f-12-4d1e444cf9cb090f":[0.5504687535234377,-0.4739367408930473,-0.3704692730117331,0.17806466549105546,0.1506459621092979,-0.05782942237954107,0.4824395735934465,-0.27026086566843294],"us-code-20-46a-b7ca5e58f6b7a2fa":[0.47562117993981934,0.15204914816473036,-0.026965263369405558,-0.3575960503086,-0.0562533485255253,-0.47696417555462983,0.5436477148445006,-0.1522246829437772],"us-code-46-4505.-a4f442db315faea7":[-0.07072386933981989,-0.41806059393773776,-0.43977153872879143,-0.005128606635157925,-0.5635651869045424,-0.3127546574581677,-0.16727442053046332,-0.06053676889634656]},"embedding_cosine_similarity":0.026918857090527694,"frame_ranking_loss":0.0,"legal_ir_losses":{},"legal_ir_predicted_view_distribution":{},"legal_ir_target_count":0,"legal_ir_target_hashes":{},"legal_ir_view_distribution":{},"reconstruction_loss":0.3546162449932651,"sample_count":4,"symbolic_validity_penalty":0.0},"applied_count":0,"applied_updates":[],"autoencoder_claimed_count":0,"before":{"cosine_loss":0.9730811429094723,"cross_entropy_loss":1.3266864317729614,"decoded_embeddings":{"us-code-16-536-c1d5246a1422605b":[-0.19493624445774202,-0.17202094866396936,-0.4050475011812671,-0.0020647411319671665,0.2810526468726734,-0.5015201255306647,0.0545778059029553,0.11451096894628886],"us-code-2-61f-12-4d1e444cf9cb090f":[0.5504687535234377,-0.4739367408930473,-0.3704692730117331,0.17806466549105546,0.1506459621092979,-0.05782942237954107,0.4824395735934465,-0.27026086566843294],"us-code-20-46a-b7ca5e58f6b7a2fa":[0.47562117993981934,0.15204914816473036,-0.026965263369405558,-0.3575960503086,-0.0562533485255253,-0.47696417555462983,0.5436477148445006,-0.1522246829437772],"us-code-46-4505.-a4f442db315faea7":[-0.07072386933981989,-0.41806059393773776,-0.43977153872879143,-0.005128606635157925,-0.5635651869045424,-0.3127546574581677,-0.16727442053046332,-0.06053676889634656]},"embedding_cosine_similarity":0.026918857090527694,"frame_ranking_loss":0.0,"legal_ir_losses":{},"legal_ir_predicted_view_distribution":{},"legal_ir_target_count":0,"legal_ir_target_hashes":{},"legal_ir_view_distribution":{},"reconstruction_loss":0.3546162449932651,"sample_count":4,"symbolic_validity_penalty":0.0},"bridge_loss_failure_count":0,"bridge_loss_sample_count":0,"bridge_loss_signal_count":0,"claimed_count":0,"claimed_open_count":0,"completed_count":0,"completed_todo_ids":[],"cosine_similarity_delta":0.0,"created_at":"2026-05-26T07:54:58+00:00","cross_entropy_delta":0.0,"failed_validation_count":0,"failed_validation_todo_ids":[],"improved":false,"iteration":1,"loss_seeded_count":0,"pending_count":16,"program_synthesis_deduped_count":1,"program_synthesis_pending_count":16,"program_synthesis_seeded_count":3,"seeded_count":3,"validation_after":{"cosine_loss":0.6576126466060718,"cross_entropy_loss":1.5868682998833452,"decoded_embeddings":{"us-code-18-3008-62db8e945327b1ec":[-0.3297607478528839,0.6480268761527168,-0.29177970286123633,0.08524225004623924,0.15999543204793124,-0.08693409234098612,0.48176190131728097,-0.08774081209920744],"us-code-2-83-5dea82aa81d05c37":[0.5513169038306973,-0.4735153873232909,-0.37067354278744963,0.17800720196275807,0.1504059959690058,-0.05681069873290598,0.4818306510683189,-0.2698448347159695],"us-code-21-695-004e7ba96942a2b5":[-0.08231566392854224,-0.22489183754426104,-0.15453689046902525,-0.556197829976564,0.03683951346421946,0.4032304451311928,0.1699607282382747,-0.5622451021372428],"us-code-5-8148-373f2bd6d3fbe26c":[-0.3491274377342107,0.19398846840318715,0.1207073022443802,-0.17658350252686367,-0.2709014182076187,0.09977743133632767,0.5811072987596224,-0.12615237788040834]},"embedding_cosine_similarity":0.34238735339392823,"frame_ranking_loss":0.0,"legal_ir_losses":{},"legal_ir_predicted_view_distribution":{},"legal_ir_target_count":0,"legal_ir_target_hashes":{},"legal_ir_view_distribution":{},"reconstruction_loss":0.27540592535960334,"sample_count":4,"symbolic_validity_penalty":0.0},"validation_before":{"cosine_loss":0.6576126466060718,"cross_entropy_loss":1.5868682998833452,"decoded_embeddings":{"us-code-18-3008-62db8e945327b1ec":[-0.3297607478528839,0.6480268761527168,-0.29177970286123633,0.08524225004623924,0.15999543204793124,-0.08693409234098612,0.48176190131728097,-0.08774081209920744],"us-code-2-83-5dea82aa81d05c37":[0.5513169038306973,-0.4735153873232909,-0.37067354278744963,0.17800720196275807,0.1504059959690058,-0.05681069873290598,0.4818306510683189,-0.2698448347159695],"us-code-21-695-004e7ba96942a2b5":[-0.08231566392854224,-0.22489183754426104,-0.15453689046902525,-0.556197829976564,0.03683951346421946,0.4032304451311928,0.1699607282382747,-0.5622451021372428],"us-code-5-8148-373f2bd6d3fbe26c":[-0.3491274377342107,0.19398846840318715,0.1207073022443802,-0.17658350252686367,-0.2709014182076187,0.09977743133632767,0.5811072987596224,-0.12615237788040834]},"embedding_cosine_similarity":0.34238735339392823,"frame_ranking_loss":0.0,"legal_ir_losses":{},"legal_ir_predicted_view_distribution":{},"legal_ir_target_count":0,"legal_ir_target_hashes":{},"legal_ir_view_distribution":{},"reconstruction_loss":0.27540592535960334,"sample_count":4,"symbolic_validity_penalty":0.0},"validation_cosine_similarity_delta":0.0,"validation_cross_entropy_delta":0.0,"worker_id":"random-uscode-daemon-detached"}],"stopped_reason":"no_claimed_todos","validation_final_evaluation":{"cosine_loss":0.6576126466060718,"cross_entropy_loss":1.5868682998833452,"decoded_embeddings":{"us-code-18-3008-62db8e945327b1ec":[-0.3297607478528839,0.6480268761527168,-0.29177970286123633,0.08524225004623924,0.15999543204793124,-0.08693409234098612,0.48176190131728097,-0.08774081209920744],"us-code-2-83-5dea82aa81d05c37":[0.5513169038306973,-0.4735153873232909,-0.37067354278744963,0.17800720196275807,0.1504059959690058,-0.05681069873290598,0.4818306510683189,-0.2698448347159695],"us-code-21-695-004e7ba96942a2b5":[-0.08231566392854224,-0.22489183754426104,-0.15453689046902525,-0.556197829976564,0.03683951346421946,0.4032304451311928,0.1699607282382747,-0.5622451021372428],"us-code-5-8148-373f2bd6d3fbe26c":[-0.3491274377342107,0.19398846840318715,0.1207073022443802,-0.17658350252686367,-0.2709014182076187,0.09977743133632767,0.5811072987596224,-0.12615237788040834]},"embedding_cosine_similarity":0.34238735339392823,"frame_ranking_loss":0.0,"legal_ir_losses":{},"legal_ir_predicted_view_distribution":{},"legal_ir_target_count":0,"legal_ir_target_hashes":{},"legal_ir_view_distribution":{},