{"final_evaluation":{"cosine_loss":0.7933119071981565,"cross_entropy_loss":1.5839062188280626,"decoded_embeddings":{"us-code-10-20202-bba2519dcd6fa477":[-0.2504559403298064,0.050224919430554155,0.5176055499250354,-0.3578517446764794,0.2934141149942496,-0.25773194930919346,-0.031410524583565275,0.5912455515638154],"us-code-15-6a-b4c5e32e347e2069":[0.06530023828091419,0.01927713135349585,0.7298315747171104,-0.0531756600699551,0.2798198249885038,-0.09748703115486233,-0.4038518330340669,-0.3686375883833118],"us-code-2-5303-d859402e8a787491":[-0.011223408923661206,-0.31972116325432487,0.531856631839785,0.04994481231639926,0.17001362722560182,-0.3443944207990077,0.2726423821592736,-0.05584756188448699],"us-code-25-2214-2a063ef894278fe1":[0.23340692316464762,-0.467575315802647,0.5336307412214867,-0.06750600410360638,-0.006626504539105505,-0.15808620409964722,-0.5696294724127559,-0.22430307126281335]},"embedding_cosine_similarity":0.20668809280184355,"frame_ranking_loss":0.0,"legal_ir_losses":{"legal_ir_multiview_acceptance_loss":0.0,"legal_ir_multiview_cosine_loss":0.39705504256499036,"legal_ir_multiview_cross_entropy_loss":0.9283840940582155,"legal_ir_multiview_frame_logic_missing_loss":0.0,"legal_ir_multiview_graph_failure_penalty":0.0,"legal_ir_multiview_proof_failure_ratio":0.0,"legal_ir_multiview_reconstruction_loss":0.200128756846,"legal_ir_multiview_text_reconstruction_loss":0.0,"legal_ir_multiview_total_loss":1.876797530969206,"legal_ir_multiview_view_coverage_loss":0.0,"legal_ir_view_cross_entropy_loss":0.5294964619720032},"legal_ir_predicted_view_distribution":{"deontic.ir":0.6469015215640985,"knowledge_graphs.neo4j_compat":0.3530984784359014},"legal_ir_target_count":4,"legal_ir_target_hashes":{"us-code-10-20202-bba2519dcd6fa477":"130b9f27e7eee401218ed1313682cbbc020b8a36fd92de249a4fa20c053bf906","us-code-15-6a-b4c5e32e347e2069":"019aa4226971b3e7dea1ec1e19591f8ffc922a9ddbd737dbd6021d4829cd639a","us-code-2-5303-d859402e8a787491":"49693b1118012d8c54d762040483b57a95da814f169010c47588545a0f49107b","us-code-25-2214-2a063ef894278fe1":"ac7cfd746587c60344142ac998e72fea87a28b7d9c04a87757518333bddbf306"},"legal_ir_view_distribution":{"deontic.ir":0.8448256461267883,"knowledge_graphs.neo4j_compat":0.15517435387321168},"reconstruction_loss":0.39109854419825174,"sample_count":4,"symbolic_validity_penalty":0.0},"steps":[{"after":{"cosine_loss":0.7933119071981565,"cross_entropy_loss":1.5839062188280626,"decoded_embeddings":{"us-code-10-20202-bba2519dcd6fa477":[-0.2504559403298064,0.050224919430554155,0.5176055499250354,-0.3578517446764794,0.2934141149942496,-0.25773194930919346,-0.031410524583565275,0.5912455515638154],"us-code-15-6a-b4c5e32e347e2069":[0.06530023828091419,0.01927713135349585,0.7298315747171104,-0.0531756600699551,0.2798198249885038,-0.09748703115486233,-0.4038518330340669,-0.3686375883833118],"us-code-2-5303-d859402e8a787491":[-0.011223408923661206,-0.31972116325432487,0.531856631839785,0.04994481231639926,0.17001362722560182,-0.3443944207990077,0.2726423821592736,-0.05584756188448699],"us-code-25-2214-2a063ef894278fe1":[0.23340692316464762,-0.467575315802647,0.5336307412214867,-0.06750600410360638,-0.006626504539105505,-0.15808620409964722,-0.5696294724127559,-0.22430307126281335]},"embedding_cosine_similarity":0.20668809280184355,"frame_ranking_loss":0.0,"legal_ir_losses":{"legal_ir_multiview_acceptance_loss":0.0,"legal_ir_multiview_cosine_loss":0.39705504256499036,"legal_ir_multiview_cross_entropy_loss":0.9283840940582155,"legal_ir_multiview_frame_logic_missing_loss":0.0,"legal_ir_multiview_graph_failure_penalty":0.0,"legal_ir_multiview_proof_failure_ratio":0.0,"legal_ir_multiview_reconstruction_loss":0.200128756846,"legal_ir_multiview_text_reconstruction_loss":0.0,"legal_ir_multiview_total_loss":1.876797530969206,"legal_ir_multiview_view_coverage_loss":0.0,"legal_ir_view_cross_entropy_loss":0.5294964619720032},"legal_ir_predicted_view_distribution":{"deontic.ir":0.6469015215640985,"knowledge_graphs.neo4j_compat":0.3530984784359014},"legal_ir_target_count":4,"legal_ir_target_hashes":{"us-code-10-20202-bba2519dcd6fa477":"130b9f27e7eee401218ed1313682cbbc020b8a36fd92de249a4fa20c053bf906","us-code-15-6a-b4c5e32e347e2069":"019aa4226971b3e7dea1ec1e19591f8ffc922a9ddbd737dbd6021d4829cd639a","us-code-2-5303-d859402e8a787491":"49693b1118012d8c54d762040483b57a95da814f169010c47588545a0f49107b","us-code-25-2214-2a063ef894278fe1":"ac7cfd746587c60344142ac998e72fea87a28b7d9c04a87757518333bddbf306"},"legal_ir_view_distribution":{"deontic.ir":0.8448256461267883,"knowledge_graphs.neo4j_compat":0.15517435387321168},"reconstruction_loss":0.39109854419825174,"sample_count":4,"symbolic_validity_penalty":0.0},"applied_count":0,"applied_updates":[],"autoencoder_claimed_count":0,"before":{"cosine_loss":0.7933119071981565,"cross_entropy_loss":1.5839062188280626,"decoded_embeddings":{"us-code-10-20202-bba2519dcd6fa477":[-0.2504559403298064,0.050224919430554155,0.5176055499250354,-0.3578517446764794,0.2934141149942496,-0.25773194930919346,-0.031410524583565275,0.5912455515638154],"us-code-15-6a-b4c5e32e347e2069":[0.06530023828091419,0.01927713135349585,0.7298315747171104,-0.0531756600699551,0.2798198249885038,-0.09748703115486233,-0.4038518330340669,-0.3686375883833118],"us-code-2-5303-d859402e8a787491":[-0.011223408923661206,-0.31972116325432487,0.531856631839785,0.04994481231639926,0.17001362722560182,-0.3443944207990077,0.2726423821592736,-0.05584756188448699],"us-code-25-2214-2a063ef894278fe1":[0.23340692316464762,-0.467575315802647,0.5336307412214867,-0.06750600410360638,-0.006626504539105505,-0.15808620409964722,-0.5696294724127559,-0.22430307126281335]},"embedding_cosine_similarity":0.20668809280184355,"frame_ranking_loss":0.0,"legal_ir_losses":{"legal_ir_multiview_acceptance_loss":0.0,"legal_ir_multiview_cosine_loss":0.39705504256499036,"legal_ir_multiview_cross_entropy_loss":0.9283840940582155,"legal_ir_multiview_frame_logic_missing_loss":0.0,"legal_ir_multiview_graph_failure_penalty":0.0,"legal_ir_multiview_proof_failure_ratio":0.0,"legal_ir_multiview_reconstruction_loss":0.200128756846,"legal_ir_multiview_text_reconstruction_loss":0.0,"legal_ir_multiview_total_loss":1.876797530969206,"legal_ir_multiview_view_coverage_loss":0.0,"legal_ir_view_cross_entropy_loss":0.5294964619720032},"legal_ir_predicted_view_distribution":{"deontic.ir":0.6469015215640985,"knowledge_graphs.neo4j_compat":0.3530984784359014},"legal_ir_target_count":4,"legal_ir_target_hashes":{"us-code-10-20202-bba2519dcd6fa477":"130b9f27e7eee401218ed1313682cbbc020b8a36fd92de249a4fa20c053bf906","us-code-15-6a-b4c5e32e347e2069":"019aa4226971b3e7dea1ec1e19591f8ffc922a9ddbd737dbd6021d4829cd639a","us-code-2-5303-d859402e8a787491":"49693b1118012d8c54d762040483b57a95da814f169010c47588545a0f49107b","us-code-25-2214-2a063ef894278fe1":"ac7cfd746587c60344142ac998e72fea87a28b7d9c04a87757518333bddbf306"},"legal_ir_view_distribution":{"deontic.ir":0.8448256461267883,"knowledge_graphs.neo4j_compat":0.15517435387321168},"reconstruction_loss":0.39109854419825174,"sample_count":4,"symbolic_validity_penalty":0.0},"bridge_loss_failure_count":0,"bridge_loss_sample_count":4,"bridge_loss_signal_count":26,"claimed_count":0,"claimed_open_count":0,"completed_count":0,"completed_todo_ids":[],"cosine_similarity_delta":0.0,"created_at":"2026-05-26T10:15:06+00:00","cross_entropy_delta":0.0,"failed_validation_count":0,"failed_validation_todo_ids":[],"improved":false,"iteration":1,"loss_seeded_count":0,"pending_count":42,"program_synthesis_deduped_count":3,"program_synthesis_pending_count":42,"program_synthesis_seeded_count":3,"seeded_count":3,"validation_after":{"cosine_loss":0.8537824307813497,"cross_entropy_loss":1.428459994652683,"decoded_embeddings":{"us-code-16-435-c687297b76f48260":[-0.14014451966523486,0.06052671071723167,0.1067408391302544,0.0991360430607355,0.14262358925566504,-0.3239416256619491,0.015917130763524214,-0.7222245934700836],