{"final_evaluation":{"cosine_loss":0.9691726711488313,"cross_entropy_loss":1.2624007505249217,"decoded_embeddings":{"us-code-2-285a-c50fb87c0d879e65":[-0.10739967049596191,-0.48269097072541356,-0.8482122710470559,0.1083984848611397,0.030064987141341287,-0.6180110266135337,-0.28272151386523714,0.4243913396702448]},"embedding_cosine_similarity":0.030827328851168713,"frame_ranking_loss":0.0,"legal_ir_losses":{"legal_ir_multiview_acceptance_loss":0.0,"legal_ir_multiview_cosine_loss":0.2962955191476941,"legal_ir_multiview_cross_entropy_loss":0.4332446946194182,"legal_ir_multiview_frame_logic_missing_loss":0.0,"legal_ir_multiview_graph_failure_penalty":0.0,"legal_ir_multiview_proof_failure_ratio":0.0,"legal_ir_multiview_reconstruction_loss":0.13926122656279166,"legal_ir_multiview_text_reconstruction_loss":0.0,"legal_ir_multiview_total_loss":1.4496723736632375,"legal_ir_multiview_view_coverage_loss":0.0,"legal_ir_view_cross_entropy_loss":2.3978952727983702},"legal_ir_predicted_view_distribution":{"CEC.native":0.09090909090909091,"deontic.decoder":0.09090909090909091,"deontic.exports":0.09090909090909091,"deontic.formula_builder":0.09090909090909091,"deontic.graph":0.09090909090909091,"deontic.ir":0.09090909090909091,"deontic.metrics":0.09090909090909091,"deontic.prover_syntax":0.09090909090909091,"knowledge_graphs.neo4j_compat":0.09090909090909091,"modal.compiler":0.09090909090909091,"modal.frame_logic":0.09090909090909091},"legal_ir_target_count":1,"legal_ir_target_hashes":{"us-code-2-285a-c50fb87c0d879e65":"00cc2e0c12fb74a4f7ddf65faf7bf5e15d4399e8d71a947d1164f8465d9da6fa"},"legal_ir_view_distribution":{"CEC.native":0.18181818181818182,"deontic.decoder":0.045454545454545456,"deontic.exports":0.13636363636363635,"deontic.formula_builder":0.045454545454545456,"deontic.graph":0.045454545454545456,"deontic.ir":0.09090909090909091,"deontic.metrics":0.13636363636363635,"deontic.prover_syntax":0.09090909090909091,"knowledge_graphs.neo4j_compat":0.13636363636363635,"modal.compiler":0.045454545454545456,"modal.frame_logic":0.045454545454545456},"reconstruction_loss":0.5246880753188794,"sample_count":1,"symbolic_validity_penalty":0.0},"steps":[{"after":{"cosine_loss":0.9691726711488313,"cross_entropy_loss":1.2624007505249217,"decoded_embeddings":{"us-code-2-285a-c50fb87c0d879e65":[-0.10739967049596191,-0.48269097072541356,-0.8482122710470559,0.1083984848611397,0.030064987141341287,-0.6180110266135337,-0.28272151386523714,0.4243913396702448]},"embedding_cosine_similarity":0.030827328851168713,"frame_ranking_loss":0.0,"legal_ir_losses":{"legal_ir_multiview_acceptance_loss":0.0,"legal_ir_multiview_cosine_loss":0.2962955191476941,"legal_ir_multiview_cross_entropy_loss":0.4332446946194182,"legal_ir_multiview_frame_logic_missing_loss":0.0,"legal_ir_multiview_graph_failure_penalty":0.0,"legal_ir_multiview_proof_failure_ratio":0.0,"legal_ir_multiview_reconstruction_loss":0.13926122656279166,"legal_ir_multiview_text_reconstruction_loss":0.0,"legal_ir_multiview_total_loss":1.4496723736632375,"legal_ir_multiview_view_coverage_loss":0.0,"legal_ir_view_cross_entropy_loss":2.3978952727983702},"legal_ir_predicted_view_distribution":{"CEC.native":0.09090909090909091,"deontic.decoder":0.09090909090909091,"deontic.exports":0.09090909090909091,"deontic.formula_builder":0.09090909090909091,"deontic.graph":0.09090909090909091,"deontic.ir":0.09090909090909091,"deontic.metrics":0.09090909090909091,"deontic.prover_syntax":0.09090909090909091,"knowledge_graphs.neo4j_compat":0.09090909090909091,"modal.compiler":0.09090909090909091,"modal.frame_logic":0.09090909090909091},"legal_ir_target_count":1,"legal_ir_target_hashes":{"us-code-2-285a-c50fb87c0d879e65":"00cc2e0c12fb74a4f7ddf65faf7bf5e15d4399e8d71a947d1164f8465d9da6fa"},"legal_ir_view_distribution":{"CEC.native":0.18181818181818182,"deontic.decoder":0.045454545454545456,"deontic.exports":0.13636363636363635,"deontic.formula_builder":0.045454545454545456,"deontic.graph":0.045454545454545456,"deontic.ir":0.09090909090909091,"deontic.metrics":0.13636363636363635,"deontic.prover_syntax":0.09090909090909091,"knowledge_graphs.neo4j_compat":0.13636363636363635,"modal.compiler":0.045454545454545456,"modal.frame_logic":0.045454545454545456},"reconstruction_loss":0.5246880753188794,"sample_count":1,"symbolic_validity_penalty":0.0},"applied_count":0,"applied_updates":[],"autoencoder_claimed_count":4,"before":{"cosine_loss":0.9691726711488313,"cross_entropy_loss":1.2624007505249217,"decoded_embeddings":{"us-code-2-285a-c50fb87c0d879e65":[-0.10739967049596191,-0.48269097072541356,-0.8482122710470559,0.1083984848611397,0.030064987141341287,-0.6180110266135337,-0.28272151386523714,0.4243913396702448]},"embedding_cosine_similarity":0.030827328851168713,"frame_ranking_loss":0.0,"legal_ir_losses":{"legal_ir_multiview_acceptance_loss":0.0,"legal_ir_multiview_cosine_loss":0.2962955191476941,"legal_ir_multiview_cross_entropy_loss":0.4332446946194182,"legal_ir_multiview_frame_logic_missing_loss":0.0,"legal_ir_multiview_graph_failure_penalty":0.0,"legal_ir_multiview_proof_failure_ratio":0.0,"legal_ir_multiview_reconstruction_loss":0.13926122656279166,"legal_ir_multiview_text_reconstruction_loss":0.0,"legal_ir_multiview_total_loss":1.4496723736632375,"legal_ir_multiview_view_coverage_loss":0.0,"legal_ir_view_cross_entropy_loss":2.3978952727983702},"legal_ir_predicted_view_distribution":{"CEC.native":0.09090909090909091,"deontic.decoder":0.09090909090909091,"deontic.exports":0.09090909090909091,"deontic.formula_builder":0.09090909090909091,"deontic.graph":0.09090909090909091,"deontic.ir":0.09090909090909091,"deontic.metrics":0.09090909090909091,"deontic.prover_syntax":0.09090909090909091,"knowledge_graphs.neo4j_compat":0.09090909090909091,"modal.compiler":0.09090909090909091,"modal.frame_logic":0.09090909090909091},"legal_ir_target_count":1,"legal_ir_target_hashes":{"us-code-2-285a-c50fb87c0d879e65":"00cc2e0c12fb74a4f7ddf65faf7bf5e15d4399e8d71a947d1164f8465d9da6fa"},"legal_ir_view_distribution":{"CEC.native":0.18181818181818182,"deontic.decoder":0.045454545454545456,"deontic.exports":0.13636363636363635,"deontic.formula_builder":0.045454545454545456,"deontic.graph":0.045454545454545456,"deontic.ir":0.09090909090909091,"deontic.metrics":0.13636363636363635,"deontic.prover_syntax":0.09090909090909091,"knowledge_graphs.neo4j_compat":0.13636363636363635,"modal.compiler":0.045454545454545456,"modal.frame_logic":0.045454545454545456},"reconstruction_loss":0.5246880753188794,"sample_count":1,"symbolic_validity_penalty":0.0},"bridge_loss_failure_count":0,"bridge_loss_sample_count":1,"bridge_loss_signal_count":9,"claimed_count":4,"claimed_open_count":3,"completed_count":0,"completed_todo_ids":[],"cosine_similarity_delta":0.0,"created_at":"2026-05-20T02:31:37+00:00","cross_entropy_delta":0.0,"failed_validation_count":4,"failed_validation_todo_ids":["d2fdaefc234495b5","7c70490141e73208","918fc45abceeda98","d0e9ecfb7dbb64df"],"improved":false,"iteration":1,"loss_seeded_count":4,"pending_count":0,"program_synthesis_deduped_count":0,"program_synthesis_pending_count":0,"program_synthesis_seeded_count":0,"seeded_count":4,"validation_after":{"cosine_loss":1.1567845475447072,"cross_entropy_loss":2.5671613697715943,"decoded_embeddings":{"us-code-42-14306.-0cbe5027b6cb0bc5":[-0.21550530650669628,0.364874117206555,0.09602651002111909,0.0105028238800558,-0.030151909285188128,-0.19357405750923767,-0.6071913931437587,-0.7771311581889786]},"embedding_cosine_similarity":-0.1567845475447071,"frame_ranking_loss":0.0,"legal_ir_losses":{"legal_ir_multiview_acceptance_loss":0.0,"legal_ir_multiview_cosine_loss":0.4132980978068173,"legal_ir_multiview_cross_entropy_loss":0.8557204565905314,"legal_ir_multiview_frame_logic_missing_loss":0.0,"legal_ir_multiview_graph_failure_penalty":0.0,"legal_ir_multiview_proof_failure_ratio":0.0,"legal_ir_multiview_reconstruction_loss":0.22185748046783335,"legal_ir_multiview_text_reconstruction_loss":0.0,"legal_ir_multiview_total_loss":2.007584301531849,