{"final_evaluation":{"cosine_loss":0.8776282962004628,"cross_entropy_loss":1.6510848587560514,"decoded_embeddings":{"us-code-19-2012-a615969907a452c6":[-0.31331902824768065,0.3033708120769782,-0.37215681850785043,0.10249944739120136,0.00658659341694017,-0.8767437456414495,-0.04622918643001983,-0.12234644770404338],"us-code-42-13751 to 13758.-de32e4c3138a7704":[-0.12257529511277457,-0.5371442981377142,-0.1607621352373828,0.007015251708597207,-0.16864208480947507,-0.13104518963974612,0.054428397261832184,-0.4021339907746865],"us-code-42-7256.-4f4b678a5ebb0ecf":[-0.24704022956838578,-0.47269861246059935,0.05476863329393061,-0.0540025443987553,0.08750389900105547,-0.4228838208323883,-0.4751103355268754,0.42501222739640987],"us-code-49-44102.-a7befb0448932497":[-0.05033495137651049,-0.4188652869622812,0.29140714980894855,-0.16833554722791327,-0.06245795595746173,0.15732462060363744,-0.13633981503336567,0.4183262955293888]},"embedding_cosine_similarity":0.12237170379953714,"frame_ranking_loss":0.0,"legal_ir_losses":{"legal_ir_multiview_acceptance_loss":0.0,"legal_ir_multiview_cosine_loss":0.1907891077526643,"legal_ir_multiview_cross_entropy_loss":0.2542746860178939,"legal_ir_multiview_frame_logic_missing_loss":0.0,"legal_ir_multiview_graph_failure_penalty":0.0,"legal_ir_multiview_proof_failure_ratio":0.0,"legal_ir_multiview_reconstruction_loss":0.08119149895713021,"legal_ir_multiview_text_reconstruction_loss":0.0,"legal_ir_multiview_total_loss":0.7035224468943551,"legal_ir_multiview_view_coverage_loss":0.0,"legal_ir_view_cross_entropy_loss":1.5774144312735439},"legal_ir_predicted_view_distribution":{"CEC.native":0.21587359798102115,"TDFOL.prover":0.2108850174252367,"deontic.ir":0.2461506318608601,"knowledge_graphs.neo4j_compat":0.1831321712979635,"zkp.circuits":0.14395858143491858},"legal_ir_target_count":4,"legal_ir_target_hashes":{"us-code-19-2012-a615969907a452c6":"e99f31a266e4828ea554ffccd4a43765d39e022dad664288abd426ed083e2ce7","us-code-42-13751 to 13758.-de32e4c3138a7704":"cb8eacd9bd67b6533f61e1af0d4b9837fb417f267e430da6a79dafbae4095372","us-code-42-7256.-4f4b678a5ebb0ecf":"081856fba1016e0a7fe31ee046a596dfb1eb5e452e1d7ef78aba0b35e679ac99","us-code-49-44102.-a7befb0448932497":"ad3d8dccbb399d590e463748a77a0142181113a408245bb44e8d2bb656332e3a"},"legal_ir_view_distribution":{"CEC.native":0.20842515153115593,"TDFOL.prover":0.2677631826139624,"deontic.ir":0.25605023185578224,"knowledge_graphs.neo4j_compat":0.15026143399909941,"zkp.circuits":0.1175},"reconstruction_loss":0.35113993819182493,"sample_count":4,"symbolic_validity_penalty":0.0},"steps":[{"after":{"cosine_loss":0.8776282962004628,"cross_entropy_loss":1.6510848587560514,"decoded_embeddings":{"us-code-19-2012-a615969907a452c6":[-0.31331902824768065,0.3033708120769782,-0.37215681850785043,0.10249944739120136,0.00658659341694017,-0.8767437456414495,-0.04622918643001983,-0.12234644770404338],"us-code-42-13751 to 13758.-de32e4c3138a7704":[-0.12257529511277457,-0.5371442981377142,-0.1607621352373828,0.007015251708597207,-0.16864208480947507,-0.13104518963974612,0.054428397261832184,-0.4021339907746865],"us-code-42-7256.-4f4b678a5ebb0ecf":[-0.24704022956838578,-0.47269861246059935,0.05476863329393061,-0.0540025443987553,0.08750389900105547,-0.4228838208323883,-0.4751103355268754,0.42501222739640987],"us-code-49-44102.-a7befb0448932497":[-0.05033495137651049,-0.4188652869622812,0.29140714980894855,-0.16833554722791327,-0.06245795595746173,0.15732462060363744,-0.13633981503336567,0.4183262955293888]},"embedding_cosine_similarity":0.12237170379953714,"frame_ranking_loss":0.0,"legal_ir_losses":{"legal_ir_multiview_acceptance_loss":0.0,"legal_ir_multiview_cosine_loss":0.1907891077526643,"legal_ir_multiview_cross_entropy_loss":0.2542746860178939,"legal_ir_multiview_frame_logic_missing_loss":0.0,"legal_ir_multiview_graph_failure_penalty":0.0,"legal_ir_multiview_proof_failure_ratio":0.0,"legal_ir_multiview_reconstruction_loss":0.08119149895713021,"legal_ir_multiview_text_reconstruction_loss":0.0,"legal_ir_multiview_total_loss":0.7035224468943551,"legal_ir_multiview_view_coverage_loss":0.0,"legal_ir_view_cross_entropy_loss":1.5774144312735439},"legal_ir_predicted_view_distribution":{"CEC.native":0.21587359798102115,"TDFOL.prover":0.2108850174252367,"deontic.ir":0.2461506318608601,"knowledge_graphs.neo4j_compat":0.1831321712979635,"zkp.circuits":0.14395858143491858},"legal_ir_target_count":4,"legal_ir_target_hashes":{"us-code-19-2012-a615969907a452c6":"e99f31a266e4828ea554ffccd4a43765d39e022dad664288abd426ed083e2ce7","us-code-42-13751 to 13758.-de32e4c3138a7704":"cb8eacd9bd67b6533f61e1af0d4b9837fb417f267e430da6a79dafbae4095372","us-code-42-7256.-4f4b678a5ebb0ecf":"081856fba1016e0a7fe31ee046a596dfb1eb5e452e1d7ef78aba0b35e679ac99","us-code-49-44102.-a7befb0448932497":"ad3d8dccbb399d590e463748a77a0142181113a408245bb44e8d2bb656332e3a"},"legal_ir_view_distribution":{"CEC.native":0.20842515153115593,"TDFOL.prover":0.2677631826139624,"deontic.ir":0.25605023185578224,"knowledge_graphs.neo4j_compat":0.15026143399909941,"zkp.circuits":0.1175},"reconstruction_loss":0.35113993819182493,"sample_count":4,"symbolic_validity_penalty":0.0},"applied_count":0,"applied_updates":[],"autoencoder_claimed_count":0,"before":{"cosine_loss":0.8776282962004628,"cross_entropy_loss":1.6510848587560514,"decoded_embeddings":{"us-code-19-2012-a615969907a452c6":[-0.31331902824768065,0.3033708120769782,-0.37215681850785043,0.10249944739120136,0.00658659341694017,-0.8767437456414495,-0.04622918643001983,-0.12234644770404338],"us-code-42-13751 to 13758.-de32e4c3138a7704":[-0.12257529511277457,-0.5371442981377142,-0.1607621352373828,0.007015251708597207,-0.16864208480947507,-0.13104518963974612,0.054428397261832184,-0.4021339907746865],"us-code-42-7256.-4f4b678a5ebb0ecf":[-0.24704022956838578,-0.47269861246059935,0.05476863329393061,-0.0540025443987553,0.08750389900105547,-0.4228838208323883,-0.4751103355268754,0.42501222739640987],"us-code-49-44102.-a7befb0448932497":[-0.05033495137651049,-0.4188652869622812,0.29140714980894855,-0.16833554722791327,-0.06245795595746173,0.15732462060363744,-0.13633981503336567,0.4183262955293888]},"embedding_cosine_similarity":0.12237170379953714,"frame_ranking_loss":0.0,"legal_ir_losses":{"legal_ir_multiview_acceptance_loss":0.0,"legal_ir_multiview_cosine_loss":0.1907891077526643,"legal_ir_multiview_cross_entropy_loss":0.2542746860178939,"legal_ir_multiview_frame_logic_missing_loss":0.0,"legal_ir_multiview_graph_failure_penalty":0.0,"legal_ir_multiview_proof_failure_ratio":0.0,"legal_ir_multiview_reconstruction_loss":0.08119149895713021,"legal_ir_multiview_text_reconstruction_loss":0.0,"legal_ir_multiview_total_loss":0.7035224468943551,"legal_ir_multiview_view_coverage_loss":0.0,"legal_ir_view_cross_entropy_loss":1.5774144312735439},"legal_ir_predicted_view_distribution":{"CEC.native":0.21587359798102115,"TDFOL.prover":0.2108850174252367,"deontic.ir":0.2461506318608601,"knowledge_graphs.neo4j_compat":0.1831321712979635,"zkp.circuits":0.14395858143491858},"legal_ir_target_count":4,"legal_ir_target_hashes":{"us-code-19-2012-a615969907a452c6":"e99f31a266e4828ea554ffccd4a43765d39e022dad664288abd426ed083e2ce7","us-code-42-13751 to 13758.-de32e4c3138a7704":"cb8eacd9bd67b6533f61e1af0d4b9837fb417f267e430da6a79dafbae4095372","us-code-42-7256.-4f4b678a5ebb0ecf":"081856fba1016e0a7fe31ee046a596dfb1eb5e452e1d7ef78aba0b35e679ac99","us-code-49-44102.-a7befb0448932497":"ad3d8dccbb399d590e463748a77a0142181113a408245bb44e8d2bb656332e3a"},"legal_ir_view_distribution":{"CEC.native":0.20842515153115593,"TDFOL.prover":0.2677631826139624,"deontic.ir":0.25605023185578224,"knowledge_graphs.neo4j_compat":0.15026143399909941,"zkp.circuits":0.1175},"reconstruction_loss":0.35113993819182493,"sample_count":4,"symbolic_validity_penalty":0.0},"bridge_loss_failure_count":0,"bridge_loss_sample_count":4,"bridge_loss_signal_count":31,"claimed_count":0,"claimed_open_count":0,"completed_count":0,"completed_todo_ids":[],"cosine_similarity_delta":0.0,