{"final_evaluation":{"cosine_loss":1.5904313394317415,"cross_entropy_loss":0.025147887380569375,"decoded_embeddings":{"us-code-42-13991.-bee6684a54b8e1e6":[-0.01367744620366673,-0.8687405163548584,0.28125148668315414,-0.1400844589726456,-0.022301201420002484,0.45226625312142116,0.08909919470738395,0.5584997801707298]},"embedding_cosine_similarity":-0.5904313394317416,"frame_ranking_loss":0.0,"legal_ir_losses":{},"legal_ir_predicted_view_distribution":{},"legal_ir_target_count":0,"legal_ir_target_hashes":{},"legal_ir_view_distribution":{},"reconstruction_loss":0.6661965440463177,"sample_count":1,"symbolic_validity_penalty":0.0},"steps":[{"after":{"cosine_loss":1.5904313394317415,"cross_entropy_loss":0.025147887380569375,"decoded_embeddings":{"us-code-42-13991.-bee6684a54b8e1e6":[-0.01367744620366673,-0.8687405163548584,0.28125148668315414,-0.1400844589726456,-0.022301201420002484,0.45226625312142116,0.08909919470738395,0.5584997801707298]},"embedding_cosine_similarity":-0.5904313394317416,"frame_ranking_loss":0.0,"legal_ir_losses":{},"legal_ir_predicted_view_distribution":{},"legal_ir_target_count":0,"legal_ir_target_hashes":{},"legal_ir_view_distribution":{},"reconstruction_loss":0.6661965440463177,"sample_count":1,"symbolic_validity_penalty":0.0},"applied_count":0,"applied_updates":[],"autoencoder_claimed_count":0,"before":{"cosine_loss":1.5904313394317415,"cross_entropy_loss":0.025147887380569375,"decoded_embeddings":{"us-code-42-13991.-bee6684a54b8e1e6":[-0.01367744620366673,-0.8687405163548584,0.28125148668315414,-0.1400844589726456,-0.022301201420002484,0.45226625312142116,0.08909919470738395,0.5584997801707298]},"embedding_cosine_similarity":-0.5904313394317416,"frame_ranking_loss":0.0,"legal_ir_losses":{},"legal_ir_predicted_view_distribution":{},"legal_ir_target_count":0,"legal_ir_target_hashes":{},"legal_ir_view_distribution":{},"reconstruction_loss":0.6661965440463177,"sample_count":1,"symbolic_validity_penalty":0.0},"bridge_loss_failure_count":0,"bridge_loss_sample_count":0,"bridge_loss_signal_count":0,"claimed_count":0,"claimed_open_count":0,"completed_count":0,"completed_todo_ids":[],"cosine_similarity_delta":0.0,"created_at":"2026-05-26T18:27:50+00:00","cross_entropy_delta":0.0,"failed_validation_count":0,"failed_validation_todo_ids":[],"improved":false,"iteration":1,"loss_seeded_count":0,"pending_count":0,"program_synthesis_deduped_count":0,"program_synthesis_pending_count":0,"program_synthesis_seeded_count":0,"seeded_count":0,"validation_after":{"cosine_loss":1.050663724719492,"cross_entropy_loss":1.3490232324633264,"decoded_embeddings":{"us-code-22-4050-eb8f80e4f3e551f6":[0.23791904751213322,0.8006623648462606,0.04858596768682476,-0.034240250458744174,-0.107184764091175,0.23141766313251969,-0.08083231295295282,-0.21526607325532754]},"embedding_cosine_similarity":-0.05066372471949205,"frame_ranking_loss":0.0,"legal_ir_losses":{},"legal_ir_predicted_view_distribution":{},"legal_ir_target_count":0,"legal_ir_target_hashes":{},"legal_ir_view_distribution":{},"reconstruction_loss":0.3137654654459101,"sample_count":1,"symbolic_validity_penalty":0.0},"validation_before":{"cosine_loss":1.050663724719492,"cross_entropy_loss":1.3490232324633264,"decoded_embeddings":{"us-code-22-4050-eb8f80e4f3e551f6":[0.23791904751213322,0.8006623648462606,0.04858596768682476,-0.034240250458744174,-0.107184764091175,0.23141766313251969,-0.08083231295295282,-0.21526607325532754]},"embedding_cosine_similarity":-0.05066372471949205,"frame_ranking_loss":0.0,"legal_ir_losses":{},"legal_ir_predicted_view_distribution":{},"legal_ir_target_count":0,"legal_ir_target_hashes":{},"legal_ir_view_distribution":{},"reconstruction_loss":0.3137654654459101,"sample_count":1,"symbolic_validity_penalty":0.0},"validation_cosine_similarity_delta":0.0,"validation_cross_entropy_delta":0.0,"worker_id":"random-uscode-daemon-detached"}],"stopped_reason":"no_claimed_todos","validation_final_evaluation":{"cosine_loss":1.050663724719492,"cross_entropy_loss":1.3490232324633264,"decoded_embeddings":{"us-code-22-4050-eb8f80e4f3e551f6":[0.23791904751213322,0.8006623648462606,0.04858596768682476,-0.034240250458744174,-0.107184764091175,0.23141766313251969,-0.08083231295295282,-0.21526607325532754]},"embedding_cosine_similarity":-0.05066372471949205,"frame_ranking_loss":0.0,"legal_ir_losses":{},"legal_ir_predicted_view_distribution":{},"legal_ir_target_count":0,"legal_ir_target_hashes":{},"legal_ir_view_distribution":{},"reconstruction_loss":0.3137654654459101,"sample_count":1,"symbolic_validity_penalty":0.0}}
