{"final_evaluation":{"cosine_loss":0.11001811983193976,"cross_entropy_loss":0.7530757825112395,"decoded_embeddings":{"us-code-24-55-bc3db5378c8c9cec":[0.035064076015309045,0.12503847720334602,0.12734901072250987,0.30387110858497757,0.2261776032516719,0.20354240577071164,0.5523615303378253,-0.5458542089364545]},"embedding_cosine_similarity":0.8899818801680602,"frame_ranking_loss":0.0,"legal_ir_losses":{"legal_ir_multiview_acceptance_loss":0.6666666666666667,"legal_ir_multiview_cosine_loss":0.8622245092468684,"legal_ir_multiview_cross_entropy_loss":0.2510252608370798,"legal_ir_multiview_frame_logic_missing_loss":0.0,"legal_ir_multiview_graph_failure_penalty":0.0,"legal_ir_multiview_proof_failure_ratio":0.6666666666666666,"legal_ir_multiview_reconstruction_loss":0.40682329430241665,"legal_ir_multiview_text_reconstruction_loss":0.3333333333333333,"legal_ir_multiview_total_loss":4.177241731053031,"legal_ir_multiview_view_coverage_loss":0.0,"legal_ir_view_cross_entropy_loss":2.3978952727983702},"legal_ir_predicted_view_distribution":{"CEC.native":0.09090909090909091,"deontic.decoder":0.09090909090909091,"deontic.exports":0.09090909090909091,"deontic.formula_builder":0.09090909090909091,"deontic.graph":0.09090909090909091,"deontic.ir":0.09090909090909091,"deontic.metrics":0.09090909090909091,"deontic.prover_syntax":0.09090909090909091,"knowledge_graphs.neo4j_compat":0.09090909090909091,"modal.compiler":0.09090909090909091,"modal.frame_logic":0.09090909090909091},"legal_ir_target_count":1,"legal_ir_target_hashes":{"us-code-24-55-bc3db5378c8c9cec":"7cb05ba886cd013a82dd0bf97d35318ad6122a79e49543f7c1e2e34e9802b0d5"},"legal_ir_view_distribution":{"CEC.native":0.18181818181818182,"deontic.decoder":0.045454545454545456,"deontic.exports":0.13636363636363635,"deontic.formula_builder":0.045454545454545456,"deontic.graph":0.045454545454545456,"deontic.ir":0.09090909090909091,"deontic.metrics":0.13636363636363635,"deontic.prover_syntax":0.09090909090909091,"knowledge_graphs.neo4j_compat":0.13636363636363635,"modal.compiler":0.045454545454545456,"modal.frame_logic":0.045454545454545456},"reconstruction_loss":0.06247308219389307,"sample_count":1,"symbolic_validity_penalty":0.0},"steps":[{"after":{"cosine_loss":0.11001811983193976,"cross_entropy_loss":0.7530757825112395,"decoded_embeddings":{"us-code-24-55-bc3db5378c8c9cec":[0.035064076015309045,0.12503847720334602,0.12734901072250987,0.30387110858497757,0.2261776032516719,0.20354240577071164,0.5523615303378253,-0.5458542089364545]},"embedding_cosine_similarity":0.8899818801680602,"frame_ranking_loss":0.0,"legal_ir_losses":{"legal_ir_multiview_acceptance_loss":0.6666666666666667,"legal_ir_multiview_cosine_loss":0.8622245092468684,"legal_ir_multiview_cross_entropy_loss":0.2510252608370798,"legal_ir_multiview_frame_logic_missing_loss":0.0,"legal_ir_multiview_graph_failure_penalty":0.0,"legal_ir_multiview_proof_failure_ratio":0.6666666666666666,"legal_ir_multiview_reconstruction_loss":0.40682329430241665,"legal_ir_multiview_text_reconstruction_loss":0.3333333333333333,"legal_ir_multiview_total_loss":4.177241731053031,"legal_ir_multiview_view_coverage_loss":0.0,"legal_ir_view_cross_entropy_loss":2.3978952727983702},"legal_ir_predicted_view_distribution":{"CEC.native":0.09090909090909091,"deontic.decoder":0.09090909090909091,"deontic.exports":0.09090909090909091,"deontic.formula_builder":0.09090909090909091,"deontic.graph":0.09090909090909091,"deontic.ir":0.09090909090909091,"deontic.metrics":0.09090909090909091,"deontic.prover_syntax":0.09090909090909091,"knowledge_graphs.neo4j_compat":0.09090909090909091,"modal.compiler":0.09090909090909091,"modal.frame_logic":0.09090909090909091},"legal_ir_target_count":1,"legal_ir_target_hashes":{"us-code-24-55-bc3db5378c8c9cec":"7cb05ba886cd013a82dd0bf97d35318ad6122a79e49543f7c1e2e34e9802b0d5"},"legal_ir_view_distribution":{"CEC.native":0.18181818181818182,"deontic.decoder":0.045454545454545456,"deontic.exports":0.13636363636363635,"deontic.formula_builder":0.045454545454545456,"deontic.graph":0.045454545454545456,"deontic.ir":0.09090909090909091,"deontic.metrics":0.13636363636363635,"deontic.prover_syntax":0.09090909090909091,"knowledge_graphs.neo4j_compat":0.13636363636363635,"modal.compiler":0.045454545454545456,"modal.frame_logic":0.045454545454545456},"reconstruction_loss":0.06247308219389307,"sample_count":1,"symbolic_validity_penalty":0.0},"applied_count":2,"applied_updates":[{"action":"improve_encoder_decoder_reconstruction","changed":["decoded_embedding"],"sample_ids":["us-code-24-55-bc3db5378c8c9cec"],"todo_id":"2960d2bb81e20b10"},{"action":"improve_encoder_decoder_reconstruction","changed":["decoded_embedding"],"sample_ids":["us-code-24-55-bc3db5378c8c9cec"],"todo_id":"0224d296ae772a62"}],"autoencoder_claimed_count":4,"before":{"cosine_loss":0.9771488749112789,"cross_entropy_loss":0.7530757825112395,"decoded_embeddings":{"us-code-24-55-bc3db5378c8c9cec":[0.31369938701848293,0.2737484549191621,0.16851486561540796,0.8156114345206568,-0.19172654259959307,-0.08054466681488369,0.14175907180550373,-0.1631175655300699]},"embedding_cosine_similarity":0.02285112508872108,"frame_ranking_loss":0.0,"legal_ir_losses":{"legal_ir_multiview_acceptance_loss":0.6666666666666667,"legal_ir_multiview_cosine_loss":0.8622245092468684,"legal_ir_multiview_cross_entropy_loss":0.2510252608370798,"legal_ir_multiview_frame_logic_missing_loss":0.0,"legal_ir_multiview_graph_failure_penalty":0.0,"legal_ir_multiview_proof_failure_ratio":0.6666666666666666,"legal_ir_multiview_reconstruction_loss":0.40682329430241665,"legal_ir_multiview_text_reconstruction_loss":0.3333333333333333,"legal_ir_multiview_total_loss":4.177241731053031,"legal_ir_multiview_view_coverage_loss":0.0,"legal_ir_view_cross_entropy_loss":2.3978952727983702},"legal_ir_predicted_view_distribution":{"CEC.native":0.09090909090909091,"deontic.decoder":0.09090909090909091,"deontic.exports":0.09090909090909091,"deontic.formula_builder":0.09090909090909091,"deontic.graph":0.09090909090909091,"deontic.ir":0.09090909090909091,"deontic.metrics":0.09090909090909091,"deontic.prover_syntax":0.09090909090909091,"knowledge_graphs.neo4j_compat":0.09090909090909091,"modal.compiler":0.09090909090909091,"modal.frame_logic":0.09090909090909091},"legal_ir_target_count":1,"legal_ir_target_hashes":{"us-code-24-55-bc3db5378c8c9cec":"7cb05ba886cd013a82dd0bf97d35318ad6122a79e49543f7c1e2e34e9802b0d5"},"legal_ir_view_distribution":{"CEC.native":0.18181818181818182,"deontic.decoder":0.045454545454545456,"deontic.exports":0.13636363636363635,"deontic.formula_builder":0.045454545454545456,"deontic.graph":0.045454545454545456,"deontic.ir":0.09090909090909091,"deontic.metrics":0.13636363636363635,"deontic.prover_syntax":0.09090909090909091,"knowledge_graphs.neo4j_compat":0.13636363636363635,"modal.compiler":0.045454545454545456,"modal.frame_logic":0.045454545454545456},"reconstruction_loss":0.3499770018914915,"sample_count":1,"symbolic_validity_penalty":0.0},"bridge_loss_failure_count":0,"bridge_loss_sample_count":1,"bridge_loss_signal_count":12,"claimed_count":4,"claimed_open_count":2,"completed_count":2,"completed_todo_ids":["2960d2bb81e20b10","0224d296ae772a62"],"cosine_similarity_delta":0.8671307550793391,"created_at":"2026-05-19T23:25:59+00:00","cross_entropy_delta":0.0,"failed_validation_count":2,"failed_validation_todo_ids":["17514bbfbcf3aa94","77e34f07ec402eac"],"improved":true,"iteration":1,"loss_seeded_count":4,"pending_count":5,"program_synthesis_deduped_count":0,"program_synthesis_pending_count":5,"program_synthesis_seeded_count":0,"seeded_count":4,"validation_after":{"cosine_loss":0.9988158137041262,"cross_entropy_loss":1.845079145534338,"decoded_embeddings":{"us-code-7-99-bec2618457df1afa":[0.06753831620161363,0.6352256317981952,-0.07416777193471377,0.15561829311473782,-0.007262727825851856,-0.4431780774324017,-0.10667229588405201,0.3872433994517534]},"embedding_cosine_similarity":0.001184186295873754,"frame_ranking_loss":0.0,