{"final_evaluation":{"cosine_loss":1.0119361658567008,"cross_entropy_loss":1.3637116507014637,"decoded_embeddings":{"us-code-10-8781-57026e9859025c97":[-0.24340599257922543,-0.28617958891092904,0.23093302906318938,-0.03363925211992432,0.17965005721853325,0.1326402994367998,-0.4841386275354687,-0.45205747342418395],"us-code-12-356-c56d55ccd042a280":[-0.4235394970688903,0.5494639893657071,0.4033209711298525,-0.42205138067404374,0.28558649763304866,0.24954915828098317,0.014216060575152477,0.33286233513364993],"us-code-18-119-3c8e7e7e47fc634f":[-0.4172793969413871,0.13449302058130402,-0.12283428704428864,-0.6545351456712443,0.7692342251447888,-0.0480034336519373,-0.22639176856025317,0.43164717964503596],"us-code-46-8703.-116654095efa1a7e":[0.018884778896882656,-0.003372455048584686,-0.19815265269385854,-0.8832188420257859,0.5821290123908468,-0.11716269250171966,-0.27230729557040767,-0.18668945535170303]},"embedding_cosine_similarity":-0.011936165856700681,"frame_ranking_loss":0.0,"legal_ir_losses":{"legal_ir_multiview_acceptance_loss":0.0,"legal_ir_multiview_cosine_loss":0.45106097156919417,"legal_ir_multiview_cross_entropy_loss":0.9917371811978709,"legal_ir_multiview_frame_logic_missing_loss":0.0,"legal_ir_multiview_graph_failure_penalty":0.0,"legal_ir_multiview_proof_failure_ratio":0.0,"legal_ir_multiview_reconstruction_loss":0.2374694830379531,"legal_ir_multiview_text_reconstruction_loss":0.0,"legal_ir_multiview_total_loss":2.137068194138352,"legal_ir_multiview_view_coverage_loss":0.0,"legal_ir_view_cross_entropy_loss":0.4705740044588381},"legal_ir_predicted_view_distribution":{"deontic.ir":0.7329632558599272,"knowledge_graphs.neo4j_compat":0.2670367441400729},"legal_ir_target_count":4,"legal_ir_target_hashes":{"us-code-10-8781-57026e9859025c97":"20e1fb60e7bf52e0f87625a20cc2120d354e0cb2aeda35193acc1d7c07b626c8","us-code-12-356-c56d55ccd042a280":"38030ac7d3f8ff3c980efa76cfa91599a1d8698cb4dc6b263548f69f806325e5","us-code-18-119-3c8e7e7e47fc634f":"e6457e9ceb008c5c276233428f190980cd0704f601a71b1440ee09b581928149","us-code-46-8703.-116654095efa1a7e":"d9eebf8b483c1445227c3b6bfc6e336f2238bc05349a5cf8a1153acce3b39172"},"legal_ir_view_distribution":{"deontic.ir":0.8416810141509907,"knowledge_graphs.neo4j_compat":0.15831898584900927},"reconstruction_loss":0.5464783938063863,"sample_count":4,"symbolic_validity_penalty":0.0},"steps":[{"after":{"cosine_loss":1.0119361658567008,"cross_entropy_loss":1.3637116507014637,"decoded_embeddings":{"us-code-10-8781-57026e9859025c97":[-0.24340599257922543,-0.28617958891092904,0.23093302906318938,-0.03363925211992432,0.17965005721853325,0.1326402994367998,-0.4841386275354687,-0.45205747342418395],"us-code-12-356-c56d55ccd042a280":[-0.4235394970688903,0.5494639893657071,0.4033209711298525,-0.42205138067404374,0.28558649763304866,0.24954915828098317,0.014216060575152477,0.33286233513364993],"us-code-18-119-3c8e7e7e47fc634f":[-0.4172793969413871,0.13449302058130402,-0.12283428704428864,-0.6545351456712443,0.7692342251447888,-0.0480034336519373,-0.22639176856025317,0.43164717964503596],"us-code-46-8703.-116654095efa1a7e":[0.018884778896882656,-0.003372455048584686,-0.19815265269385854,-0.8832188420257859,0.5821290123908468,-0.11716269250171966,-0.27230729557040767,-0.18668945535170303]},"embedding_cosine_similarity":-0.011936165856700681,"frame_ranking_loss":0.0,"legal_ir_losses":{"legal_ir_multiview_acceptance_loss":0.0,"legal_ir_multiview_cosine_loss":0.45106097156919417,"legal_ir_multiview_cross_entropy_loss":0.9917371811978709,"legal_ir_multiview_frame_logic_missing_loss":0.0,"legal_ir_multiview_graph_failure_penalty":0.0,"legal_ir_multiview_proof_failure_ratio":0.0,"legal_ir_multiview_reconstruction_loss":0.2374694830379531,"legal_ir_multiview_text_reconstruction_loss":0.0,"legal_ir_multiview_total_loss":2.137068194138352,"legal_ir_multiview_view_coverage_loss":0.0,"legal_ir_view_cross_entropy_loss":0.4705740044588381},"legal_ir_predicted_view_distribution":{"deontic.ir":0.7329632558599272,"knowledge_graphs.neo4j_compat":0.2670367441400729},"legal_ir_target_count":4,"legal_ir_target_hashes":{"us-code-10-8781-57026e9859025c97":"20e1fb60e7bf52e0f87625a20cc2120d354e0cb2aeda35193acc1d7c07b626c8","us-code-12-356-c56d55ccd042a280":"38030ac7d3f8ff3c980efa76cfa91599a1d8698cb4dc6b263548f69f806325e5","us-code-18-119-3c8e7e7e47fc634f":"e6457e9ceb008c5c276233428f190980cd0704f601a71b1440ee09b581928149","us-code-46-8703.-116654095efa1a7e":"d9eebf8b483c1445227c3b6bfc6e336f2238bc05349a5cf8a1153acce3b39172"},"legal_ir_view_distribution":{"deontic.ir":0.8416810141509907,"knowledge_graphs.neo4j_compat":0.15831898584900927},"reconstruction_loss":0.5464783938063863,"sample_count":4,"symbolic_validity_penalty":0.0},"applied_count":0,"applied_updates":[],"autoencoder_claimed_count":0,"before":{"cosine_loss":1.0119361658567008,"cross_entropy_loss":1.3637116507014637,"decoded_embeddings":{"us-code-10-8781-57026e9859025c97":[-0.24340599257922543,-0.28617958891092904,0.23093302906318938,-0.03363925211992432,0.17965005721853325,0.1326402994367998,-0.4841386275354687,-0.45205747342418395],"us-code-12-356-c56d55ccd042a280":[-0.4235394970688903,0.5494639893657071,0.4033209711298525,-0.42205138067404374,0.28558649763304866,0.24954915828098317,0.014216060575152477,0.33286233513364993],"us-code-18-119-3c8e7e7e47fc634f":[-0.4172793969413871,0.13449302058130402,-0.12283428704428864,-0.6545351456712443,0.7692342251447888,-0.0480034336519373,-0.22639176856025317,0.43164717964503596],"us-code-46-8703.-116654095efa1a7e":[0.018884778896882656,-0.003372455048584686,-0.19815265269385854,-0.8832188420257859,0.5821290123908468,-0.11716269250171966,-0.27230729557040767,-0.18668945535170303]},"embedding_cosine_similarity":-0.011936165856700681,"frame_ranking_loss":0.0,"legal_ir_losses":{"legal_ir_multiview_acceptance_loss":0.0,"legal_ir_multiview_cosine_loss":0.45106097156919417,"legal_ir_multiview_cross_entropy_loss":0.9917371811978709,"legal_ir_multiview_frame_logic_missing_loss":0.0,"legal_ir_multiview_graph_failure_penalty":0.0,"legal_ir_multiview_proof_failure_ratio":0.0,"legal_ir_multiview_reconstruction_loss":0.2374694830379531,"legal_ir_multiview_text_reconstruction_loss":0.0,"legal_ir_multiview_total_loss":2.137068194138352,"legal_ir_multiview_view_coverage_loss":0.0,"legal_ir_view_cross_entropy_loss":0.4705740044588381},"legal_ir_predicted_view_distribution":{"deontic.ir":0.7329632558599272,"knowledge_graphs.neo4j_compat":0.2670367441400729},"legal_ir_target_count":4,"legal_ir_target_hashes":{"us-code-10-8781-57026e9859025c97":"20e1fb60e7bf52e0f87625a20cc2120d354e0cb2aeda35193acc1d7c07b626c8","us-code-12-356-c56d55ccd042a280":"38030ac7d3f8ff3c980efa76cfa91599a1d8698cb4dc6b263548f69f806325e5","us-code-18-119-3c8e7e7e47fc634f":"e6457e9ceb008c5c276233428f190980cd0704f601a71b1440ee09b581928149","us-code-46-8703.-116654095efa1a7e":"d9eebf8b483c1445227c3b6bfc6e336f2238bc05349a5cf8a1153acce3b39172"},"legal_ir_view_distribution":{"deontic.ir":0.8416810141509907,"knowledge_graphs.neo4j_compat":0.15831898584900927},"reconstruction_loss":0.5464783938063863,"sample_count":4,"symbolic_validity_penalty":0.0},"bridge_loss_failure_count":0,"bridge_loss_sample_count":4,"bridge_loss_signal_count":28,"claimed_count":0,"claimed_open_count":0,"completed_count":0,"completed_todo_ids":[],"cosine_similarity_delta":0.0,"created_at":"2026-05-26T10:12:23+00:00","cross_entropy_delta":0.0,"failed_validation_count":0,"failed_validation_todo_ids":[],"improved":false,"iteration":1,"loss_seeded_count":0,"pending_count":35,"program_synthesis_deduped_count":3,"program_synthesis_pending_count":35,"program_synthesis_seeded_count":3,"seeded_count":3,"validation_after":{"cosine_loss":0.7844801522662903,"cross_entropy_loss":1.2159863767439079,"decoded_embeddings":{"us-code-10-1263-9002a1b7a3ba3b42":[-0.2795833882102271,-0.4662141365063832,-0.42125599647135337,0.20871860537025616,0.1471475626729263,0.021489279605600445,0.19892232177462071,0.5745301427124396],