{"final_evaluation":{"cosine_loss":1.1547681305098305,"cross_entropy_loss":1.2181066653659403,"decoded_embeddings":{"us-code-16-352-44348597785fbe5e":[-0.6232062021171528,-0.2207510203084488,-0.2079860330217299,-0.00399778105116514,0.4706634286235826,-0.0713855894335613,-0.4097521041588798,-0.10991198950768472]},"embedding_cosine_similarity":-0.15476813050983057,"frame_ranking_loss":0.0,"legal_ir_losses":{},"legal_ir_predicted_view_distribution":{},"legal_ir_target_count":0,"legal_ir_target_hashes":{},"legal_ir_view_distribution":{},"reconstruction_loss":0.46835132223592413,"sample_count":1,"symbolic_validity_penalty":0.0},"steps":[{"after":{"cosine_loss":1.1547681305098305,"cross_entropy_loss":1.2181066653659403,"decoded_embeddings":{"us-code-16-352-44348597785fbe5e":[-0.6232062021171528,-0.2207510203084488,-0.2079860330217299,-0.00399778105116514,0.4706634286235826,-0.0713855894335613,-0.4097521041588798,-0.10991198950768472]},"embedding_cosine_similarity":-0.15476813050983057,"frame_ranking_loss":0.0,"legal_ir_losses":{},"legal_ir_predicted_view_distribution":{},"legal_ir_target_count":0,"legal_ir_target_hashes":{},"legal_ir_view_distribution":{},"reconstruction_loss":0.46835132223592413,"sample_count":1,"symbolic_validity_penalty":0.0},"applied_count":0,"applied_updates":[],"autoencoder_claimed_count":0,"before":{"cosine_loss":1.1547681305098305,"cross_entropy_loss":1.2181066653659403,"decoded_embeddings":{"us-code-16-352-44348597785fbe5e":[-0.6232062021171528,-0.2207510203084488,-0.2079860330217299,-0.00399778105116514,0.4706634286235826,-0.0713855894335613,-0.4097521041588798,-0.10991198950768472]},"embedding_cosine_similarity":-0.15476813050983057,"frame_ranking_loss":0.0,"legal_ir_losses":{},"legal_ir_predicted_view_distribution":{},"legal_ir_target_count":0,"legal_ir_target_hashes":{},"legal_ir_view_distribution":{},"reconstruction_loss":0.46835132223592413,"sample_count":1,"symbolic_validity_penalty":0.0},"bridge_loss_failure_count":0,"bridge_loss_sample_count":0,"bridge_loss_signal_count":0,"claimed_count":0,"claimed_open_count":0,"completed_count":0,"completed_todo_ids":[],"cosine_similarity_delta":0.0,"created_at":"2026-05-26T19:12:09+00:00","cross_entropy_delta":0.0,"failed_validation_count":0,"failed_validation_todo_ids":[],"improved":false,"iteration":1,"loss_seeded_count":0,"pending_count":0,"program_synthesis_deduped_count":0,"program_synthesis_pending_count":0,"program_synthesis_seeded_count":0,"seeded_count":0,"validation_after":{"cosine_loss":0.9118985451415914,"cross_entropy_loss":0.8840499288690233,"decoded_embeddings":{"us-code-1-2-2200d8fac3e97a59":[-0.23861442842769612,0.5941428611450303,0.5057160517699918,-0.001257122399392947,-0.0009611126594799284,-0.048826700128686826,0.026801065363642403,-0.009180861941497552]},"embedding_cosine_similarity":0.08810145485840862,"frame_ranking_loss":0.0,"legal_ir_losses":{},"legal_ir_predicted_view_distribution":{},"legal_ir_target_count":0,"legal_ir_target_hashes":{},"legal_ir_view_distribution":{},"reconstruction_loss":0.35653638865103965,"sample_count":1,"symbolic_validity_penalty":0.0},"validation_before":{"cosine_loss":0.9118985451415914,"cross_entropy_loss":0.8840499288690233,"decoded_embeddings":{"us-code-1-2-2200d8fac3e97a59":[-0.23861442842769612,0.5941428611450303,0.5057160517699918,-0.001257122399392947,-0.0009611126594799284,-0.048826700128686826,0.026801065363642403,-0.009180861941497552]},"embedding_cosine_similarity":0.08810145485840862,"frame_ranking_loss":0.0,"legal_ir_losses":{},"legal_ir_predicted_view_distribution":{},"legal_ir_target_count":0,"legal_ir_target_hashes":{},"legal_ir_view_distribution":{},"reconstruction_loss":0.35653638865103965,"sample_count":1,"symbolic_validity_penalty":0.0},"validation_cosine_similarity_delta":0.0,"validation_cross_entropy_delta":0.0,"worker_id":"random-uscode-daemon-detached"}],"stopped_reason":"no_claimed_todos","validation_final_evaluation":{"cosine_loss":0.9118985451415914,"cross_entropy_loss":0.8840499288690233,"decoded_embeddings":{"us-code-1-2-2200d8fac3e97a59":[-0.23861442842769612,0.5941428611450303,0.5057160517699918,-0.001257122399392947,-0.0009611126594799284,-0.048826700128686826,0.026801065363642403,-0.009180861941497552]},"embedding_cosine_similarity":0.08810145485840862,"frame_ranking_loss":0.0,"legal_ir_losses":{},"legal_ir_predicted_view_distribution":{},"legal_ir_target_count":0,"legal_ir_target_hashes":{},"legal_ir_view_distribution":{},"reconstruction_loss":0.35653638865103965,"sample_count":1,"symbolic_validity_penalty":0.0}}
