{"final_evaluation":{"cosine_loss":0.9849484478205672,"cross_entropy_loss":1.7284542402526364,"decoded_embeddings":{"us-code-43-129.-7961fa54dfb9ce74":[-0.06878899079586992,-0.046752180896164924,0.0010784267545395493,0.006487599416499623,0.1665948837748897,-0.4210213633536908,0.26485836221885684,-0.020570688926755898]},"embedding_cosine_similarity":0.015051552179432803,"frame_ranking_loss":0.0,"legal_ir_losses":{},"legal_ir_predicted_view_distribution":{},"legal_ir_target_count":0,"legal_ir_target_hashes":{},"legal_ir_view_distribution":{},"reconstruction_loss":0.3065109256383246,"sample_count":1,"symbolic_validity_penalty":0.0},"steps":[{"after":{"cosine_loss":0.9849484478205672,"cross_entropy_loss":1.7284542402526364,"decoded_embeddings":{"us-code-43-129.-7961fa54dfb9ce74":[-0.06878899079586992,-0.046752180896164924,0.0010784267545395493,0.006487599416499623,0.1665948837748897,-0.4210213633536908,0.26485836221885684,-0.020570688926755898]},"embedding_cosine_similarity":0.015051552179432803,"frame_ranking_loss":0.0,"legal_ir_losses":{},"legal_ir_predicted_view_distribution":{},"legal_ir_target_count":0,"legal_ir_target_hashes":{},"legal_ir_view_distribution":{},"reconstruction_loss":0.3065109256383246,"sample_count":1,"symbolic_validity_penalty":0.0},"applied_count":1,"applied_updates":[{"action":"improve_encoder_decoder_reconstruction","changed":["decoded_embedding"],"sample_ids":["us-code-42-1490-14f3e402b89fbe99","us-code-43-129.-7961fa54dfb9ce74"],"todo_id":"8b9fd0509aec5a02"}],"autoencoder_claimed_count":1,"before":{"cosine_loss":1.607670010214696,"cross_entropy_loss":1.7284542402526364,"decoded_embeddings":{"us-code-43-129.-7961fa54dfb9ce74":[-0.3607107649942638,-0.14659714013356243,-0.0957053517298062,0.2769009436340273,0.1401387274651246,-0.7025195046579039,0.10867100308174554,-0.3186091790649388]},"embedding_cosine_similarity":-0.607670010214696,"frame_ranking_loss":0.0,"legal_ir_losses":{},"legal_ir_predicted_view_distribution":{},"legal_ir_target_count":0,"legal_ir_target_hashes":{},"legal_ir_view_distribution":{},"reconstruction_loss":0.59126335964183,"sample_count":1,"symbolic_validity_penalty":0.0},"bridge_loss_failure_count":0,"bridge_loss_sample_count":0,"bridge_loss_signal_count":0,"claimed_count":1,"claimed_open_count":0,"completed_count":1,"completed_todo_ids":["8b9fd0509aec5a02"],"cosine_similarity_delta":0.6227215623941288,"created_at":"2026-06-08T07:52:08+00:00","cross_entropy_delta":0.0,"failed_validation_count":0,"failed_validation_todo_ids":[],"improved":true,"iteration":1,"loss_seeded_count":0,"pending_count":8,"program_synthesis_deduped_count":3,"program_synthesis_pending_count":8,"program_synthesis_seeded_count":0,"seeded_count":0,"validation_after":{"cosine_loss":1.1962979314050746,"cross_entropy_loss":1.6798495058167793,"decoded_embeddings":{"us-code-42-1755b.-7447ffd6222ef996":[-0.044566948490054395,-0.05959160493459488,-0.17120145455795038,0.48033431433430646,0.2165624296523277,-0.6357055037172479,-0.016620382206785318,-0.25664190588643865]},"embedding_cosine_similarity":-0.19629793140507465,"frame_ranking_loss":0.0,"legal_ir_losses":{},"legal_ir_predicted_view_distribution":{},"legal_ir_target_count":0,"legal_ir_target_hashes":{},"legal_ir_view_distribution":{},"reconstruction_loss":0.5179108501604253,"sample_count":1,"symbolic_validity_penalty":0.0},"validation_before":{"cosine_loss":1.207677131391675,"cross_entropy_loss":1.6798495058167793,"decoded_embeddings":{"us-code-42-1755b.-7447ffd6222ef996":[-0.0779714681999337,-0.07110165162026155,-0.18218916329319537,0.5110686096611846,0.21416624957209857,-0.6692126102539099,-0.033391150588073924,-0.2905649972745399]},"embedding_cosine_similarity":-0.20767713139167499,"frame_ranking_loss":0.0,"legal_ir_losses":{},"legal_ir_predicted_view_distribution":{},"legal_ir_target_count":0,"legal_ir_target_hashes":{},"legal_ir_view_distribution":{},"reconstruction_loss":0.539704352008194,"sample_count":1,"symbolic_validity_penalty":0.0},"validation_cosine_similarity_delta":0.011379199986600336,"validation_cross_entropy_delta":0.0,"worker_id":"random-uscode-daemon-detached"}],"stopped_reason":"max_iterations","validation_final_evaluation":{"cosine_loss":1.1962979314050746,"cross_entropy_loss":1.6798495058167793,"decoded_embeddings":{"us-code-42-1755b.-7447ffd6222ef996":[-0.044566948490054395,-0.05959160493459488,-0.17120145455795038,0.48033431433430646,0.2165624296523277,-0.6357055037172479,-0.016620382206785318,-0.25664190588643865]},"embedding_cosine_similarity":-0.19629793140507465,"frame_ranking_loss":0.0,"legal_ir_losses":{},"legal_ir_predicted_view_distribution":{},"legal_ir_target_count":0,"legal_ir_target_hashes":{},"legal_ir_view_distribution":{},"reconstruction_loss":0.5179108501604253,"sample_count":1,"symbolic_validity_penalty":0.0}}
