{"final_evaluation":{"cosine_loss":0.8758162599522303,"cross_entropy_loss":1.2651375310756297,"decoded_embeddings":{"us-code-16-460hhh-8-6f6647ddd3129f3f":[-0.06673740387961641,-0.2821774630735015,-0.15759767958888152,-0.2141390146563775,0.26001660352014216,-0.12496304817982323,0.3976305979085695,0.25893242987681675],"us-code-34-10662-afe6855eef13e4df":[-0.15774429911086302,-0.03201974420933462,-0.09385662518422394,0.03509512390920183,0.047675778681590675,-0.19562665342523305,-0.13074511930032434,-0.5659296031345281],"us-code-42-14222.-bc2c4a2cf16db707":[-0.17777265570796452,-0.2307860833123503,-0.3566097387461391,-0.16499323249574788,0.15350501934640742,-0.23038711642717896,0.11145964324593349,-0.28980921838900775]},"embedding_cosine_similarity":0.12418374004776961,"frame_ranking_loss":0.0,"legal_ir_losses":{"legal_ir_multiview_acceptance_loss":0.06666666666666665,"legal_ir_multiview_cosine_loss":0.25101602665613937,"legal_ir_multiview_cross_entropy_loss":0.253027506215126,"legal_ir_multiview_frame_logic_missing_loss":0.0,"legal_ir_multiview_graph_failure_penalty":0.0,"legal_ir_multiview_proof_failure_ratio":0.06666666666666667,"legal_ir_multiview_reconstruction_loss":0.14418073759366665,"legal_ir_multiview_text_reconstruction_loss":0.06666666666666667,"legal_ir_multiview_total_loss":1.094069310464932,"legal_ir_multiview_view_coverage_loss":0.0,"legal_ir_view_cross_entropy_loss":2.5649493574615367},"legal_ir_predicted_view_distribution":{"CEC.native":0.07692307692307693,"TDFOL.prover":0.07692307692307693,"deontic.decoder":0.07692307692307693,"deontic.exports":0.07692307692307693,"deontic.formula_builder":0.07692307692307693,"deontic.graph":0.07692307692307693,"deontic.ir":0.07692307692307693,"deontic.metrics":0.07692307692307693,"deontic.prover_syntax":0.07692307692307693,"external_provers.router":0.07692307692307693,"knowledge_graphs.neo4j_compat":0.07692307692307693,"modal.compiler":0.07692307692307693,"modal.frame_logic":0.07692307692307693},"legal_ir_target_count":3,"legal_ir_target_hashes":{"us-code-16-460hhh-8-6f6647ddd3129f3f":"779d5e07370284b82ebfd4adef5e2059a505d5ad37e6b4a402d19d9ec8106356","us-code-34-10662-afe6855eef13e4df":"01f58e34123b92d38ff625b665fe82808f8ddb3ba285218319ffaf17958f452b","us-code-42-14222.-bc2c4a2cf16db707":"08c2f357fc7ac3c37949e03ce7c458c6945a4786160d6140deaa8808417e1081"},"legal_ir_view_distribution":{"CEC.native":0.13793103448275862,"TDFOL.prover":0.10344827586206896,"deontic.decoder":0.034482758620689655,"deontic.exports":0.10344827586206896,"deontic.formula_builder":0.034482758620689655,"deontic.graph":0.034482758620689655,"deontic.ir":0.06896551724137931,"deontic.metrics":0.10344827586206896,"deontic.prover_syntax":0.06896551724137931,"external_provers.router":0.06896551724137931,"knowledge_graphs.neo4j_compat":0.1724137931034483,"modal.compiler":0.034482758620689655,"modal.frame_logic":0.034482758620689655},"reconstruction_loss":0.30431101382442255,"sample_count":3,"symbolic_validity_penalty":0.0},"steps":[{"after":{"cosine_loss":0.8758162599522303,"cross_entropy_loss":1.2651375310756297,"decoded_embeddings":{"us-code-16-460hhh-8-6f6647ddd3129f3f":[-0.06673740387961641,-0.2821774630735015,-0.15759767958888152,-0.2141390146563775,0.26001660352014216,-0.12496304817982323,0.3976305979085695,0.25893242987681675],"us-code-34-10662-afe6855eef13e4df":[-0.15774429911086302,-0.03201974420933462,-0.09385662518422394,0.03509512390920183,0.047675778681590675,-0.19562665342523305,-0.13074511930032434,-0.5659296031345281],"us-code-42-14222.-bc2c4a2cf16db707":[-0.17777265570796452,-0.2307860833123503,-0.3566097387461391,-0.16499323249574788,0.15350501934640742,-0.23038711642717896,0.11145964324593349,-0.28980921838900775]},"embedding_cosine_similarity":0.12418374004776961,"frame_ranking_loss":0.0,"legal_ir_losses":{"legal_ir_multiview_acceptance_loss":0.06666666666666665,"legal_ir_multiview_cosine_loss":0.25101602665613937,"legal_ir_multiview_cross_entropy_loss":0.253027506215126,"legal_ir_multiview_frame_logic_missing_loss":0.0,"legal_ir_multiview_graph_failure_penalty":0.0,"legal_ir_multiview_proof_failure_ratio":0.06666666666666667,"legal_ir_multiview_reconstruction_loss":0.14418073759366665,"legal_ir_multiview_text_reconstruction_loss":0.06666666666666667,"legal_ir_multiview_total_loss":1.094069310464932,"legal_ir_multiview_view_coverage_loss":0.0,"legal_ir_view_cross_entropy_loss":2.5649493574615367},"legal_ir_predicted_view_distribution":{"CEC.native":0.07692307692307693,"TDFOL.prover":0.07692307692307693,"deontic.decoder":0.07692307692307693,"deontic.exports":0.07692307692307693,"deontic.formula_builder":0.07692307692307693,"deontic.graph":0.07692307692307693,"deontic.ir":0.07692307692307693,"deontic.metrics":0.07692307692307693,"deontic.prover_syntax":0.07692307692307693,"external_provers.router":0.07692307692307693,"knowledge_graphs.neo4j_compat":0.07692307692307693,"modal.compiler":0.07692307692307693,"modal.frame_logic":0.07692307692307693},"legal_ir_target_count":3,"legal_ir_target_hashes":{"us-code-16-460hhh-8-6f6647ddd3129f3f":"779d5e07370284b82ebfd4adef5e2059a505d5ad37e6b4a402d19d9ec8106356","us-code-34-10662-afe6855eef13e4df":"01f58e34123b92d38ff625b665fe82808f8ddb3ba285218319ffaf17958f452b","us-code-42-14222.-bc2c4a2cf16db707":"08c2f357fc7ac3c37949e03ce7c458c6945a4786160d6140deaa8808417e1081"},"legal_ir_view_distribution":{"CEC.native":0.13793103448275862,"TDFOL.prover":0.10344827586206896,"deontic.decoder":0.034482758620689655,"deontic.exports":0.10344827586206896,"deontic.formula_builder":0.034482758620689655,"deontic.graph":0.034482758620689655,"deontic.ir":0.06896551724137931,"deontic.metrics":0.10344827586206896,"deontic.prover_syntax":0.06896551724137931,"external_provers.router":0.06896551724137931,"knowledge_graphs.neo4j_compat":0.1724137931034483,"modal.compiler":0.034482758620689655,"modal.frame_logic":0.034482758620689655},"reconstruction_loss":0.30431101382442255,"sample_count":3,"symbolic_validity_penalty":0.0},"applied_count":1,"applied_updates":[{"action":"improve_encoder_decoder_reconstruction","changed":["decoded_embedding"],"sample_ids":["us-code-34-10662-afe6855eef13e4df"],"todo_id":"adb93ee52d28f609"}],"autoencoder_claimed_count":8,"before":{"cosine_loss":1.2144253771022409,"cross_entropy_loss":1.2651375310756297,"decoded_embeddings":{"us-code-16-460hhh-8-6f6647ddd3129f3f":[-0.024284418826550885,-0.36141755389548513,-0.23887972728555815,-0.35719287317499193,0.2807253395430693,-0.21973109944724886,0.5068636816519997,0.3235270915192834],"us-code-34-10662-afe6855eef13e4df":[-0.02138176786286622,-0.2865455295528225,-0.3549413464372676,-0.4244058093704587,0.11419396720244718,-0.5000295437311277,0.2201206626148855,-0.3584461586685048],"us-code-42-14222.-bc2c4a2cf16db707":[-0.12833892443626974,-0.3230559990966534,-0.4512573800846238,-0.33157011726718966,0.17761899131455577,-0.34073832903661666,0.23865444241027023,-0.21459294935095646]},"embedding_cosine_similarity":-0.21442537710224086,"frame_ranking_loss":0.0,"legal_ir_losses":{"legal_ir_multiview_acceptance_loss":0.06666666666666665,"legal_ir_multiview_cosine_loss":0.25101602665613937,"legal_ir_multiview_cross_entropy_loss":0.253027506215126,"legal_ir_multiview_frame_logic_missing_loss":0.0,"legal_ir_multiview_graph_failure_penalty":0.0,"legal_ir_multiview_proof_failure_ratio":0.06666666666666667,"legal_ir_multiview_reconstruction_loss":0.14418073759366665,"legal_ir_multiview_text_reconstruction_loss":0.06666666666666667,"legal_ir_multiview_total_loss":1.094069310464932,"legal_ir_multiview_view_coverage_loss":0.0,"legal_ir_view_cross_entropy_loss":2.5649493574615367},"legal_ir_predicted_view_distribution":{"CEC.native":0.07692307692307693,"TDFOL.prover":0.07692307692307693,"deontic.decoder":0.07692307692307693,"deontic.exports":0.07692307692307693,"deontic.formula_builder":0.07692307692307693,"deontic.graph":0.07692307692307693,"deontic.ir":0.07692307692307693,"deontic.metrics":0.07692307692307693,"deontic.prover_syntax":0.07692307692307693,