{"final_evaluation":{"cosine_loss":0.85970048921102,"cross_entropy_loss":1.582068734680125,"decoded_embeddings":{"us-code-16-460t-368fd4417510a47f":[-0.739861197821646,-0.17047908330402203,-0.5446973688445118,0.1252159271133282,0.15836356730544957,-0.04638943875039408,0.10845248108780456,0.23350677379163695],"us-code-2-5622-427744ecab25f0fe":[0.3035299070330456,-0.4586405551171889,-0.3226146217638507,-0.38381536693875135,-0.07425169511634704,-0.32914466618609467,0.27379234400585445,-0.451508300829587],"us-code-22-4085-d7226d5a530fc7ac":[0.5289480312039266,0.4279427431893304,0.03351483427888216,-0.36160701413145413,0.01432966993404047,-0.3961806809675573,0.56266658125336,0.10315096978481729],"us-code-7-7001-5277adb69963352a":[-0.6453591179391771,0.4101505108801566,0.058074791443540455,-0.32181274677386407,-0.23216737333476317,0.5697496214302141,0.41795809975707493,-0.06250048811957216]},"embedding_cosine_similarity":0.14029951078898,"frame_ranking_loss":0.0,"legal_ir_losses":{"legal_ir_multiview_acceptance_loss":0.0,"legal_ir_multiview_cosine_loss":0.43842372028608756,"legal_ir_multiview_cross_entropy_loss":1.0794469640373803,"legal_ir_multiview_frame_logic_missing_loss":0.0,"legal_ir_multiview_graph_failure_penalty":0.0,"legal_ir_multiview_proof_failure_ratio":0.0,"legal_ir_multiview_reconstruction_loss":0.17407541799589063,"legal_ir_multiview_text_reconstruction_loss":0.0,"legal_ir_multiview_total_loss":2.2850086981526916,"legal_ir_multiview_view_coverage_loss":0.0,"legal_ir_view_cross_entropy_loss":0.4662458951831526},"legal_ir_predicted_view_distribution":{"deontic.ir":0.732532407974254,"knowledge_graphs.neo4j_compat":0.267467592025746},"legal_ir_target_count":4,"legal_ir_target_hashes":{"us-code-16-460t-368fd4417510a47f":"2a76e5864d3c58feee02ccf7343500ffd8ef8a66c614edf548e628a6e8064a41","us-code-2-5622-427744ecab25f0fe":"d7ca4081ecf20cd239728a0aa44d566bfaa0ff47543d0affacabd6aa9a46ebd6","us-code-22-4085-d7226d5a530fc7ac":"2f76b7eec00b3783cd32d3ba172dc9d88610437eeec114e4b3bd8055c50b83b0","us-code-7-7001-5277adb69963352a":"6045d0a317f80dc8b938a954cba2671aeb75fa8736ab70732bbc5bbded4e3202"},"legal_ir_view_distribution":{"deontic.ir":0.8462143021725261,"knowledge_graphs.neo4j_compat":0.15378569782747387},"reconstruction_loss":0.3431027779737398,"sample_count":4,"symbolic_validity_penalty":0.0},"steps":[{"after":{"cosine_loss":0.85970048921102,"cross_entropy_loss":1.582068734680125,"decoded_embeddings":{"us-code-16-460t-368fd4417510a47f":[-0.739861197821646,-0.17047908330402203,-0.5446973688445118,0.1252159271133282,0.15836356730544957,-0.04638943875039408,0.10845248108780456,0.23350677379163695],"us-code-2-5622-427744ecab25f0fe":[0.3035299070330456,-0.4586405551171889,-0.3226146217638507,-0.38381536693875135,-0.07425169511634704,-0.32914466618609467,0.27379234400585445,-0.451508300829587],"us-code-22-4085-d7226d5a530fc7ac":[0.5289480312039266,0.4279427431893304,0.03351483427888216,-0.36160701413145413,0.01432966993404047,-0.3961806809675573,0.56266658125336,0.10315096978481729],"us-code-7-7001-5277adb69963352a":[-0.6453591179391771,0.4101505108801566,0.058074791443540455,-0.32181274677386407,-0.23216737333476317,0.5697496214302141,0.41795809975707493,-0.06250048811957216]},"embedding_cosine_similarity":0.14029951078898,"frame_ranking_loss":0.0,"legal_ir_losses":{"legal_ir_multiview_acceptance_loss":0.0,"legal_ir_multiview_cosine_loss":0.43842372028608756,"legal_ir_multiview_cross_entropy_loss":1.0794469640373803,"legal_ir_multiview_frame_logic_missing_loss":0.0,"legal_ir_multiview_graph_failure_penalty":0.0,"legal_ir_multiview_proof_failure_ratio":0.0,"legal_ir_multiview_reconstruction_loss":0.17407541799589063,"legal_ir_multiview_text_reconstruction_loss":0.0,"legal_ir_multiview_total_loss":2.2850086981526916,"legal_ir_multiview_view_coverage_loss":0.0,"legal_ir_view_cross_entropy_loss":0.4662458951831526},"legal_ir_predicted_view_distribution":{"deontic.ir":0.732532407974254,"knowledge_graphs.neo4j_compat":0.267467592025746},"legal_ir_target_count":4,"legal_ir_target_hashes":{"us-code-16-460t-368fd4417510a47f":"2a76e5864d3c58feee02ccf7343500ffd8ef8a66c614edf548e628a6e8064a41","us-code-2-5622-427744ecab25f0fe":"d7ca4081ecf20cd239728a0aa44d566bfaa0ff47543d0affacabd6aa9a46ebd6","us-code-22-4085-d7226d5a530fc7ac":"2f76b7eec00b3783cd32d3ba172dc9d88610437eeec114e4b3bd8055c50b83b0","us-code-7-7001-5277adb69963352a":"6045d0a317f80dc8b938a954cba2671aeb75fa8736ab70732bbc5bbded4e3202"},"legal_ir_view_distribution":{"deontic.ir":0.8462143021725261,"knowledge_graphs.neo4j_compat":0.15378569782747387},"reconstruction_loss":0.3431027779737398,"sample_count":4,"symbolic_validity_penalty":0.0},"applied_count":0,"applied_updates":[],"autoencoder_claimed_count":0,"before":{"cosine_loss":0.85970048921102,"cross_entropy_loss":1.582068734680125,"decoded_embeddings":{"us-code-16-460t-368fd4417510a47f":[-0.739861197821646,-0.17047908330402203,-0.5446973688445118,0.1252159271133282,0.15836356730544957,-0.04638943875039408,0.10845248108780456,0.23350677379163695],"us-code-2-5622-427744ecab25f0fe":[0.3035299070330456,-0.4586405551171889,-0.3226146217638507,-0.38381536693875135,-0.07425169511634704,-0.32914466618609467,0.27379234400585445,-0.451508300829587],"us-code-22-4085-d7226d5a530fc7ac":[0.5289480312039266,0.4279427431893304,0.03351483427888216,-0.36160701413145413,0.01432966993404047,-0.3961806809675573,0.56266658125336,0.10315096978481729],"us-code-7-7001-5277adb69963352a":[-0.6453591179391771,0.4101505108801566,0.058074791443540455,-0.32181274677386407,-0.23216737333476317,0.5697496214302141,0.41795809975707493,-0.06250048811957216]},"embedding_cosine_similarity":0.14029951078898,"frame_ranking_loss":0.0,"legal_ir_losses":{"legal_ir_multiview_acceptance_loss":0.0,"legal_ir_multiview_cosine_loss":0.43842372028608756,"legal_ir_multiview_cross_entropy_loss":1.0794469640373803,"legal_ir_multiview_frame_logic_missing_loss":0.0,"legal_ir_multiview_graph_failure_penalty":0.0,"legal_ir_multiview_proof_failure_ratio":0.0,"legal_ir_multiview_reconstruction_loss":0.17407541799589063,"legal_ir_multiview_text_reconstruction_loss":0.0,"legal_ir_multiview_total_loss":2.2850086981526916,"legal_ir_multiview_view_coverage_loss":0.0,"legal_ir_view_cross_entropy_loss":0.4662458951831526},"legal_ir_predicted_view_distribution":{"deontic.ir":0.732532407974254,"knowledge_graphs.neo4j_compat":0.267467592025746},"legal_ir_target_count":4,"legal_ir_target_hashes":{"us-code-16-460t-368fd4417510a47f":"2a76e5864d3c58feee02ccf7343500ffd8ef8a66c614edf548e628a6e8064a41","us-code-2-5622-427744ecab25f0fe":"d7ca4081ecf20cd239728a0aa44d566bfaa0ff47543d0affacabd6aa9a46ebd6","us-code-22-4085-d7226d5a530fc7ac":"2f76b7eec00b3783cd32d3ba172dc9d88610437eeec114e4b3bd8055c50b83b0","us-code-7-7001-5277adb69963352a":"6045d0a317f80dc8b938a954cba2671aeb75fa8736ab70732bbc5bbded4e3202"},"legal_ir_view_distribution":{"deontic.ir":0.8462143021725261,"knowledge_graphs.neo4j_compat":0.15378569782747387},"reconstruction_loss":0.3431027779737398,"sample_count":4,"symbolic_validity_penalty":0.0},"bridge_loss_failure_count":0,"bridge_loss_sample_count":4,"bridge_loss_signal_count":37,"claimed_count":0,"claimed_open_count":0,"completed_count":0,"completed_todo_ids":[],"cosine_similarity_delta":0.0,"created_at":"2026-05-26T10:13:33+00:00","cross_entropy_delta":0.0,"failed_validation_count":0,"failed_validation_todo_ids":[],"improved":false,"iteration":1,"loss_seeded_count":0,"pending_count":36,"program_synthesis_deduped_count":3,"program_synthesis_pending_count":36,"program_synthesis_seeded_count":3,"seeded_count":3,"validation_after":{"cosine_loss":0.8804206218284657,"cross_entropy_loss":1.209533253859384,"decoded_embeddings":{"us-code-10-2401-cdb5b0fc08a234d2":[-0.056929995328380924,-0.677008128523239,-0.17064658585400472,-0.32113331979630827,-0.06939718100096506,0.33906327049927376,0.11713200763329708,-0.27902597064526263],