{"final_evaluation":{"cosine_loss":0.6086096067600715,"cross_entropy_entropy_loss":0.9710354756227644,"cross_entropy_excess_loss":1.2341116974126383,"cross_entropy_loss":2.2051471730354026,"decoded_embeddings":{"us-code-14-1134-add90cd1c9667cf9":[-0.06919868926119781,0.1779544018749952,0.055004550871905894,-0.25361104150821046,0.45495947278479865,-0.2708826451660701,0.011379542319738228,-0.4353956533693925],"us-code-6-184-5799e88a9659c4d9":[-0.25031343761001457,-0.22139490741065088,0.5483989738082602,0.15966503289882872,-0.06704671616965385,0.24153834493949597,-0.3172334184056203,0.08136654021419495]},"embedding_cosine_similarity":0.39139039323992847,"frame_ranking_loss":0.0,"legal_ir_losses":{"legal_ir_multiview_acceptance_loss":0.0,"legal_ir_multiview_cosine_loss":0.21915320958104612,"legal_ir_multiview_cross_entropy_loss":0.7327736442736299,"legal_ir_multiview_frame_logic_missing_loss":0.0,"legal_ir_multiview_graph_failure_penalty":0.0,"legal_ir_multiview_proof_failure_ratio":0.0,"legal_ir_multiview_reconstruction_loss":0.05478829989489582,"legal_ir_multiview_text_reconstruction_loss":0.10012783333333333,"legal_ir_multiview_total_loss":1.675377446162754,"legal_ir_multiview_view_coverage_loss":0.0,"legal_ir_view_cross_entropy_excess_loss":0.0372186481335508,"legal_ir_view_cross_entropy_loss":1.3561711758001316,"legal_ir_view_entropy_loss":1.318952527666581,"legal_ir_view_family_cosine_gap_loss":0.0338999246677954,"legal_ir_view_family_cross_entropy_excess_loss":0.03721864813355058,"legal_ir_view_family_cross_entropy_loss":1.3561711758001316,"legal_ir_view_family_deontic_cosine_gap_loss":0.01985951410471537,"legal_ir_view_family_deontic_cross_entropy_excess_loss":0.02728644295424648,"legal_ir_view_family_deontic_cross_entropy_loss":0.697051402794411,"legal_ir_view_family_entropy_loss":1.318952527666581,"legal_ir_view_family_frame_logic_cosine_gap_loss":7.011002379808673e-05,"legal_ir_view_family_frame_logic_cross_entropy_excess_loss":0.0001438462438839161,"legal_ir_view_family_frame_logic_cross_entropy_loss":0.5668520345231698,"legal_ir_view_family_kg_cosine_gap_loss":0.005327503385516741,"legal_ir_view_family_kg_cross_entropy_excess_loss":0.017490599079708347,"legal_ir_view_family_kg_cross_entropy_loss":0.44326890561122123,"legal_ir_view_family_tdfol_cosine_gap_loss":0.002372824408422791,"legal_ir_view_family_tdfol_cross_entropy_excess_loss":0.0059105824186508615,"legal_ir_view_family_tdfol_cross_entropy_loss":0.5016471326794267},"legal_ir_predicted_view_distribution":{"TDFOL.prover":0.24157313169388067,"deontic.ir":0.2891313631779795,"knowledge_graphs.neo4j_compat":0.22100855940041103,"modal.frame_logic":0.2482869457277288},"legal_ir_target_count":2,"legal_ir_target_hashes":{"us-code-14-1134-add90cd1c9667cf9":"00c99eda58251e1b5180b9ee596dd78cf0076123dd547ed90000fb926631ceb0","us-code-6-184-5799e88a9659c4d9":"c14fe4b422f80cd47818a494593acecde1fb2bda1acf5dbd6cf454a7e5ddddbe"},"legal_ir_view_distribution":{"TDFOL.prover":0.19678481263194275,"deontic.ir":0.39551778662927317,"knowledge_graphs.neo4j_compat":0.15362660605442235,"modal.frame_logic":0.2540707946843617},"reconstruction_loss":0.2321699969515322,"sample_count":2,"symbolic_validity_penalty":0.0},"steps":[{"after":{"cosine_loss":0.6086096067600715,"cross_entropy_entropy_loss":0.9710354756227644,"cross_entropy_excess_loss":1.2341116974126383,"cross_entropy_loss":2.2051471730354026,"decoded_embeddings":{"us-code-14-1134-add90cd1c9667cf9":[-0.06919868926119781,0.1779544018749952,0.055004550871905894,-0.25361104150821046,0.45495947278479865,-0.2708826451660701,0.011379542319738228,-0.4353956533693925],"us-code-6-184-5799e88a9659c4d9":[-0.25031343761001457,-0.22139490741065088,0.5483989738082602,0.15966503289882872,-0.06704671616965385,0.24153834493949597,-0.3172334184056203,0.08136654021419495]},"embedding_cosine_similarity":0.39139039323992847,"frame_ranking_loss":0.0,"legal_ir_losses":{"legal_ir_multiview_acceptance_loss":0.0,"legal_ir_multiview_cosine_loss":0.21915320958104612,"legal_ir_multiview_cross_entropy_loss":0.7327736442736299,"legal_ir_multiview_frame_logic_missing_loss":0.0,"legal_ir_multiview_graph_failure_penalty":0.0,"legal_ir_multiview_proof_failure_ratio":0.0,"legal_ir_multiview_reconstruction_loss":0.05478829989489582,"legal_ir_multiview_text_reconstruction_loss":0.10012783333333333,"legal_ir_multiview_total_loss":1.675377446162754,"legal_ir_multiview_view_coverage_loss":0.0,"legal_ir_view_cross_entropy_excess_loss":0.0372186481335508,"legal_ir_view_cross_entropy_loss":1.3561711758001316,"legal_ir_view_entropy_loss":1.318952527666581,"legal_ir_view_family_cosine_gap_loss":0.0338999246677954,"legal_ir_view_family_cross_entropy_excess_loss":0.03721864813355058,"legal_ir_view_family_cross_entropy_loss":1.3561711758001316,"legal_ir_view_family_deontic_cosine_gap_loss":0.01985951410471537,"legal_ir_view_family_deontic_cross_entropy_excess_loss":0.02728644295424648,"legal_ir_view_family_deontic_cross_entropy_loss":0.697051402794411,"legal_ir_view_family_entropy_loss":1.318952527666581,"legal_ir_view_family_frame_logic_cosine_gap_loss":7.011002379808673e-05,"legal_ir_view_family_frame_logic_cross_entropy_excess_loss":0.0001438462438839161,"legal_ir_view_family_frame_logic_cross_entropy_loss":0.5668520345231698,"legal_ir_view_family_kg_cosine_gap_loss":0.005327503385516741,"legal_ir_view_family_kg_cross_entropy_excess_loss":0.017490599079708347,"legal_ir_view_family_kg_cross_entropy_loss":0.44326890561122123,"legal_ir_view_family_tdfol_cosine_gap_loss":0.002372824408422791,"legal_ir_view_family_tdfol_cross_entropy_excess_loss":0.0059105824186508615,"legal_ir_view_family_tdfol_cross_entropy_loss":0.5016471326794267},"legal_ir_predicted_view_distribution":{"TDFOL.prover":0.24157313169388067,"deontic.ir":0.2891313631779795,"knowledge_graphs.neo4j_compat":0.22100855940041103,"modal.frame_logic":0.2482869457277288},"legal_ir_target_count":2,"legal_ir_target_hashes":{"us-code-14-1134-add90cd1c9667cf9":"00c99eda58251e1b5180b9ee596dd78cf0076123dd547ed90000fb926631ceb0","us-code-6-184-5799e88a9659c4d9":"c14fe4b422f80cd47818a494593acecde1fb2bda1acf5dbd6cf454a7e5ddddbe"},"legal_ir_view_distribution":{"TDFOL.prover":0.19678481263194275,"deontic.ir":0.39551778662927317,"knowledge_graphs.neo4j_compat":0.15362660605442235,"modal.frame_logic":0.2540707946843617},"reconstruction_loss":0.2321699969515322,"sample_count":2,"symbolic_validity_penalty":0.0},"applied_count":2,"applied_updates":[{"action":"improve_encoder_decoder_reconstruction","changed":[],"sample_ids":["us-code-34-10123-921c59a8c17c1d3c"],"todo_id":"1c3e3fcb91557f95"},{"action":"improve_encoder_decoder_reconstruction","changed":["decoded_embedding"],"sample_ids":["us-code-48-1323b.-62dfa8015861b501","us-code-20-76n-2f5487dc53b8e10e","us-code-50-403-a5d9c3f7dec4164c","us-code-16-410jjj-1-74c74c3c251b63a6","us-code-25-1635-faf2769d771b8f47","us-code-14-1134-add90cd1c9667cf9","us-code-6-184-5799e88a9659c4d9"],"todo_id":"72d9da31768d40e7"}],"autoencoder_claimed_count":2,"before":{"cosine_loss":1.0837790349046965,"cross_entropy_entropy_loss":0.9710354756227644,"cross_entropy_excess_loss":1.2341116974126383,"cross_entropy_loss":2.2051471730354026,"decoded_embeddings":{"us-code-14-1134-add90cd1c9667cf9":[-0.10861928634531892,0.004938031685461488,0.2750633123714743,-0.5268665282126217,0.38291816228904935,-0.32567946272869286,-0.10744374874620008,-0.5536115094484306],"us-code-6-184-5799e88a9659c4d9":[-0.356969544931003,-0.6005444816720742,0.5708803941307594,0.047207884623407546,-0.21819091947082073,0.08440373376305152,-0.1770990044212681,0.1601655527778887]},"embedding_cosine_similarity":-0.08377903490469649,"frame_ranking_loss":0.0,"legal_ir_losses":{"legal_ir_multiview_acceptance_loss":0.0,"legal_ir_multiview_cosine_loss":0.21915320958104612,"legal_ir_multiview_cross_entropy_loss":0.7327736442736299,"legal_ir_multiview_frame_logic_missing_loss":0.0,"legal_ir_multiview_graph_failure_penalty":0.0,"legal_ir_multiview_proof_failure_ratio":0.0,