{"final_evaluation":{"cosine_loss":0.9145287170586289,"cross_entropy_loss":1.0596182801808207,"decoded_embeddings":{"us-code-16-1a-9-bdec5dc3b596d5d5":[-0.3105300356137484,0.06415921366733149,0.044937360584778256,-0.27998240565440435,0.17365164489996351,-0.5681575575977761,-0.5415316191884608,0.27398411988217747],"us-code-16-7806-946970cb0ae3d9a1":[-0.29151236682511916,0.7621408618751592,-0.6851939705524099,-0.12282921476981125,0.11592562528937128,-0.4552547438515967,0.0691387254855893,0.13820457094636646],"us-code-2-92b-6c868513102e0f1a":[0.4619003401942613,-0.32744745875289855,-0.46339620848622926,0.232673597891737,0.6141899616272777,-0.10371979084035012,0.2597715245510215,-0.21284857762210793],"us-code-20-76bb-daa94bc9d285c274":[0.3810302781199877,-0.06553966576001459,-0.9551969271690819,-0.19453746943956254,0.06517610273114363,-0.24929887065590825,0.20488780506242205,0.3062812321342121],"us-code-25-128-cce03edf90f30b52":[0.18731437868709358,0.3939177717129547,-0.10586775201026206,0.22449848501808592,0.13908925565501004,-0.5036259777433564,0.14122556357457633,-0.4950115684884382],"us-code-42-16193.-ee59aa45379dec70":[-0.37357979210933434,0.15805164813902042,0.17042470765225062,-0.47065242418808867,0.3080678555725042,0.31935109203020035,-0.5452793362178442,0.6989128042523168],"us-code-42-5714-9c65e675daa4fdce":[0.025944753052489722,-0.5713774532925947,0.08717931995544868,0.07111136091950958,0.5294071874811718,0.37732282094332925,0.25452922297543207,0.13804549476653868],"us-code-46-3713.-9c6f017946bed2a9":[0.33018514714783137,0.7509882223493126,-0.3407556355640632,-0.235183576380376,0.3322201341038052,-0.23187888440698834,0.1480746017379564,0.6426957756425699]},"embedding_cosine_similarity":0.08547128294137102,"frame_ranking_loss":0.0,"legal_ir_losses":{"legal_ir_multiview_acceptance_loss":0.0,"legal_ir_multiview_cosine_loss":0.3350941912548113,"legal_ir_multiview_cross_entropy_loss":0.7017581144861117,"legal_ir_multiview_frame_logic_missing_loss":0.0,"legal_ir_multiview_graph_failure_penalty":0.0,"legal_ir_multiview_proof_failure_ratio":0.0,"legal_ir_multiview_reconstruction_loss":0.08377354651862501,"legal_ir_multiview_text_reconstruction_loss":0.0,"legal_ir_multiview_total_loss":1.5167319066903515,"legal_ir_multiview_view_coverage_loss":0.0,"legal_ir_view_cross_entropy_loss":0.706812520132935},"legal_ir_predicted_view_distribution":{"deontic.ir":0.474343853922519,"knowledge_graphs.neo4j_compat":0.525656146077481},"legal_ir_target_count":8,"legal_ir_target_hashes":{"us-code-16-1a-9-bdec5dc3b596d5d5":"8099e3c47bef491611b3f0f1a81681e63fcbc2fc8ad50c0256b5303045a00072","us-code-16-7806-946970cb0ae3d9a1":"ab082026435fe217a7912f1cd680c298cab135f01b6186aa310f5edc3caf732f","us-code-2-92b-6c868513102e0f1a":"0d95cfafccdc2b25232c3677708ec67b20f4ba4a34712a0b5d085b6c733ec891","us-code-20-76bb-daa94bc9d285c274":"9b02fc459c53aa1956d907bc94fb281f933cd3bcc8604c9b1e7158e00fe62360","us-code-25-128-cce03edf90f30b52":"fe1d3d5639e6822c2584a2f4082211c81b0120cfae6d91c34e0e383faa11411e","us-code-42-16193.-ee59aa45379dec70":"2a8fe515f963f1e029badd4724df9ef6d786bbd6a39df71729ed435998758e91","us-code-42-5714-9c65e675daa4fdce":"fe890241bcbd19d95795d77797272a5613a60c5e706891853950f25ddf8262d1","us-code-46-3713.-9c6f017946bed2a9":"7a7b23f3f958473a7599d81a2630b2ecc8d9a6ae5760bf1777e2069c10b1ba60"},"legal_ir_view_distribution":{"deontic.ir":0.628118303658773,"knowledge_graphs.neo4j_compat":0.37188169634122703},"reconstruction_loss":0.3942427268011531,"sample_count":8,"symbolic_validity_penalty":0.0},"steps":[{"after":{"cosine_loss":0.9145287170586289,"cross_entropy_loss":1.0596182801808207,"decoded_embeddings":{"us-code-16-1a-9-bdec5dc3b596d5d5":[-0.3105300356137484,0.06415921366733149,0.044937360584778256,-0.27998240565440435,0.17365164489996351,-0.5681575575977761,-0.5415316191884608,0.27398411988217747],"us-code-16-7806-946970cb0ae3d9a1":[-0.29151236682511916,0.7621408618751592,-0.6851939705524099,-0.12282921476981125,0.11592562528937128,-0.4552547438515967,0.0691387254855893,0.13820457094636646],"us-code-2-92b-6c868513102e0f1a":[0.4619003401942613,-0.32744745875289855,-0.46339620848622926,0.232673597891737,0.6141899616272777,-0.10371979084035012,0.2597715245510215,-0.21284857762210793],"us-code-20-76bb-daa94bc9d285c274":[0.3810302781199877,-0.06553966576001459,-0.9551969271690819,-0.19453746943956254,0.06517610273114363,-0.24929887065590825,0.20488780506242205,0.3062812321342121],"us-code-25-128-cce03edf90f30b52":[0.18731437868709358,0.3939177717129547,-0.10586775201026206,0.22449848501808592,0.13908925565501004,-0.5036259777433564,0.14122556357457633,-0.4950115684884382],"us-code-42-16193.-ee59aa45379dec70":[-0.37357979210933434,0.15805164813902042,0.17042470765225062,-0.47065242418808867,0.3080678555725042,0.31935109203020035,-0.5452793362178442,0.6989128042523168],"us-code-42-5714-9c65e675daa4fdce":[0.025944753052489722,-0.5713774532925947,0.08717931995544868,0.07111136091950958,0.5294071874811718,0.37732282094332925,0.25452922297543207,0.13804549476653868],"us-code-46-3713.-9c6f017946bed2a9":[0.33018514714783137,0.7509882223493126,-0.3407556355640632,-0.235183576380376,0.3322201341038052,-0.23187888440698834,0.1480746017379564,0.6426957756425699]},"embedding_cosine_similarity":0.08547128294137102,"frame_ranking_loss":0.0,"legal_ir_losses":{"legal_ir_multiview_acceptance_loss":0.0,"legal_ir_multiview_cosine_loss":0.3350941912548113,"legal_ir_multiview_cross_entropy_loss":0.7017581144861117,"legal_ir_multiview_frame_logic_missing_loss":0.0,"legal_ir_multiview_graph_failure_penalty":0.0,"legal_ir_multiview_proof_failure_ratio":0.0,"legal_ir_multiview_reconstruction_loss":0.08377354651862501,"legal_ir_multiview_text_reconstruction_loss":0.0,"legal_ir_multiview_total_loss":1.5167319066903515,"legal_ir_multiview_view_coverage_loss":0.0,"legal_ir_view_cross_entropy_loss":0.706812520132935},"legal_ir_predicted_view_distribution":{"deontic.ir":0.474343853922519,"knowledge_graphs.neo4j_compat":0.525656146077481},"legal_ir_target_count":8,"legal_ir_target_hashes":{"us-code-16-1a-9-bdec5dc3b596d5d5":"8099e3c47bef491611b3f0f1a81681e63fcbc2fc8ad50c0256b5303045a00072","us-code-16-7806-946970cb0ae3d9a1":"ab082026435fe217a7912f1cd680c298cab135f01b6186aa310f5edc3caf732f","us-code-2-92b-6c868513102e0f1a":"0d95cfafccdc2b25232c3677708ec67b20f4ba4a34712a0b5d085b6c733ec891","us-code-20-76bb-daa94bc9d285c274":"9b02fc459c53aa1956d907bc94fb281f933cd3bcc8604c9b1e7158e00fe62360","us-code-25-128-cce03edf90f30b52":"fe1d3d5639e6822c2584a2f4082211c81b0120cfae6d91c34e0e383faa11411e","us-code-42-16193.-ee59aa45379dec70":"2a8fe515f963f1e029badd4724df9ef6d786bbd6a39df71729ed435998758e91","us-code-42-5714-9c65e675daa4fdce":"fe890241bcbd19d95795d77797272a5613a60c5e706891853950f25ddf8262d1","us-code-46-3713.-9c6f017946bed2a9":"7a7b23f3f958473a7599d81a2630b2ecc8d9a6ae5760bf1777e2069c10b1ba60"},"legal_ir_view_distribution":{"deontic.ir":0.628118303658773,"knowledge_graphs.neo4j_compat":0.37188169634122703},"reconstruction_loss":0.3942427268011531,"sample_count":8,"symbolic_validity_penalty":0.0},"applied_count":0,"applied_updates":[],"autoencoder_claimed_count":0,"before":{"cosine_loss":0.9145287170586289,"cross_entropy_loss":1.0596182801808207,"decoded_embeddings":{"us-code-16-1a-9-bdec5dc3b596d5d5":[-0.3105300356137484,0.06415921366733149,0.044937360584778256,-0.27998240565440435,0.17365164489996351,-0.5681575575977761,-0.5415316191884608,0.27398411988217747],"us-code-16-7806-946970cb0ae3d9a1":[-0.29151236682511916,0.7621408618751592,-0.6851939705524099,-0.12282921476981125,0.11592562528937128,-0.4552547438515967,0.0691387254855893,0.13820457094636646],"us-code-2-92b-6c868513102e0f1a":[0.4619003401942613,-0.32744745875289855,-0.46339620848622926,0.232673597891737,0.6141899616272777,-0.10371979084035012,0.2597715245510215,-0.21284857762210793],