{"final_evaluation":{"cosine_loss":0.41710484001737647,"cross_entropy_loss":0.00398977068841662,"decoded_embeddings":{"us-code-25-473-0806c184bf694636":[0.1083283953138327,-0.3110535526435837,0.0268911209699112,-0.2852789721383585,0.04092755625196697,-0.2849752478185752,-0.07847548080746906,-0.03758210590894473]},"embedding_cosine_similarity":0.5828951599826235,"frame_ranking_loss":0.0,"legal_ir_losses":{},"legal_ir_predicted_view_distribution":{},"legal_ir_target_count":0,"legal_ir_target_hashes":{},"legal_ir_view_distribution":{},"reconstruction_loss":0.22557475887693088,"sample_count":1,"symbolic_validity_penalty":0.0},"steps":[{"after":{"cosine_loss":0.41710484001737647,"cross_entropy_loss":0.00398977068841662,"decoded_embeddings":{"us-code-25-473-0806c184bf694636":[0.1083283953138327,-0.3110535526435837,0.0268911209699112,-0.2852789721383585,0.04092755625196697,-0.2849752478185752,-0.07847548080746906,-0.03758210590894473]},"embedding_cosine_similarity":0.5828951599826235,"frame_ranking_loss":0.0,"legal_ir_losses":{},"legal_ir_predicted_view_distribution":{},"legal_ir_target_count":0,"legal_ir_target_hashes":{},"legal_ir_view_distribution":{},"reconstruction_loss":0.22557475887693088,"sample_count":1,"symbolic_validity_penalty":0.0},"applied_count":0,"applied_updates":[],"autoencoder_claimed_count":0,"before":{"cosine_loss":0.41710484001737647,"cross_entropy_loss":0.00398977068841662,"decoded_embeddings":{"us-code-25-473-0806c184bf694636":[0.1083283953138327,-0.3110535526435837,0.0268911209699112,-0.2852789721383585,0.04092755625196697,-0.2849752478185752,-0.07847548080746906,-0.03758210590894473]},"embedding_cosine_similarity":0.5828951599826235,"frame_ranking_loss":0.0,"legal_ir_losses":{},"legal_ir_predicted_view_distribution":{},"legal_ir_target_count":0,"legal_ir_target_hashes":{},"legal_ir_view_distribution":{},"reconstruction_loss":0.22557475887693088,"sample_count":1,"symbolic_validity_penalty":0.0},"bridge_loss_failure_count":0,"bridge_loss_sample_count":0,"bridge_loss_signal_count":0,"claimed_count":0,"claimed_open_count":0,"completed_count":0,"completed_todo_ids":[],"cosine_similarity_delta":0.0,"created_at":"2026-05-26T19:12:38+00:00","cross_entropy_delta":0.0,"failed_validation_count":0,"failed_validation_todo_ids":[],"improved":false,"iteration":1,"loss_seeded_count":0,"pending_count":0,"program_synthesis_deduped_count":0,"program_synthesis_pending_count":0,"program_synthesis_seeded_count":0,"seeded_count":0,"validation_after":{"cosine_loss":1.0141547040540557,"cross_entropy_loss":1.1141289402274104,"decoded_embeddings":{"us-code-33-403b-d35294083bfc6de7":[-0.014003064902330983,0.4098208672730876,-0.2655869521219701,-0.26634270009863004,0.16060841382428034,-0.7702227469844323,-0.18459627158598246,0.43967548737569184]},"embedding_cosine_similarity":-0.014154704054055629,"frame_ranking_loss":0.0,"legal_ir_losses":{},"legal_ir_predicted_view_distribution":{},"legal_ir_target_count":0,"legal_ir_target_hashes":{},"legal_ir_view_distribution":{},"reconstruction_loss":0.44857119039740484,"sample_count":1,"symbolic_validity_penalty":0.0},"validation_before":{"cosine_loss":1.0141547040540557,"cross_entropy_loss":1.1141289402274104,"decoded_embeddings":{"us-code-33-403b-d35294083bfc6de7":[-0.014003064902330983,0.4098208672730876,-0.2655869521219701,-0.26634270009863004,0.16060841382428034,-0.7702227469844323,-0.18459627158598246,0.43967548737569184]},"embedding_cosine_similarity":-0.014154704054055629,"frame_ranking_loss":0.0,"legal_ir_losses":{},"legal_ir_predicted_view_distribution":{},"legal_ir_target_count":0,"legal_ir_target_hashes":{},"legal_ir_view_distribution":{},"reconstruction_loss":0.44857119039740484,"sample_count":1,"symbolic_validity_penalty":0.0},"validation_cosine_similarity_delta":0.0,"validation_cross_entropy_delta":0.0,"worker_id":"random-uscode-daemon-detached"}],"stopped_reason":"no_claimed_todos","validation_final_evaluation":{"cosine_loss":1.0141547040540557,"cross_entropy_loss":1.1141289402274104,"decoded_embeddings":{"us-code-33-403b-d35294083bfc6de7":[-0.014003064902330983,0.4098208672730876,-0.2655869521219701,-0.26634270009863004,0.16060841382428034,-0.7702227469844323,-0.18459627158598246,0.43967548737569184]},"embedding_cosine_similarity":-0.014154704054055629,"frame_ranking_loss":0.0,"legal_ir_losses":{},"legal_ir_predicted_view_distribution":{},"legal_ir_target_count":0,"legal_ir_target_hashes":{},"legal_ir_view_distribution":{},"reconstruction_loss":0.44857119039740484,"sample_count":1,"symbolic_validity_penalty":0.0}}
