{"final_evaluation":{"cosine_loss":0.863735839525847,"cross_entropy_loss":1.5356891943125184,"decoded_embeddings":{"us-code-20-1067l-3ec9016aef729a55":[0.16802939888619242,-0.45180155591597304,0.4325167245997425,-0.0116497461578816,0.3639142219805577,-0.3058819685949304,0.03903478129555055,-0.19909340686994476],"us-code-25-5413-d43ff518c4a5c72d":[0.5985923722979718,-0.22731975393602455,-0.06015352517107407,0.10645320676827878,0.09653333382307876,-0.41249138315078826,0.3126920703313531,-0.3212336029930578],"us-code-7-326-6898cf0ce7c8b7b7":[0.14524845805213563,-0.5949002076421696,-0.0034181604000029504,0.266388887799266,-0.1023133142744101,-0.694964301595719,-0.3250137045405908,-0.014087126838191152],"us-code-7-6408-4f92c55243982fb5":[0.2678488953072571,0.1422976439371254,0.981722502509807,0.09927668212497086,0.3526860807138271,0.0646561867150459,-0.3058935583967143,0.20924904862487304]},"embedding_cosine_similarity":0.13626416047415296,"frame_ranking_loss":0.0,"legal_ir_losses":{},"legal_ir_predicted_view_distribution":{},"legal_ir_target_count":0,"legal_ir_target_hashes":{},"legal_ir_view_distribution":{},"reconstruction_loss":0.3935523079914138,"sample_count":4,"symbolic_validity_penalty":0.0},"steps":[{"after":{"cosine_loss":0.863735839525847,"cross_entropy_loss":1.5356891943125184,"decoded_embeddings":{"us-code-20-1067l-3ec9016aef729a55":[0.16802939888619242,-0.45180155591597304,0.4325167245997425,-0.0116497461578816,0.3639142219805577,-0.3058819685949304,0.03903478129555055,-0.19909340686994476],"us-code-25-5413-d43ff518c4a5c72d":[0.5985923722979718,-0.22731975393602455,-0.06015352517107407,0.10645320676827878,0.09653333382307876,-0.41249138315078826,0.3126920703313531,-0.3212336029930578],"us-code-7-326-6898cf0ce7c8b7b7":[0.14524845805213563,-0.5949002076421696,-0.0034181604000029504,0.266388887799266,-0.1023133142744101,-0.694964301595719,-0.3250137045405908,-0.014087126838191152],"us-code-7-6408-4f92c55243982fb5":[0.2678488953072571,0.1422976439371254,0.981722502509807,0.09927668212497086,0.3526860807138271,0.0646561867150459,-0.3058935583967143,0.20924904862487304]},"embedding_cosine_similarity":0.13626416047415296,"frame_ranking_loss":0.0,"legal_ir_losses":{},"legal_ir_predicted_view_distribution":{},"legal_ir_target_count":0,"legal_ir_target_hashes":{},"legal_ir_view_distribution":{},"reconstruction_loss":0.3935523079914138,"sample_count":4,"symbolic_validity_penalty":0.0},"applied_count":0,"applied_updates":[],"autoencoder_claimed_count":0,"before":{"cosine_loss":0.863735839525847,"cross_entropy_loss":1.5356891943125184,"decoded_embeddings":{"us-code-20-1067l-3ec9016aef729a55":[0.16802939888619242,-0.45180155591597304,0.4325167245997425,-0.0116497461578816,0.3639142219805577,-0.3058819685949304,0.03903478129555055,-0.19909340686994476],"us-code-25-5413-d43ff518c4a5c72d":[0.5985923722979718,-0.22731975393602455,-0.06015352517107407,0.10645320676827878,0.09653333382307876,-0.41249138315078826,0.3126920703313531,-0.3212336029930578],"us-code-7-326-6898cf0ce7c8b7b7":[0.14524845805213563,-0.5949002076421696,-0.0034181604000029504,0.266388887799266,-0.1023133142744101,-0.694964301595719,-0.3250137045405908,-0.014087126838191152],"us-code-7-6408-4f92c55243982fb5":[0.2678488953072571,0.1422976439371254,0.981722502509807,0.09927668212497086,0.3526860807138271,0.0646561867150459,-0.3058935583967143,0.20924904862487304]},"embedding_cosine_similarity":0.13626416047415296,"frame_ranking_loss":0.0,"legal_ir_losses":{},"legal_ir_predicted_view_distribution":{},"legal_ir_target_count":0,"legal_ir_target_hashes":{},"legal_ir_view_distribution":{},"reconstruction_loss":0.3935523079914138,"sample_count":4,"symbolic_validity_penalty":0.0},"bridge_loss_failure_count":0,"bridge_loss_sample_count":0,"bridge_loss_signal_count":0,"claimed_count":0,"claimed_open_count":0,"completed_count":0,"completed_todo_ids":[],"cosine_similarity_delta":0.0,"created_at":"2026-05-26T07:45:13+00:00","cross_entropy_delta":0.0,"failed_validation_count":0,"failed_validation_todo_ids":[],"improved":false,"iteration":1,"loss_seeded_count":0,"pending_count":22,"program_synthesis_deduped_count":1,"program_synthesis_pending_count":22,"program_synthesis_seeded_count":3,"seeded_count":3,"validation_after":{"cosine_loss":0.7960942974821358,"cross_entropy_loss":1.662017640514561,"decoded_embeddings":{"us-code-12-4121-2c970d9f657fac0f":[-0.46143550295957625,0.38653973692990695,0.43935894961949307,-0.11424818112408505,0.4401318698513585,0.011260065049589629,0.020231073876842722,0.3105408508188215],"us-code-22-4712-3c370f8af74e46b8":[0.12563046840059722,-0.6204409497067188,0.42291110125476433,0.26999265161311703,0.22790455921691954,-0.04336807156911853,-0.06430047406820426,0.12535392397146006],"us-code-24-181-e094e7ae6a58a2a1":[0.32800013560187935,-0.3378260584029012,0.13697598271820624,0.6539879843363802,-0.36665344346051854,-0.10944844429565147,-0.014942830962016831,0.23515590296629185],"us-code-42-19037.-b97d1fa500065ddd":[0.034931644046628026,-0.1080858776555864,0.6638479487211716,-0.2553384655672039,0.5942925726432515,0.4987121242079175,-0.35204087738223266,0.27318392773758515]},"embedding_cosine_similarity":0.20390570251786422,"frame_ranking_loss":0.0,"legal_ir_losses":{},"legal_ir_predicted_view_distribution":{},"legal_ir_target_count":0,"legal_ir_target_hashes":{},"legal_ir_view_distribution":{},"reconstruction_loss":0.3433988795172507,"sample_count":4,"symbolic_validity_penalty":0.0},"validation_before":{"cosine_loss":0.7960942974821358,"cross_entropy_loss":1.662017640514561,"decoded_embeddings":{"us-code-12-4121-2c970d9f657fac0f":[-0.46143550295957625,0.38653973692990695,0.43935894961949307,-0.11424818112408505,0.4401318698513585,0.011260065049589629,0.020231073876842722,0.3105408508188215],"us-code-22-4712-3c370f8af74e46b8":[0.12563046840059722,-0.6204409497067188,0.42291110125476433,0.26999265161311703,0.22790455921691954,-0.04336807156911853,-0.06430047406820426,0.12535392397146006],"us-code-24-181-e094e7ae6a58a2a1":[0.32800013560187935,-0.3378260584029012,0.13697598271820624,0.6539879843363802,-0.36665344346051854,-0.10944844429565147,-0.014942830962016831,0.23515590296629185],"us-code-42-19037.-b97d1fa500065ddd":[0.034931644046628026,-0.1080858776555864,0.6638479487211716,-0.2553384655672039,0.5942925726432515,0.4987121242079175,-0.35204087738223266,0.27318392773758515]},"embedding_cosine_similarity":0.20390570251786422,"frame_ranking_loss":0.0,"legal_ir_losses":{},"legal_ir_predicted_view_distribution":{},"legal_ir_target_count":0,"legal_ir_target_hashes":{},"legal_ir_view_distribution":{},"reconstruction_loss":0.3433988795172507,"sample_count":4,"symbolic_validity_penalty":0.0},"validation_cosine_similarity_delta":0.0,"validation_cross_entropy_delta":0.0,"worker_id":"random-uscode-daemon-detached"}],"stopped_reason":"no_claimed_todos","validation_final_evaluation":{"cosine_loss":0.7960942974821358,"cross_entropy_loss":1.662017640514561,"decoded_embeddings":{"us-code-12-4121-2c970d9f657fac0f":[-0.46143550295957625,0.38653973692990695,0.43935894961949307,-0.11424818112408505,0.4401318698513585,0.011260065049589629,0.020231073876842722,0.3105408508188215],"us-code-22-4712-3c370f8af74e46b8":[0.12563046840059722,-0.6204409497067188,0.42291110125476433,0.26999265161311703,0.22790455921691954,-0.04336807156911853,-0.06430047406820426,0.12535392397146006],"us-code-24-181-e094e7ae6a58a2a1":[0.32800013560187935,-0.3378260584029012,0.13697598271820624,0.6539879843363802,-0.36665344346051854,-0.10944844429565147,-0.014942830962016831,0.23515590296629185],"us-code-42-19037.-b97d1fa500065ddd":[0.034931644046628026,-0.1080858776555864,0.6638479487211716,-0.2553384655672039,0.5942925726432515,0.4987121242079175,-0.35204087738223266,0.27318392773758515]},"embedding_cosine_similarity":0.20390570251786422,"frame_ranking_loss":0.0,"legal_ir_losses":{},"legal_ir_predicted_view_distribution":{},"legal_ir_target_count":0,"legal_ir_target_hashes":{},"legal_ir_view_distribution":{},