{"final_evaluation":{"cosine_loss":0.6477425948201467,"cross_entropy_loss":1.3979122545902296,"decoded_embeddings":{"us-code-17-702-d380d9d68015415a":[0.08945876668030293,0.043050083252037054,-0.7912180477536452,0.27484501079573875,0.3959074212577492,0.14070262180696783,0.1975108900255152,-0.19425400317004096]},"embedding_cosine_similarity":0.3522574051798532,"frame_ranking_loss":0.0,"legal_ir_losses":{},"legal_ir_predicted_view_distribution":{},"legal_ir_target_count":0,"legal_ir_target_hashes":{},"legal_ir_view_distribution":{},"reconstruction_loss":0.2960908978995027,"sample_count":1,"symbolic_validity_penalty":0.0},"steps":[{"after":{"cosine_loss":0.6477425948201467,"cross_entropy_loss":1.3979122545902296,"decoded_embeddings":{"us-code-17-702-d380d9d68015415a":[0.08945876668030293,0.043050083252037054,-0.7912180477536452,0.27484501079573875,0.3959074212577492,0.14070262180696783,0.1975108900255152,-0.19425400317004096]},"embedding_cosine_similarity":0.3522574051798532,"frame_ranking_loss":0.0,"legal_ir_losses":{},"legal_ir_predicted_view_distribution":{},"legal_ir_target_count":0,"legal_ir_target_hashes":{},"legal_ir_view_distribution":{},"reconstruction_loss":0.2960908978995027,"sample_count":1,"symbolic_validity_penalty":0.0},"applied_count":0,"applied_updates":[],"autoencoder_claimed_count":0,"before":{"cosine_loss":0.6477425948201467,"cross_entropy_loss":1.3979122545902296,"decoded_embeddings":{"us-code-17-702-d380d9d68015415a":[0.08945876668030293,0.043050083252037054,-0.7912180477536452,0.27484501079573875,0.3959074212577492,0.14070262180696783,0.1975108900255152,-0.19425400317004096]},"embedding_cosine_similarity":0.3522574051798532,"frame_ranking_loss":0.0,"legal_ir_losses":{},"legal_ir_predicted_view_distribution":{},"legal_ir_target_count":0,"legal_ir_target_hashes":{},"legal_ir_view_distribution":{},"reconstruction_loss":0.2960908978995027,"sample_count":1,"symbolic_validity_penalty":0.0},"bridge_loss_failure_count":0,"bridge_loss_sample_count":0,"bridge_loss_signal_count":0,"claimed_count":0,"claimed_open_count":0,"completed_count":0,"completed_todo_ids":[],"cosine_similarity_delta":0.0,"created_at":"2026-05-26T18:27:59+00:00","cross_entropy_delta":0.0,"failed_validation_count":0,"failed_validation_todo_ids":[],"improved":false,"iteration":1,"loss_seeded_count":0,"pending_count":0,"program_synthesis_deduped_count":0,"program_synthesis_pending_count":0,"program_synthesis_seeded_count":0,"seeded_count":0,"validation_after":{"cosine_loss":0.6761457275844569,"cross_entropy_loss":0.7469310708384144,"decoded_embeddings":{"us-code-50-165.-5b32ce06b8aaff42":[0.10473926920748583,0.3074667577624104,-0.2232040832219242,0.6657210317137737,-0.647468570101821,0.07968855426508469,-0.19727993009824096,-0.11369667673333292]},"embedding_cosine_similarity":0.3238542724155431,"frame_ranking_loss":0.0,"legal_ir_losses":{},"legal_ir_predicted_view_distribution":{},"legal_ir_target_count":0,"legal_ir_target_hashes":{},"legal_ir_view_distribution":{},"reconstruction_loss":0.4024261996691699,"sample_count":1,"symbolic_validity_penalty":0.0},"validation_before":{"cosine_loss":0.6761457275844569,"cross_entropy_loss":0.7469310708384144,"decoded_embeddings":{"us-code-50-165.-5b32ce06b8aaff42":[0.10473926920748583,0.3074667577624104,-0.2232040832219242,0.6657210317137737,-0.647468570101821,0.07968855426508469,-0.19727993009824096,-0.11369667673333292]},"embedding_cosine_similarity":0.3238542724155431,"frame_ranking_loss":0.0,"legal_ir_losses":{},"legal_ir_predicted_view_distribution":{},"legal_ir_target_count":0,"legal_ir_target_hashes":{},"legal_ir_view_distribution":{},"reconstruction_loss":0.4024261996691699,"sample_count":1,"symbolic_validity_penalty":0.0},"validation_cosine_similarity_delta":0.0,"validation_cross_entropy_delta":0.0,"worker_id":"random-uscode-daemon-detached"}],"stopped_reason":"no_claimed_todos","validation_final_evaluation":{"cosine_loss":0.6761457275844569,"cross_entropy_loss":0.7469310708384144,"decoded_embeddings":{"us-code-50-165.-5b32ce06b8aaff42":[0.10473926920748583,0.3074667577624104,-0.2232040832219242,0.6657210317137737,-0.647468570101821,0.07968855426508469,-0.19727993009824096,-0.11369667673333292]},"embedding_cosine_similarity":0.3238542724155431,"frame_ranking_loss":0.0,"legal_ir_losses":{},"legal_ir_predicted_view_distribution":{},"legal_ir_target_count":0,"legal_ir_target_hashes":{},"legal_ir_view_distribution":{},"reconstruction_loss":0.4024261996691699,"sample_count":1,"symbolic_validity_penalty":0.0}}
