{"final_evaluation":{"cosine_loss":0.7213258817600913,"cross_entropy_loss":1.7426185350644066,"decoded_embeddings":{"us-code-22-7716-758137e2d1ce0322":[-0.3878425208860578,0.7990612949114364,-0.08933813491530068,-0.3812158508385362,0.49704562198662916,0.10521859425951784,0.5259166503016565,0.5435214054075885],"us-code-34-10444-23a6a8218b23f530":[-0.2151908142729249,-0.7158770092096589,0.048279863270510745,-0.24675395879684717,-0.34835148548894546,-0.2813394344272587,0.50656724136105,-0.07995545372067309],"us-code-54-302905.-00dcd4343bfd39fb":[-0.14315735938002266,-0.20873307119778026,0.010174125160415784,0.4094601844808068,-0.24299163049804304,-0.29948112495770096,0.07110058062349878,0.6093016793267303],"us-code-7-198-d7e3996ccc19c860":[-0.44859150617775895,0.17456915229390949,-0.4305476393208543,-0.16641206712755013,0.07540745947582125,0.26248506774637576,-0.7769837032712384,-0.1267241490059774]},"embedding_cosine_similarity":0.27867411823990873,"frame_ranking_loss":0.0,"legal_ir_losses":{"legal_ir_multiview_acceptance_loss":0.0,"legal_ir_multiview_cosine_loss":0.13581511999325704,"legal_ir_multiview_cross_entropy_loss":0.29262126861850807,"legal_ir_multiview_frame_logic_missing_loss":0.0,"legal_ir_multiview_graph_failure_penalty":0.0,"legal_ir_multiview_proof_failure_ratio":0.0,"legal_ir_multiview_reconstruction_loss":0.05791639305254166,"legal_ir_multiview_text_reconstruction_loss":0.0,"legal_ir_multiview_total_loss":0.6934369983309734,"legal_ir_multiview_view_coverage_loss":0.0,"legal_ir_view_cross_entropy_loss":1.5723343815512103},"legal_ir_predicted_view_distribution":{"CEC.native":0.21721874255346382,"TDFOL.prover":0.21452663465015964,"deontic.ir":0.2548509132862026,"knowledge_graphs.neo4j_compat":0.17749388640308114,"zkp.circuits":0.13590982310709282},"legal_ir_target_count":4,"legal_ir_target_hashes":{"us-code-22-7716-758137e2d1ce0322":"021be4924b4e1f8aabf1ef297299b0bfc7b9b3b0e0261fd163ded797d20b20cd","us-code-34-10444-23a6a8218b23f530":"2aeb9689017e928e9d7720b4a6eaff11c87516d98fa5fb792b9f7d8ed45338c5","us-code-54-302905.-00dcd4343bfd39fb":"170a0004f2636536865d24510fd84b2b8493b6dabf4185f2647d9ac740d57ccb","us-code-7-198-d7e3996ccc19c860":"60a2b2349f3ae4fe82d5edd7121d0fc34e356e7f73fb5c85aaec93d853a6fcf2"},"legal_ir_view_distribution":{"CEC.native":0.23833838727046025,"TDFOL.prover":0.20836963405103243,"deontic.ir":0.26738103266961744,"knowledge_graphs.neo4j_compat":0.1759109460088899,"zkp.circuits":0.11},"reconstruction_loss":0.33446482280612755,"sample_count":4,"symbolic_validity_penalty":0.0},"steps":[{"after":{"cosine_loss":0.7213258817600913,"cross_entropy_loss":1.7426185350644066,"decoded_embeddings":{"us-code-22-7716-758137e2d1ce0322":[-0.3878425208860578,0.7990612949114364,-0.08933813491530068,-0.3812158508385362,0.49704562198662916,0.10521859425951784,0.5259166503016565,0.5435214054075885],"us-code-34-10444-23a6a8218b23f530":[-0.2151908142729249,-0.7158770092096589,0.048279863270510745,-0.24675395879684717,-0.34835148548894546,-0.2813394344272587,0.50656724136105,-0.07995545372067309],"us-code-54-302905.-00dcd4343bfd39fb":[-0.14315735938002266,-0.20873307119778026,0.010174125160415784,0.4094601844808068,-0.24299163049804304,-0.29948112495770096,0.07110058062349878,0.6093016793267303],"us-code-7-198-d7e3996ccc19c860":[-0.44859150617775895,0.17456915229390949,-0.4305476393208543,-0.16641206712755013,0.07540745947582125,0.26248506774637576,-0.7769837032712384,-0.1267241490059774]},"embedding_cosine_similarity":0.27867411823990873,"frame_ranking_loss":0.0,"legal_ir_losses":{"legal_ir_multiview_acceptance_loss":0.0,"legal_ir_multiview_cosine_loss":0.13581511999325704,"legal_ir_multiview_cross_entropy_loss":0.29262126861850807,"legal_ir_multiview_frame_logic_missing_loss":0.0,"legal_ir_multiview_graph_failure_penalty":0.0,"legal_ir_multiview_proof_failure_ratio":0.0,"legal_ir_multiview_reconstruction_loss":0.05791639305254166,"legal_ir_multiview_text_reconstruction_loss":0.0,"legal_ir_multiview_total_loss":0.6934369983309734,"legal_ir_multiview_view_coverage_loss":0.0,"legal_ir_view_cross_entropy_loss":1.5723343815512103},"legal_ir_predicted_view_distribution":{"CEC.native":0.21721874255346382,"TDFOL.prover":0.21452663465015964,"deontic.ir":0.2548509132862026,"knowledge_graphs.neo4j_compat":0.17749388640308114,"zkp.circuits":0.13590982310709282},"legal_ir_target_count":4,"legal_ir_target_hashes":{"us-code-22-7716-758137e2d1ce0322":"021be4924b4e1f8aabf1ef297299b0bfc7b9b3b0e0261fd163ded797d20b20cd","us-code-34-10444-23a6a8218b23f530":"2aeb9689017e928e9d7720b4a6eaff11c87516d98fa5fb792b9f7d8ed45338c5","us-code-54-302905.-00dcd4343bfd39fb":"170a0004f2636536865d24510fd84b2b8493b6dabf4185f2647d9ac740d57ccb","us-code-7-198-d7e3996ccc19c860":"60a2b2349f3ae4fe82d5edd7121d0fc34e356e7f73fb5c85aaec93d853a6fcf2"},"legal_ir_view_distribution":{"CEC.native":0.23833838727046025,"TDFOL.prover":0.20836963405103243,"deontic.ir":0.26738103266961744,"knowledge_graphs.neo4j_compat":0.1759109460088899,"zkp.circuits":0.11},"reconstruction_loss":0.33446482280612755,"sample_count":4,"symbolic_validity_penalty":0.0},"applied_count":4,"applied_updates":[{"action":"improve_modal_family_classifier","changed":["family_logits"],"sample_ids":["us-code-34-10444-23a6a8218b23f530"],"todo_id":"0788c4d2410ff5fc"},{"action":"improve_legal_ir_view_distribution","changed":["legal_ir_view_logits"],"sample_ids":["us-code-34-10444-23a6a8218b23f530"],"todo_id":"090b60447359f7f1"},{"action":"improve_encoder_decoder_reconstruction","changed":["decoded_embedding"],"sample_ids":["us-code-34-10444-23a6a8218b23f530"],"todo_id":"3950c62980384682"},{"action":"improve_encoder_decoder_reconstruction","changed":["decoded_embedding"],"sample_ids":["us-code-34-10444-23a6a8218b23f530"],"todo_id":"094d9560cc033e55"}],"autoencoder_claimed_count":4,"before":{"cosine_loss":0.9181823055095103,"cross_entropy_loss":1.664301948373541,"decoded_embeddings":{"us-code-22-7716-758137e2d1ce0322":[-0.32057110099360875,0.8519875271508179,-0.06515141204460294,-0.35270569990913786,0.621845692135673,0.23689589583551168,0.45199509848225605,0.47669221192209255],"us-code-34-10444-23a6a8218b23f530":[0.07829550641796892,-0.4849747152964097,0.15379974550638648,-0.12237217360502924,0.1961161869426208,0.29313166815729436,0.1840682618847414,-0.3715124647389527],"us-code-54-302905.-00dcd4343bfd39fb":[-0.10230624512682326,-0.17659318826296164,0.02486170840127805,0.42677320440598215,-0.1672057777151417,-0.21951901772354548,0.02621111992865945,0.5687191106387219],"us-code-7-198-d7e3996ccc19c860":[-0.3955500511763303,0.216299866023581,-0.41147714883872705,-0.14393268598733783,0.1738084939057288,0.36630858860291393,-0.8352685836964339,-0.17941692202474024]},"embedding_cosine_similarity":0.08181769449048974,"frame_ranking_loss":0.0,"legal_ir_losses":{"legal_ir_multiview_acceptance_loss":0.0,"legal_ir_multiview_cosine_loss":0.13581511999325704,"legal_ir_multiview_cross_entropy_loss":0.29262126861850807,"legal_ir_multiview_frame_logic_missing_loss":0.0,"legal_ir_multiview_graph_failure_penalty":0.0,"legal_ir_multiview_proof_failure_ratio":0.0,"legal_ir_multiview_reconstruction_loss":0.05791639305254166,"legal_ir_multiview_text_reconstruction_loss":0.0,"legal_ir_multiview_total_loss":0.6934369983309734,"legal_ir_multiview_view_coverage_loss":0.0,"legal_ir_view_cross_entropy_loss":1.573681219536353},"legal_ir_predicted_view_distribution":{"CEC.native":0.21871912956018058,"TDFOL.prover":0.21081065425407425,"deontic.ir":0.25037290307360854,"knowledge_graphs.neo4j_compat":0.1800060275914503,"zkp.circuits":0.1400912855206863},"legal_ir_target_count":4,"legal_ir_target_hashes":{"us-code-22-7716-758137e2d1ce0322":"021be4924b4e1f8aabf1ef297299b0bfc7b9b3b0e0261fd163ded797d20b20cd","us-code-34-10444-23a6a8218b23f530":"2aeb9689017e928e9d7720b4a6eaff11c87516d98fa5fb792b9f7d8ed45338c5","us-code-54-302905.-00dcd4343bfd39fb":"170a0004f2636536865d24510fd84b2b8493b6dabf4185f2647d9ac740d57ccb",