{"final_evaluation":{"cosine_loss":1.1347346170066142,"cross_entropy_entropy_loss":1.3071748374609826,"cross_entropy_excess_loss":0.15818552409409892,"cross_entropy_loss":1.4653603615550816,"decoded_embeddings":{"us-code-42-4152.-00d9c5acf4bc7b50":[0.181905,0.173488,0.373756,0.276969,-0.627198,0.442807,0.100803,-0.347551],"us-code-43-687a-33b70cebb8565d11":[0.129651,-0.626527,0.597761,0.080076,-0.213195,-0.274501,0.201668,-0.255834]},"embedding_cosine_similarity":-0.13473461700661402,"frame_ranking_loss":0.0,"legal_ir_losses":{"legal_ir_multiview_acceptance_loss":0.0,"legal_ir_multiview_cosine_loss":0.12090405361560984,"legal_ir_multiview_cross_entropy_loss":0.5467634792769094,"legal_ir_multiview_frame_logic_missing_loss":0.0,"legal_ir_multiview_graph_failure_penalty":0.0,"legal_ir_multiview_proof_failure_ratio":0.0,"legal_ir_multiview_reconstruction_loss":0.030226014823770832,"legal_ir_multiview_text_reconstruction_loss":0.02421833333333334,"legal_ir_multiview_total_loss":1.4701571895782122,"legal_ir_multiview_view_coverage_loss":0.0,"legal_ir_view_cross_entropy_excess_loss":0.05315763886501823,"legal_ir_view_cross_entropy_loss":1.3582525464732695,"legal_ir_view_entropy_loss":1.3050949076082514,"legal_ir_view_family_cosine_gap_loss":0.04362538746400735,"legal_ir_view_family_cross_entropy_excess_loss":0.05315763886501834,"legal_ir_view_family_cross_entropy_loss":1.3582525464732695,"legal_ir_view_family_deontic_cosine_gap_loss":0.02039174728429194,"legal_ir_view_family_deontic_cross_entropy_excess_loss":0.029185897321700127,"legal_ir_view_family_deontic_cross_entropy_loss":0.6975169254295834,"legal_ir_view_family_entropy_loss":1.3050949076082512,"legal_ir_view_family_frame_logic_cosine_gap_loss":6.086227444213055e-05,"legal_ir_view_family_frame_logic_cross_entropy_excess_loss":0.00013157718028578014,"legal_ir_view_family_frame_logic_cross_entropy_loss":0.5521001972190803,"legal_ir_view_family_kg_cosine_gap_loss":0.01150613187217453,"legal_ir_view_family_kg_cross_entropy_excess_loss":0.03987844288287415,"legal_ir_view_family_kg_cross_entropy_loss":0.39519723217528197,"legal_ir_view_family_tdfol_cosine_gap_loss":0.00038539434330625566,"legal_ir_view_family_tdfol_cross_entropy_excess_loss":0.0007715473868338818,"legal_ir_view_family_tdfol_cross_entropy_loss":0.5670929296917067},"legal_ir_predicted_view_distribution":{"TDFOL.prover":0.2501082110284995,"deontic.ir":0.279089612783853,"knowledge_graphs.neo4j_compat":0.22341723327765137,"modal.frame_logic":0.2473849429099961},"legal_ir_target_count":2,"legal_ir_target_hashes":{"us-code-42-4152.-00d9c5acf4bc7b50":"19b8966ff02a36279406c0a18d9e7abea4729ef367f2a190f4208f82c80fbd59","us-code-43-687a-33b70cebb8565d11":"9cf659fbfeff9eafb13f4c29753783eb2b5fe053ebda0bcfb777aad63bda2295"},"legal_ir_view_distribution":{"TDFOL.prover":0.2545906057149329,"deontic.ir":0.39036615240828,"knowledge_graphs.neo4j_compat":0.1142545595803943,"modal.frame_logic":0.24078868229639278},"reconstruction_loss":0.5103469475658751,"sample_count":2,"symbolic_validity_penalty":0.0},"steps":[{"after":{"cosine_loss":1.1347346170066142,"cross_entropy_entropy_loss":1.3071748374609826,"cross_entropy_excess_loss":0.15818552409409892,"cross_entropy_loss":1.4653603615550816,"decoded_embeddings":{"us-code-42-4152.-00d9c5acf4bc7b50":[0.181905,0.173488,0.373756,0.276969,-0.627198,0.442807,0.100803,-0.347551],"us-code-43-687a-33b70cebb8565d11":[0.129651,-0.626527,0.597761,0.080076,-0.213195,-0.274501,0.201668,-0.255834]},"embedding_cosine_similarity":-0.13473461700661402,"frame_ranking_loss":0.0,"legal_ir_losses":{"legal_ir_multiview_acceptance_loss":0.0,"legal_ir_multiview_cosine_loss":0.12090405361560984,"legal_ir_multiview_cross_entropy_loss":0.5467634792769094,"legal_ir_multiview_frame_logic_missing_loss":0.0,"legal_ir_multiview_graph_failure_penalty":0.0,"legal_ir_multiview_proof_failure_ratio":0.0,"legal_ir_multiview_reconstruction_loss":0.030226014823770832,"legal_ir_multiview_text_reconstruction_loss":0.02421833333333334,"legal_ir_multiview_total_loss":1.4701571895782122,"legal_ir_multiview_view_coverage_loss":0.0,"legal_ir_view_cross_entropy_excess_loss":0.05315763886501823,"legal_ir_view_cross_entropy_loss":1.3582525464732695,"legal_ir_view_entropy_loss":1.3050949076082514,"legal_ir_view_family_cosine_gap_loss":0.04362538746400735,"legal_ir_view_family_cross_entropy_excess_loss":0.05315763886501834,"legal_ir_view_family_cross_entropy_loss":1.3582525464732695,"legal_ir_view_family_deontic_cosine_gap_loss":0.02039174728429194,"legal_ir_view_family_deontic_cross_entropy_excess_loss":0.029185897321700127,"legal_ir_view_family_deontic_cross_entropy_loss":0.6975169254295834,"legal_ir_view_family_entropy_loss":1.3050949076082512,"legal_ir_view_family_frame_logic_cosine_gap_loss":6.086227444213055e-05,"legal_ir_view_family_frame_logic_cross_entropy_excess_loss":0.00013157718028578014,"legal_ir_view_family_frame_logic_cross_entropy_loss":0.5521001972190803,"legal_ir_view_family_kg_cosine_gap_loss":0.01150613187217453,"legal_ir_view_family_kg_cross_entropy_excess_loss":0.03987844288287415,"legal_ir_view_family_kg_cross_entropy_loss":0.39519723217528197,"legal_ir_view_family_tdfol_cosine_gap_loss":0.00038539434330625566,"legal_ir_view_family_tdfol_cross_entropy_excess_loss":0.0007715473868338818,"legal_ir_view_family_tdfol_cross_entropy_loss":0.5670929296917067},"legal_ir_predicted_view_distribution":{"TDFOL.prover":0.2501082110284995,"deontic.ir":0.279089612783853,"knowledge_graphs.neo4j_compat":0.22341723327765137,"modal.frame_logic":0.2473849429099961},"legal_ir_target_count":2,"legal_ir_target_hashes":{"us-code-42-4152.-00d9c5acf4bc7b50":"19b8966ff02a36279406c0a18d9e7abea4729ef367f2a190f4208f82c80fbd59","us-code-43-687a-33b70cebb8565d11":"9cf659fbfeff9eafb13f4c29753783eb2b5fe053ebda0bcfb777aad63bda2295"},"legal_ir_view_distribution":{"TDFOL.prover":0.2545906057149329,"deontic.ir":0.39036615240828,"knowledge_graphs.neo4j_compat":0.1142545595803943,"modal.frame_logic":0.24078868229639278},"reconstruction_loss":0.5103469475658751,"sample_count":2,"symbolic_validity_penalty":0.0},"applied_count":2,"applied_updates":[{"action":"improve_modal_family_classifier","changed":["family_logits"],"sample_ids":["us-code-43-687a-33b70cebb8565d11","us-code-42-4152.-00d9c5acf4bc7b50"],"todo_id":"7c137265d4eb06df"},{"action":"improve_legal_ir_view_distribution","changed":["legal_ir_view_logits"],"sample_ids":["us-code-43-687a-33b70cebb8565d11","us-code-42-4152.-00d9c5acf4bc7b50"],"todo_id":"b455c6f48804741f"}],"autoencoder_claimed_count":2,"before":{"cosine_loss":1.1347346170066142,"cross_entropy_entropy_loss":1.3071748374609826,"cross_entropy_excess_loss":0.21769674771293301,"cross_entropy_loss":1.5248715851739159,"decoded_embeddings":{"us-code-42-4152.-00d9c5acf4bc7b50":[0.181905,0.173488,0.373756,0.276969,-0.627198,0.442807,0.100803,-0.347551],"us-code-43-687a-33b70cebb8565d11":[0.129651,-0.626527,0.597761,0.080076,-0.213195,-0.274501,0.201668,-0.255834]},"embedding_cosine_similarity":-0.13473461700661402,"frame_ranking_loss":0.0,"legal_ir_losses":{"legal_ir_multiview_acceptance_loss":0.0,"legal_ir_multiview_cosine_loss":0.12090405361560984,"legal_ir_multiview_cross_entropy_loss":0.5467634792769094,"legal_ir_multiview_frame_logic_missing_loss":0.0,"legal_ir_multiview_graph_failure_penalty":0.0,"legal_ir_multiview_proof_failure_ratio":0.0,"legal_ir_multiview_reconstruction_loss":0.030226014823770832,"legal_ir_multiview_text_reconstruction_loss":0.02421833333333334,"legal_ir_multiview_total_loss":1.4701571895782122,"legal_ir_multiview_view_coverage_loss":0.0,"legal_ir_view_cross_entropy_excess_loss":0.08119945351163915,"legal_ir_view_cross_entropy_loss":1.3862943611198906,"legal_ir_view_entropy_loss":1.3050949076082514,"legal_ir_view_family_cosine_gap_loss":0.06967466109218173,"legal_ir_view_family_cross_entropy_excess_loss":0.08119945351163937,"legal_ir_view_family_cross_entropy_loss":1.3862943611198908,