{"final_evaluation":{"cosine_loss":0.14084795066050954,"cross_entropy_loss":1.936679643119345,"decoded_embeddings":{"us-code-18-2197-c8a77a330cd3d237":[0.0468346899999999,-0.57354158,-0.27756406,0.37107084,0.43803573,-0.48586757999999997,0.12977132000000002,0.16316992],"us-code-19-1751-83fd3987462338ad":[0.47632483744582255,-0.009277285070142194,0.5894813713770212,0.6937906801128333,-0.3349106902118377,-0.23983867602077044,0.3019615382814925,0.18859106606558818],"us-code-22-4311-8901999c66322a97":[-0.4429878317269506,0.1428018434657229,0.5237495921772117,-0.25401910658537596,0.021229496811747572,-0.4534479331636294,0.1377337722201841,-0.20168586500466945],"us-code-9-4-46a62b93b068761d":[-0.11188380823972566,0.20446918225809552,0.06171770464583563,-0.026691277962998885,0.5121028943040833,0.25232576475591784,0.3451353267256091,0.06649504485559915]},"embedding_cosine_similarity":0.8591520493394904,"frame_ranking_loss":0.0,"legal_ir_losses":{},"legal_ir_predicted_view_distribution":{},"legal_ir_target_count":0,"legal_ir_target_hashes":{},"legal_ir_view_distribution":{},"reconstruction_loss":0.07824779498387438,"sample_count":4,"symbolic_validity_penalty":0.0},"steps":[{"after":{"cosine_loss":0.14084795066050954,"cross_entropy_loss":1.936679643119345,"decoded_embeddings":{"us-code-18-2197-c8a77a330cd3d237":[0.0468346899999999,-0.57354158,-0.27756406,0.37107084,0.43803573,-0.48586757999999997,0.12977132000000002,0.16316992],"us-code-19-1751-83fd3987462338ad":[0.47632483744582255,-0.009277285070142194,0.5894813713770212,0.6937906801128333,-0.3349106902118377,-0.23983867602077044,0.3019615382814925,0.18859106606558818],"us-code-22-4311-8901999c66322a97":[-0.4429878317269506,0.1428018434657229,0.5237495921772117,-0.25401910658537596,0.021229496811747572,-0.4534479331636294,0.1377337722201841,-0.20168586500466945],"us-code-9-4-46a62b93b068761d":[-0.11188380823972566,0.20446918225809552,0.06171770464583563,-0.026691277962998885,0.5121028943040833,0.25232576475591784,0.3451353267256091,0.06649504485559915]},"embedding_cosine_similarity":0.8591520493394904,"frame_ranking_loss":0.0,"legal_ir_losses":{},"legal_ir_predicted_view_distribution":{},"legal_ir_target_count":0,"legal_ir_target_hashes":{},"legal_ir_view_distribution":{},"reconstruction_loss":0.07824779498387438,"sample_count":4,"symbolic_validity_penalty":0.0},"applied_count":6,"applied_updates":[{"action":"improve_modal_family_classifier","changed":["family_logits"],"sample_ids":["us-code-18-2197-c8a77a330cd3d237"],"todo_id":"2ebf5307cb582a19"},{"action":"improve_modal_family_classifier","changed":["family_logits"],"sample_ids":["us-code-19-1751-83fd3987462338ad","us-code-22-4311-8901999c66322a97","us-code-9-4-46a62b93b068761d"],"todo_id":"4628eae8d4415ad5"},{"action":"improve_encoder_decoder_reconstruction","changed":["decoded_embedding"],"sample_ids":["us-code-18-2197-c8a77a330cd3d237"],"todo_id":"518591e9860da5d7"},{"action":"improve_encoder_decoder_reconstruction","changed":["decoded_embedding"],"sample_ids":["us-code-19-1751-83fd3987462338ad","us-code-22-4311-8901999c66322a97","us-code-9-4-46a62b93b068761d"],"todo_id":"80327d3467252c78"},{"action":"improve_encoder_decoder_reconstruction","changed":["decoded_embedding"],"sample_ids":["us-code-19-1751-83fd3987462338ad","us-code-22-4311-8901999c66322a97","us-code-9-4-46a62b93b068761d"],"todo_id":"126e853b82905a0e"},{"action":"improve_encoder_decoder_reconstruction","changed":["decoded_embedding"],"sample_ids":["us-code-18-2197-c8a77a330cd3d237"],"todo_id":"2c1e97d2ab28099b"}],"autoencoder_claimed_count":6,"before":{"cosine_loss":0.8152081262875877,"cross_entropy_loss":2.0645560282453754,"decoded_embeddings":{"us-code-18-2197-c8a77a330cd3d237":[-0.782639,-0.155822,-0.355489,0.304167,0.066336,-0.085896,0.35543,-0.078719],"us-code-19-1751-83fd3987462338ad":[0.361698,0.31767,0.366798,0.616396,0.081187,-0.409473,0.263649,-0.100026],"us-code-22-4311-8901999c66322a97":[-0.498593,0.136493,0.245988,0.169933,-0.072085,-0.541737,0.551002,-0.202755],"us-code-9-4-46a62b93b068761d":[-0.372527,0.39012,-0.022272,-0.074759,0.51376,-0.2041,0.435297,-0.455912]},"embedding_cosine_similarity":0.18479187371241235,"frame_ranking_loss":0.0,"legal_ir_losses":{},"legal_ir_predicted_view_distribution":{},"legal_ir_target_count":0,"legal_ir_target_hashes":{},"legal_ir_view_distribution":{},"reconstruction_loss":0.3304240589885937,"sample_count":4,"symbolic_validity_penalty":0.0},"bridge_loss_failure_count":0,"bridge_loss_sample_count":0,"bridge_loss_signal_count":0,"claimed_count":6,"claimed_open_count":0,"completed_count":6,"completed_todo_ids":["2ebf5307cb582a19","4628eae8d4415ad5","518591e9860da5d7","80327d3467252c78","126e853b82905a0e","2c1e97d2ab28099b"],"cosine_similarity_delta":0.6743601756270781,"created_at":"2026-05-26T07:03:01+00:00","cross_entropy_delta":0.1278763851260305,"failed_validation_count":0,"failed_validation_todo_ids":[],"improved":true,"iteration":1,"loss_seeded_count":6,"pending_count":4,"program_synthesis_deduped_count":0,"program_synthesis_pending_count":4,"program_synthesis_seeded_count":4,"seeded_count":10,"validation_after":{"cosine_loss":0.7664445441896712,"cross_entropy_loss":1.5652800430941232,"decoded_embeddings":{"us-code-11-924-edbf7b6dcdb78cff":[-0.7169732576968976,-0.3507316192228763,0.22424350628044112,0.04640797214517893,0.0234773749668298,-0.3727238647656717,-0.0752729329038601,-0.11476469446092309],"us-code-22-262p-7b8fd9e4189fed37":[0.53464460100575,-0.26708851827181135,-0.5557475312174461,0.016341981941354687,0.12975137691798114,0.3806852772263256,0.4087266221106162,-0.10836571139659076],"us-code-42-14113.-59bad42905940ce4":[-0.04076740608448443,-0.8216103290139197,0.37060803435907935,-0.0836333570609759,0.010200903839231978,0.1707024951611544,0.4569960558911062,0.06324044406742668],"us-code-45-231k.-79e271fe92b4b1cf":[0.04496041433334151,0.40835540622303035,0.229961062767542,0.7250750989962641,0.07137423074579805,0.0045612743684258494,0.310496122459235,-0.09841935839519882]},"embedding_cosine_similarity":0.23355545581032877,"frame_ranking_loss":0.0,"legal_ir_losses":{},"legal_ir_predicted_view_distribution":{},"legal_ir_target_count":0,"legal_ir_target_hashes":{},"legal_ir_view_distribution":{},"reconstruction_loss":0.34636093101081755,"sample_count":4,"symbolic_validity_penalty":0.0},"validation_before":{"cosine_loss":0.7586916332250218,"cross_entropy_loss":1.5861420924609348,"decoded_embeddings":{"us-code-11-924-edbf7b6dcdb78cff":[-0.818097,-0.283718,0.169119,0.081446,0.02108,-0.416618,-0.004408,-0.202368],"us-code-22-262p-7b8fd9e4189fed37":[0.435303,-0.197531,-0.610803,0.048633,0.132786,0.336163,0.475993,-0.197081],"us-code-42-14113.-59bad42905940ce4":[-0.143176,-0.759136,0.317064,-0.045851,0.0,0.141878,0.529449,-0.011679],"us-code-45-231k.-79e271fe92b4b1cf":[-0.045519,0.474326,0.180768,0.750161,0.078047,-0.041088,0.368182,-0.184897]},"embedding_cosine_similarity":0.24130836677497827,"frame_ranking_loss":0.0,"legal_ir_losses":{},"legal_ir_predicted_view_distribution":{},"legal_ir_target_count":0,"legal_ir_target_hashes":{},"legal_ir_view_distribution":{},"reconstruction_loss":0.34847533803359376,"sample_count":4,"symbolic_validity_penalty":0.0},"validation_cosine_similarity_delta":-0.007752910964649501,"validation_cross_entropy_delta":0.020862049366811686,"worker_id":"random-uscode-daemon-detached"},{"after":{"cosine_loss":0.14084795066050954,"cross_entropy_loss":1.936679643119345,"decoded_embeddings":{"us-code-18-2197-c8a77a330cd3d237":[0.0468346899999999,-0.57354158,-0.27756406,0.37107084,0.43803573,-0.48586757999999997,0.12977132000000002,0.16316992],"us-code-19-1751-83fd3987462338ad":[0.47632483744582255,-0.009277285070142194,0.5894813713770212,0.6937906801128333,-0.3349106902118377,-0.23983867602077044,0.3019615382814925,0.18859106606558818],