{"final_evaluation":{"cosine_loss":0.5020519622859969,"cross_entropy_loss":1.468597709024361,"decoded_embeddings":{"us-code-42-19032.-a98a7675e0aa2ee1":[-0.23913753943723473,-0.6141547864606893,0.4939418674305224,0.21108876709520014,0.24693529357079247,-0.032533362168238655,-0.31577364847139905,-0.20217135400563607]},"embedding_cosine_similarity":0.4979480377140031,"frame_ranking_loss":0.0,"legal_ir_losses":{"legal_ir_multiview_acceptance_loss":0.0,"legal_ir_multiview_cosine_loss":0.3249276939590518,"legal_ir_multiview_cross_entropy_loss":0.5667547918970091,"legal_ir_multiview_frame_logic_missing_loss":0.0,"legal_ir_multiview_graph_failure_penalty":0.0,"legal_ir_multiview_proof_failure_ratio":0.0,"legal_ir_multiview_reconstruction_loss":0.21132103278620837,"legal_ir_multiview_text_reconstruction_loss":0.0,"legal_ir_multiview_total_loss":1.6728685853089358,"legal_ir_multiview_view_coverage_loss":0.0,"legal_ir_view_cross_entropy_loss":2.3978952727983702},"legal_ir_predicted_view_distribution":{"CEC.native":0.09090909090909091,"deontic.decoder":0.09090909090909091,"deontic.exports":0.09090909090909091,"deontic.formula_builder":0.09090909090909091,"deontic.graph":0.09090909090909091,"deontic.ir":0.09090909090909091,"deontic.metrics":0.09090909090909091,"deontic.prover_syntax":0.09090909090909091,"knowledge_graphs.neo4j_compat":0.09090909090909091,"modal.compiler":0.09090909090909091,"modal.frame_logic":0.09090909090909091},"legal_ir_target_count":1,"legal_ir_target_hashes":{"us-code-42-19032.-a98a7675e0aa2ee1":"d865dc3dd13a9202ef7d48f97a05625b985d0615943195ca5077fa68b6881ad1"},"legal_ir_view_distribution":{"CEC.native":0.18181818181818182,"deontic.decoder":0.045454545454545456,"deontic.exports":0.13636363636363635,"deontic.formula_builder":0.045454545454545456,"deontic.graph":0.045454545454545456,"deontic.ir":0.09090909090909091,"deontic.metrics":0.13636363636363635,"deontic.prover_syntax":0.09090909090909091,"knowledge_graphs.neo4j_compat":0.13636363636363635,"modal.compiler":0.045454545454545456,"modal.frame_logic":0.045454545454545456},"reconstruction_loss":0.3928349078584181,"sample_count":1,"symbolic_validity_penalty":0.0},"steps":[{"after":{"cosine_loss":0.5020519622859969,"cross_entropy_loss":1.468597709024361,"decoded_embeddings":{"us-code-42-19032.-a98a7675e0aa2ee1":[-0.23913753943723473,-0.6141547864606893,0.4939418674305224,0.21108876709520014,0.24693529357079247,-0.032533362168238655,-0.31577364847139905,-0.20217135400563607]},"embedding_cosine_similarity":0.4979480377140031,"frame_ranking_loss":0.0,"legal_ir_losses":{"legal_ir_multiview_acceptance_loss":0.0,"legal_ir_multiview_cosine_loss":0.3249276939590518,"legal_ir_multiview_cross_entropy_loss":0.5667547918970091,"legal_ir_multiview_frame_logic_missing_loss":0.0,"legal_ir_multiview_graph_failure_penalty":0.0,"legal_ir_multiview_proof_failure_ratio":0.0,"legal_ir_multiview_reconstruction_loss":0.21132103278620837,"legal_ir_multiview_text_reconstruction_loss":0.0,"legal_ir_multiview_total_loss":1.6728685853089358,"legal_ir_multiview_view_coverage_loss":0.0,"legal_ir_view_cross_entropy_loss":2.3978952727983702},"legal_ir_predicted_view_distribution":{"CEC.native":0.09090909090909091,"deontic.decoder":0.09090909090909091,"deontic.exports":0.09090909090909091,"deontic.formula_builder":0.09090909090909091,"deontic.graph":0.09090909090909091,"deontic.ir":0.09090909090909091,"deontic.metrics":0.09090909090909091,"deontic.prover_syntax":0.09090909090909091,"knowledge_graphs.neo4j_compat":0.09090909090909091,"modal.compiler":0.09090909090909091,"modal.frame_logic":0.09090909090909091},"legal_ir_target_count":1,"legal_ir_target_hashes":{"us-code-42-19032.-a98a7675e0aa2ee1":"d865dc3dd13a9202ef7d48f97a05625b985d0615943195ca5077fa68b6881ad1"},"legal_ir_view_distribution":{"CEC.native":0.18181818181818182,"deontic.decoder":0.045454545454545456,"deontic.exports":0.13636363636363635,"deontic.formula_builder":0.045454545454545456,"deontic.graph":0.045454545454545456,"deontic.ir":0.09090909090909091,"deontic.metrics":0.13636363636363635,"deontic.prover_syntax":0.09090909090909091,"knowledge_graphs.neo4j_compat":0.13636363636363635,"modal.compiler":0.045454545454545456,"modal.frame_logic":0.045454545454545456},"reconstruction_loss":0.3928349078584181,"sample_count":1,"symbolic_validity_penalty":0.0},"applied_count":1,"applied_updates":[{"action":"improve_encoder_decoder_reconstruction","changed":["decoded_embedding"],"sample_ids":["us-code-42-19032.-a98a7675e0aa2ee1"],"todo_id":"26b83f5f318d750f"}],"autoencoder_claimed_count":4,"before":{"cosine_loss":1.2722778053048842,"cross_entropy_loss":1.468597709024361,"decoded_embeddings":{"us-code-42-19032.-a98a7675e0aa2ee1":[0.15261932394271574,-0.5385299022472144,0.41446110373926515,-0.07996597369969212,0.7957537593396806,0.3194199812796328,-0.2843666130329216,-0.6868456215471324]},"embedding_cosine_similarity":-0.27227780530488427,"frame_ranking_loss":0.0,"legal_ir_losses":{"legal_ir_multiview_acceptance_loss":0.0,"legal_ir_multiview_cosine_loss":0.3249276939590518,"legal_ir_multiview_cross_entropy_loss":0.5667547918970091,"legal_ir_multiview_frame_logic_missing_loss":0.0,"legal_ir_multiview_graph_failure_penalty":0.0,"legal_ir_multiview_proof_failure_ratio":0.0,"legal_ir_multiview_reconstruction_loss":0.21132103278620837,"legal_ir_multiview_text_reconstruction_loss":0.0,"legal_ir_multiview_total_loss":1.6728685853089358,"legal_ir_multiview_view_coverage_loss":0.0,"legal_ir_view_cross_entropy_loss":2.3978952727983702},"legal_ir_predicted_view_distribution":{"CEC.native":0.09090909090909091,"deontic.decoder":0.09090909090909091,"deontic.exports":0.09090909090909091,"deontic.formula_builder":0.09090909090909091,"deontic.graph":0.09090909090909091,"deontic.ir":0.09090909090909091,"deontic.metrics":0.09090909090909091,"deontic.prover_syntax":0.09090909090909091,"knowledge_graphs.neo4j_compat":0.09090909090909091,"modal.compiler":0.09090909090909091,"modal.frame_logic":0.09090909090909091},"legal_ir_target_count":1,"legal_ir_target_hashes":{"us-code-42-19032.-a98a7675e0aa2ee1":"d865dc3dd13a9202ef7d48f97a05625b985d0615943195ca5077fa68b6881ad1"},"legal_ir_view_distribution":{"CEC.native":0.18181818181818182,"deontic.decoder":0.045454545454545456,"deontic.exports":0.13636363636363635,"deontic.formula_builder":0.045454545454545456,"deontic.graph":0.045454545454545456,"deontic.ir":0.09090909090909091,"deontic.metrics":0.13636363636363635,"deontic.prover_syntax":0.09090909090909091,"knowledge_graphs.neo4j_compat":0.13636363636363635,"modal.compiler":0.045454545454545456,"modal.frame_logic":0.045454545454545456},"reconstruction_loss":0.9297867641619363,"sample_count":1,"symbolic_validity_penalty":0.0},"bridge_loss_failure_count":0,"bridge_loss_sample_count":1,"bridge_loss_signal_count":12,"claimed_count":4,"claimed_open_count":0,"completed_count":1,"completed_todo_ids":["26b83f5f318d750f"],"cosine_similarity_delta":0.7702258430188873,"created_at":"2026-05-20T03:08:40+00:00","cross_entropy_delta":0.0,"failed_validation_count":3,"failed_validation_todo_ids":["01a737642b29c747","83d29eadaaaad525","448e787bafe1467b"],"improved":true,"iteration":1,"loss_seeded_count":4,"pending_count":0,"program_synthesis_deduped_count":0,"program_synthesis_pending_count":0,"program_synthesis_seeded_count":0,"seeded_count":4,"validation_after":{"cosine_loss":0.7379694258637031,"cross_entropy_loss":1.9082808161087095,"decoded_embeddings":{"us-code-16-831n-2-1f7c414db7aca941":[-0.6914005926784764,-0.18718491926044606,0.4372558014400319,-0.16778752122997248,0.14321922780822088,-0.030749521957130932,-0.017826962780618405,-0.331716756025863]},"embedding_cosine_similarity":0.2620305741362969,"frame_ranking_loss":0.0,"legal_ir_losses":{"legal_ir_multiview_acceptance_loss":0.33333333333333337,"legal_ir_multiview_cosine_loss":0.24619192392846156,"legal_ir_multiview_cross_entropy_loss":0.6360936053695698,"legal_ir_multiview_frame_logic_missing_loss":0.0,"legal_ir_multiview_graph_failure_penalty":0.0,