{"final_evaluation":{"cosine_loss":1.2618128758165064,"cross_entropy_loss":1.4042446913795832,"decoded_embeddings":{"us-code-2-60b-c90f944c18ae3f4e":[0.050162860236391174,0.1270328848356974,-0.3466884693364652,0.3321206747305714,0.2102871253618148,-0.2411841987019509,-0.09365066134133637,0.20885782992885268]},"embedding_cosine_similarity":-0.2618128758165063,"frame_ranking_loss":0.0,"legal_ir_losses":{"legal_ir_multiview_acceptance_loss":0.6666666666666667,"legal_ir_multiview_cosine_loss":0.8765969360652535,"legal_ir_multiview_cross_entropy_loss":0.4680815637931944,"legal_ir_multiview_frame_logic_missing_loss":0.0,"legal_ir_multiview_graph_failure_penalty":0.0,"legal_ir_multiview_proof_failure_ratio":0.6666666666666666,"legal_ir_multiview_reconstruction_loss":0.40837190852541666,"legal_ir_multiview_text_reconstruction_loss":0.3333333333333333,"legal_ir_multiview_total_loss":4.121485075050532,"legal_ir_multiview_view_coverage_loss":0.0,"legal_ir_view_cross_entropy_loss":2.3978952727983702},"legal_ir_predicted_view_distribution":{"CEC.native":0.09090909090909091,"deontic.decoder":0.09090909090909091,"deontic.exports":0.09090909090909091,"deontic.formula_builder":0.09090909090909091,"deontic.graph":0.09090909090909091,"deontic.ir":0.09090909090909091,"deontic.metrics":0.09090909090909091,"deontic.prover_syntax":0.09090909090909091,"knowledge_graphs.neo4j_compat":0.09090909090909091,"modal.compiler":0.09090909090909091,"modal.frame_logic":0.09090909090909091},"legal_ir_target_count":1,"legal_ir_target_hashes":{"us-code-2-60b-c90f944c18ae3f4e":"13276ec628d1c10d555411d8bfaf8026828b51cf374210152aa0cf8f4031aff6"},"legal_ir_view_distribution":{"CEC.native":0.18181818181818182,"deontic.decoder":0.045454545454545456,"deontic.exports":0.13636363636363635,"deontic.formula_builder":0.045454545454545456,"deontic.graph":0.045454545454545456,"deontic.ir":0.09090909090909091,"deontic.metrics":0.13636363636363635,"deontic.prover_syntax":0.09090909090909091,"knowledge_graphs.neo4j_compat":0.13636363636363635,"modal.compiler":0.045454545454545456,"modal.frame_logic":0.045454545454545456},"reconstruction_loss":0.33019653148098915,"sample_count":1,"symbolic_validity_penalty":0.0},"steps":[{"after":{"cosine_loss":1.2618128758165064,"cross_entropy_loss":1.4042446913795832,"decoded_embeddings":{"us-code-2-60b-c90f944c18ae3f4e":[0.050162860236391174,0.1270328848356974,-0.3466884693364652,0.3321206747305714,0.2102871253618148,-0.2411841987019509,-0.09365066134133637,0.20885782992885268]},"embedding_cosine_similarity":-0.2618128758165063,"frame_ranking_loss":0.0,"legal_ir_losses":{"legal_ir_multiview_acceptance_loss":0.6666666666666667,"legal_ir_multiview_cosine_loss":0.8765969360652535,"legal_ir_multiview_cross_entropy_loss":0.4680815637931944,"legal_ir_multiview_frame_logic_missing_loss":0.0,"legal_ir_multiview_graph_failure_penalty":0.0,"legal_ir_multiview_proof_failure_ratio":0.6666666666666666,"legal_ir_multiview_reconstruction_loss":0.40837190852541666,"legal_ir_multiview_text_reconstruction_loss":0.3333333333333333,"legal_ir_multiview_total_loss":4.121485075050532,"legal_ir_multiview_view_coverage_loss":0.0,"legal_ir_view_cross_entropy_loss":2.3978952727983702},"legal_ir_predicted_view_distribution":{"CEC.native":0.09090909090909091,"deontic.decoder":0.09090909090909091,"deontic.exports":0.09090909090909091,"deontic.formula_builder":0.09090909090909091,"deontic.graph":0.09090909090909091,"deontic.ir":0.09090909090909091,"deontic.metrics":0.09090909090909091,"deontic.prover_syntax":0.09090909090909091,"knowledge_graphs.neo4j_compat":0.09090909090909091,"modal.compiler":0.09090909090909091,"modal.frame_logic":0.09090909090909091},"legal_ir_target_count":1,"legal_ir_target_hashes":{"us-code-2-60b-c90f944c18ae3f4e":"13276ec628d1c10d555411d8bfaf8026828b51cf374210152aa0cf8f4031aff6"},"legal_ir_view_distribution":{"CEC.native":0.18181818181818182,"deontic.decoder":0.045454545454545456,"deontic.exports":0.13636363636363635,"deontic.formula_builder":0.045454545454545456,"deontic.graph":0.045454545454545456,"deontic.ir":0.09090909090909091,"deontic.metrics":0.13636363636363635,"deontic.prover_syntax":0.09090909090909091,"knowledge_graphs.neo4j_compat":0.13636363636363635,"modal.compiler":0.045454545454545456,"modal.frame_logic":0.045454545454545456},"reconstruction_loss":0.33019653148098915,"sample_count":1,"symbolic_validity_penalty":0.0},"applied_count":0,"applied_updates":[],"autoencoder_claimed_count":4,"before":{"cosine_loss":1.2618128758165064,"cross_entropy_loss":1.4042446913795832,"decoded_embeddings":{"us-code-2-60b-c90f944c18ae3f4e":[0.050162860236391174,0.1270328848356974,-0.3466884693364652,0.3321206747305714,0.2102871253618148,-0.2411841987019509,-0.09365066134133637,0.20885782992885268]},"embedding_cosine_similarity":-0.2618128758165063,"frame_ranking_loss":0.0,"legal_ir_losses":{"legal_ir_multiview_acceptance_loss":0.6666666666666667,"legal_ir_multiview_cosine_loss":0.8765969360652535,"legal_ir_multiview_cross_entropy_loss":0.4680815637931944,"legal_ir_multiview_frame_logic_missing_loss":0.0,"legal_ir_multiview_graph_failure_penalty":0.0,"legal_ir_multiview_proof_failure_ratio":0.6666666666666666,"legal_ir_multiview_reconstruction_loss":0.40837190852541666,"legal_ir_multiview_text_reconstruction_loss":0.3333333333333333,"legal_ir_multiview_total_loss":4.121485075050532,"legal_ir_multiview_view_coverage_loss":0.0,"legal_ir_view_cross_entropy_loss":2.3978952727983702},"legal_ir_predicted_view_distribution":{"CEC.native":0.09090909090909091,"deontic.decoder":0.09090909090909091,"deontic.exports":0.09090909090909091,"deontic.formula_builder":0.09090909090909091,"deontic.graph":0.09090909090909091,"deontic.ir":0.09090909090909091,"deontic.metrics":0.09090909090909091,"deontic.prover_syntax":0.09090909090909091,"knowledge_graphs.neo4j_compat":0.09090909090909091,"modal.compiler":0.09090909090909091,"modal.frame_logic":0.09090909090909091},"legal_ir_target_count":1,"legal_ir_target_hashes":{"us-code-2-60b-c90f944c18ae3f4e":"13276ec628d1c10d555411d8bfaf8026828b51cf374210152aa0cf8f4031aff6"},"legal_ir_view_distribution":{"CEC.native":0.18181818181818182,"deontic.decoder":0.045454545454545456,"deontic.exports":0.13636363636363635,"deontic.formula_builder":0.045454545454545456,"deontic.graph":0.045454545454545456,"deontic.ir":0.09090909090909091,"deontic.metrics":0.13636363636363635,"deontic.prover_syntax":0.09090909090909091,"knowledge_graphs.neo4j_compat":0.13636363636363635,"modal.compiler":0.045454545454545456,"modal.frame_logic":0.045454545454545456},"reconstruction_loss":0.33019653148098915,"sample_count":1,"symbolic_validity_penalty":0.0},"bridge_loss_failure_count":0,"bridge_loss_sample_count":1,"bridge_loss_signal_count":12,"claimed_count":4,"claimed_open_count":0,"completed_count":0,"completed_todo_ids":[],"cosine_similarity_delta":0.0,"created_at":"2026-05-20T02:59:40+00:00","cross_entropy_delta":0.0,"failed_validation_count":4,"failed_validation_todo_ids":["a93d6f9abae1b555","984d5766ff676e7a","d80c3f8ce04ab924","3fbe15f43fe0844a"],"improved":false,"iteration":1,"loss_seeded_count":4,"pending_count":0,"program_synthesis_deduped_count":0,"program_synthesis_pending_count":0,"program_synthesis_seeded_count":0,"seeded_count":4,"validation_after":{"cosine_loss":0.4714984230213273,"cross_entropy_loss":0.06692338910133132,"decoded_embeddings":{"us-code-42-3796ff.-72fae938f4061286":[-0.09977764280899,-0.34712054803165165,-0.014007943572221404,-0.3146707530875713,0.4793790392414109,0.14670692487959136,-0.12264834331094843,-0.04121646809159354]},"embedding_cosine_similarity":0.5285015769786727,"frame_ranking_loss":0.0,"legal_ir_losses":{"legal_ir_multiview_acceptance_loss":0.6666666666666667,"legal_ir_multiview_cosine_loss":0.9638123720175203,"legal_ir_multiview_cross_entropy_loss":0.02230779636711044,"legal_ir_multiview_frame_logic_missing_loss":0.0,"legal_ir_multiview_graph_failure_penalty":0.0,"legal_ir_multiview_proof_failure_ratio":0.6666666666666666,