{"final_evaluation":{"cosine_loss":1.0529895940678988,"cross_entropy_loss":1.5584091426271462,"decoded_embeddings":{"us-code-19-469-fdd5e9cca7e74d57":[-0.34411663578334095,0.5788555340940463,-0.19768823030373228,-0.262378116623645,0.35298115470990576,-0.2995619282445244,0.23932789295297568,0.3463274622980278],"us-code-42-300ff-4bf5f32d27df0c21":[0.0835779663563813,-0.19503616126860773,0.3809717013867828,0.006400112308654449,-0.06488013478712645,-0.03297359968327311,-0.011138183448370031,0.17180325101790986],"us-code-49-50102.-bf0f8123bf14f958":[-0.06958899959639914,-0.29579005805852854,-0.24556172588189026,-0.16920678823186275,0.07507537308845422,-0.21091234752817933,-0.12912342668750748,-0.5589990989574356],"us-code-7-6952-fdca66e401935cc8":[-0.25141790473769104,0.6977165341933882,-0.11210437820669733,-0.7673770948837134,-0.026812959263389696,-0.38999260010935044,-0.35954748760893307,0.21169239708475665]},"embedding_cosine_similarity":-0.05298959406789894,"frame_ranking_loss":0.0,"legal_ir_losses":{"legal_ir_multiview_acceptance_loss":0.0,"legal_ir_multiview_cosine_loss":0.1941539479695561,"legal_ir_multiview_cross_entropy_loss":0.27539702891075735,"legal_ir_multiview_frame_logic_missing_loss":0.0,"legal_ir_multiview_graph_failure_penalty":0.0,"legal_ir_multiview_proof_failure_ratio":0.0,"legal_ir_multiview_reconstruction_loss":0.09122998305959375,"legal_ir_multiview_text_reconstruction_loss":0.0,"legal_ir_multiview_total_loss":0.8447191516065738,"legal_ir_multiview_view_coverage_loss":0.0,"legal_ir_view_cross_entropy_loss":1.582752179543467},"legal_ir_predicted_view_distribution":{"CEC.native":0.22355636930821948,"TDFOL.prover":0.1932083614668397,"deontic.ir":0.22444754309583678,"knowledge_graphs.neo4j_compat":0.20415470328460322,"zkp.circuits":0.15463302284450076},"legal_ir_target_count":4,"legal_ir_target_hashes":{"us-code-19-469-fdd5e9cca7e74d57":"fd6c6e5c318e66c13de20d82bef10028fe028c7be9c8301381904d0415912afe","us-code-42-300ff-4bf5f32d27df0c21":"87df65745bcedfe9cd7690be7c117b70f669b68b8ad06ae69b82c0b9f1e65f04","us-code-49-50102.-bf0f8123bf14f958":"9aa51721f41e4da7bec62e53cfa3e278bbf97c4acfe67e89f96ec9b5f81da23d","us-code-7-6952-fdca66e401935cc8":"1e26e5b8756bacd0e2971ff992975f3e84b6a905785f540a8d17f6c838b87c3f"},"legal_ir_view_distribution":{"CEC.native":0.2283139780858135,"TDFOL.prover":0.21920461458102938,"deontic.ir":0.280957842157769,"knowledge_graphs.neo4j_compat":0.1665235651753882,"zkp.circuits":0.10500000000000001},"reconstruction_loss":0.42880627887030187,"sample_count":4,"symbolic_validity_penalty":0.0},"steps":[{"after":{"cosine_loss":1.0529895940678988,"cross_entropy_loss":1.5584091426271462,"decoded_embeddings":{"us-code-19-469-fdd5e9cca7e74d57":[-0.34411663578334095,0.5788555340940463,-0.19768823030373228,-0.262378116623645,0.35298115470990576,-0.2995619282445244,0.23932789295297568,0.3463274622980278],"us-code-42-300ff-4bf5f32d27df0c21":[0.0835779663563813,-0.19503616126860773,0.3809717013867828,0.006400112308654449,-0.06488013478712645,-0.03297359968327311,-0.011138183448370031,0.17180325101790986],"us-code-49-50102.-bf0f8123bf14f958":[-0.06958899959639914,-0.29579005805852854,-0.24556172588189026,-0.16920678823186275,0.07507537308845422,-0.21091234752817933,-0.12912342668750748,-0.5589990989574356],"us-code-7-6952-fdca66e401935cc8":[-0.25141790473769104,0.6977165341933882,-0.11210437820669733,-0.7673770948837134,-0.026812959263389696,-0.38999260010935044,-0.35954748760893307,0.21169239708475665]},"embedding_cosine_similarity":-0.05298959406789894,"frame_ranking_loss":0.0,"legal_ir_losses":{"legal_ir_multiview_acceptance_loss":0.0,"legal_ir_multiview_cosine_loss":0.1941539479695561,"legal_ir_multiview_cross_entropy_loss":0.27539702891075735,"legal_ir_multiview_frame_logic_missing_loss":0.0,"legal_ir_multiview_graph_failure_penalty":0.0,"legal_ir_multiview_proof_failure_ratio":0.0,"legal_ir_multiview_reconstruction_loss":0.09122998305959375,"legal_ir_multiview_text_reconstruction_loss":0.0,"legal_ir_multiview_total_loss":0.8447191516065738,"legal_ir_multiview_view_coverage_loss":0.0,"legal_ir_view_cross_entropy_loss":1.582752179543467},"legal_ir_predicted_view_distribution":{"CEC.native":0.22355636930821948,"TDFOL.prover":0.1932083614668397,"deontic.ir":0.22444754309583678,"knowledge_graphs.neo4j_compat":0.20415470328460322,"zkp.circuits":0.15463302284450076},"legal_ir_target_count":4,"legal_ir_target_hashes":{"us-code-19-469-fdd5e9cca7e74d57":"fd6c6e5c318e66c13de20d82bef10028fe028c7be9c8301381904d0415912afe","us-code-42-300ff-4bf5f32d27df0c21":"87df65745bcedfe9cd7690be7c117b70f669b68b8ad06ae69b82c0b9f1e65f04","us-code-49-50102.-bf0f8123bf14f958":"9aa51721f41e4da7bec62e53cfa3e278bbf97c4acfe67e89f96ec9b5f81da23d","us-code-7-6952-fdca66e401935cc8":"1e26e5b8756bacd0e2971ff992975f3e84b6a905785f540a8d17f6c838b87c3f"},"legal_ir_view_distribution":{"CEC.native":0.2283139780858135,"TDFOL.prover":0.21920461458102938,"deontic.ir":0.280957842157769,"knowledge_graphs.neo4j_compat":0.1665235651753882,"zkp.circuits":0.10500000000000001},"reconstruction_loss":0.42880627887030187,"sample_count":4,"symbolic_validity_penalty":0.0},"applied_count":0,"applied_updates":[],"autoencoder_claimed_count":0,"before":{"cosine_loss":1.0529895940678988,"cross_entropy_loss":1.5584091426271462,"decoded_embeddings":{"us-code-19-469-fdd5e9cca7e74d57":[-0.34411663578334095,0.5788555340940463,-0.19768823030373228,-0.262378116623645,0.35298115470990576,-0.2995619282445244,0.23932789295297568,0.3463274622980278],"us-code-42-300ff-4bf5f32d27df0c21":[0.0835779663563813,-0.19503616126860773,0.3809717013867828,0.006400112308654449,-0.06488013478712645,-0.03297359968327311,-0.011138183448370031,0.17180325101790986],"us-code-49-50102.-bf0f8123bf14f958":[-0.06958899959639914,-0.29579005805852854,-0.24556172588189026,-0.16920678823186275,0.07507537308845422,-0.21091234752817933,-0.12912342668750748,-0.5589990989574356],"us-code-7-6952-fdca66e401935cc8":[-0.25141790473769104,0.6977165341933882,-0.11210437820669733,-0.7673770948837134,-0.026812959263389696,-0.38999260010935044,-0.35954748760893307,0.21169239708475665]},"embedding_cosine_similarity":-0.05298959406789894,"frame_ranking_loss":0.0,"legal_ir_losses":{"legal_ir_multiview_acceptance_loss":0.0,"legal_ir_multiview_cosine_loss":0.1941539479695561,"legal_ir_multiview_cross_entropy_loss":0.27539702891075735,"legal_ir_multiview_frame_logic_missing_loss":0.0,"legal_ir_multiview_graph_failure_penalty":0.0,"legal_ir_multiview_proof_failure_ratio":0.0,"legal_ir_multiview_reconstruction_loss":0.09122998305959375,"legal_ir_multiview_text_reconstruction_loss":0.0,"legal_ir_multiview_total_loss":0.8447191516065738,"legal_ir_multiview_view_coverage_loss":0.0,"legal_ir_view_cross_entropy_loss":1.582752179543467},"legal_ir_predicted_view_distribution":{"CEC.native":0.22355636930821948,"TDFOL.prover":0.1932083614668397,"deontic.ir":0.22444754309583678,"knowledge_graphs.neo4j_compat":0.20415470328460322,"zkp.circuits":0.15463302284450076},"legal_ir_target_count":4,"legal_ir_target_hashes":{"us-code-19-469-fdd5e9cca7e74d57":"fd6c6e5c318e66c13de20d82bef10028fe028c7be9c8301381904d0415912afe","us-code-42-300ff-4bf5f32d27df0c21":"87df65745bcedfe9cd7690be7c117b70f669b68b8ad06ae69b82c0b9f1e65f04","us-code-49-50102.-bf0f8123bf14f958":"9aa51721f41e4da7bec62e53cfa3e278bbf97c4acfe67e89f96ec9b5f81da23d","us-code-7-6952-fdca66e401935cc8":"1e26e5b8756bacd0e2971ff992975f3e84b6a905785f540a8d17f6c838b87c3f"},"legal_ir_view_distribution":{"CEC.native":0.2283139780858135,"TDFOL.prover":0.21920461458102938,"deontic.ir":0.280957842157769,"knowledge_graphs.neo4j_compat":0.1665235651753882,"zkp.circuits":0.10500000000000001},"reconstruction_loss":0.42880627887030187,"sample_count":4,"symbolic_validity_penalty":0.0},"bridge_loss_failure_count":0,"bridge_loss_sample_count":4,"bridge_loss_signal_count":44,"claimed_count":0,"claimed_open_count":0,"completed_count":0,"completed_todo_ids":[],"cosine_similarity_delta":0.0,