{"final_evaluation":{"cosine_loss":1.1557911851197762,"cross_entropy_loss":1.1915069397582785,"decoded_embeddings":{"us-code-10-2200j-615353116853e772":[-0.1705225778410662,-0.265115260830693,-0.09488205013550241,-0.0884191500902472,1.02339313182063,0.455715435958296,-0.10058611286880079,0.20865662151756692],"us-code-unknown-unknown-ff5be9c450b021c6":[-0.01702070369495295,-0.8916599305739399,-0.1315928455865463,-0.023421606852989198,0.20290868663658398,-0.0076447594462156175,-0.14822675728894075,0.05719599377299772]},"embedding_cosine_similarity":-0.15579118511977608,"frame_ranking_loss":0.0,"reconstruction_loss":0.43339741228521034,"sample_count":2,"symbolic_validity_penalty":1.0},"steps":[{"after":{"cosine_loss":1.1557911851197762,"cross_entropy_loss":1.1915069397582785,"decoded_embeddings":{"us-code-10-2200j-615353116853e772":[-0.1705225778410662,-0.265115260830693,-0.09488205013550241,-0.0884191500902472,1.02339313182063,0.455715435958296,-0.10058611286880079,0.20865662151756692],"us-code-unknown-unknown-ff5be9c450b021c6":[-0.01702070369495295,-0.8916599305739399,-0.1315928455865463,-0.023421606852989198,0.20290868663658398,-0.0076447594462156175,-0.14822675728894075,0.05719599377299772]},"embedding_cosine_similarity":-0.15579118511977608,"frame_ranking_loss":0.0,"reconstruction_loss":0.43339741228521034,"sample_count":2,"symbolic_validity_penalty":1.0},"applied_count":0,"applied_updates":[],"autoencoder_claimed_count":4,"before":{"cosine_loss":1.1557911851197762,"cross_entropy_loss":1.1915069397582785,"decoded_embeddings":{"us-code-10-2200j-615353116853e772":[-0.1705225778410662,-0.265115260830693,-0.09488205013550241,-0.0884191500902472,1.02339313182063,0.455715435958296,-0.10058611286880079,0.20865662151756692],"us-code-unknown-unknown-ff5be9c450b021c6":[-0.01702070369495295,-0.8916599305739399,-0.1315928455865463,-0.023421606852989198,0.20290868663658398,-0.0076447594462156175,-0.14822675728894075,0.05719599377299772]},"embedding_cosine_similarity":-0.15579118511977608,"frame_ranking_loss":0.0,"reconstruction_loss":0.43339741228521034,"sample_count":2,"symbolic_validity_penalty":1.0},"claimed_count":4,"claimed_open_count":0,"completed_count":0,"completed_todo_ids":[],"cosine_similarity_delta":0.0,"created_at":"2026-05-09T23:14:08+00:00","cross_entropy_delta":0.0,"failed_validation_count":4,"failed_validation_todo_ids":["1c9f0409ef0d0d52","7b5a5b8fe590f18e","36b24331c8e81368","53451ed5b00fd974"],"improved":false,"iteration":1,"loss_seeded_count":10,"pending_count":96,"program_synthesis_pending_count":64,"program_synthesis_seeded_count":4,"seeded_count":14,"validation_after":{"cosine_loss":1.1531795183372993,"cross_entropy_loss":7.004302953008101,"decoded_embeddings":{"us-code-49-47304.-19113d2ad516c739":[-0.2930949616913294,0.22660728769596536,0.1435895319727712,0.35524001679492506,0.005103460500983231,-0.264184032122866,-0.2044873900483842,0.4815588562078334],"us-code-52-30121.-d08464ce082713e9":[-0.14969782556445724,-0.3396158252048484,-0.09931563667550086,-0.18189800854562332,0.2440732604295089,0.018919295831357714,-0.5726653267764861,-0.2759946117452813]},"embedding_cosine_similarity":-0.15317951833729926,"frame_ranking_loss":0.0,"reconstruction_loss":0.5094228660671103,"sample_count":2,"symbolic_validity_penalty":0.0},"validation_before":{"cosine_loss":1.1531795183372993,"cross_entropy_loss":7.004302953008101,"decoded_embeddings":{"us-code-49-47304.-19113d2ad516c739":[-0.2930949616913294,0.22660728769596536,0.1435895319727712,0.35524001679492506,0.005103460500983231,-0.264184032122866,-0.2044873900483842,0.4815588562078334],"us-code-52-30121.-d08464ce082713e9":[-0.14969782556445724,-0.3396158252048484,-0.09931563667550086,-0.18189800854562332,0.2440732604295089,0.018919295831357714,-0.5726653267764861,-0.2759946117452813]},"embedding_cosine_similarity":-0.15317951833729926,"frame_ranking_loss":0.0,"reconstruction_loss":0.5094228660671103,"sample_count":2,"symbolic_validity_penalty":0.0},"validation_cosine_similarity_delta":0.0,"validation_cross_entropy_delta":0.0,"worker_id":"random-uscode-daemon-detached"}],"stopped_reason":"no_validated_improvement","validation_final_evaluation":{"cosine_loss":1.1531795183372993,"cross_entropy_loss":7.004302953008101,"decoded_embeddings":{"us-code-49-47304.-19113d2ad516c739":[-0.2930949616913294,0.22660728769596536,0.1435895319727712,0.35524001679492506,0.005103460500983231,-0.264184032122866,-0.2044873900483842,0.4815588562078334],"us-code-52-30121.-d08464ce082713e9":[-0.14969782556445724,-0.3396158252048484,-0.09931563667550086,-0.18189800854562332,0.2440732604295089,0.018919295831357714,-0.5726653267764861,-0.2759946117452813]},"embedding_cosine_similarity":-0.15317951833729926,"frame_ranking_loss":0.0,"reconstruction_loss":0.5094228660671103,"sample_count":2,"symbolic_validity_penalty":0.0}}
