{"final_evaluation":{"cosine_loss":1.1413683391415415,"cross_entropy_loss":7.810139809461292,"decoded_embeddings":{"us-code-10-14513-cde2009c9f4dca79":[-0.0010451343959172466,-0.569640846243181,0.3910028879261969,0.1947110903917288,0.16614525703749447,-0.37427151658099755,-0.23753853031962882,0.29560886952196275],"us-code-42-15002.-1b888a13a1154232":[0.23191874738053125,0.608269320769937,-0.1212909461580007,-0.12260293350239061,-0.375168218599586,-0.11285272292994902,-0.08609385202989664,-0.05298357782101279],"us-code-42-1973aa-5b544e271be3882f":[-0.1154426961397629,-0.6027719775494779,0.3276822730339433,-0.1387202256012957,0.3018269716605985,-0.18313521817368983,0.023715101300760155,0.07960544173036942],"us-code-42-5301.-ae622ce2da608d6b":[0.32469844514452995,-0.20287865191058493,0.003435568974292147,0.07590043626323473,0.10329824236111487,-0.4943737598786391,-0.10925990506862227,-0.7129955490397866]},"embedding_cosine_similarity":-0.14136833914154157,"frame_ranking_loss":0.0,"reconstruction_loss":0.5084088750939986,"sample_count":4,"symbolic_validity_penalty":0.25},"steps":[{"after":{"cosine_loss":1.2349470083529004,"cross_entropy_loss":7.810139809461292,"decoded_embeddings":{"us-code-10-14513-cde2009c9f4dca79":[-0.008602732617238706,-0.5673199978859861,0.3846257788794887,0.19928148216001768,0.1608311219163182,-0.3737596820595249,-0.244931487281792,0.2967073065502679],"us-code-42-15002.-1b888a13a1154232":[0.07135543422566407,0.6575764009624212,-0.2567744326975009,-0.025503666877988246,-0.4880685232494825,-0.10197865366243629,-0.2431593150373708,-0.02964697227626599],"us-code-42-1973aa-5b544e271be3882f":[-0.1168686580683141,-0.6023340816330259,0.3264790449119229,-0.13785788753180722,0.300824304656603,-0.18303864562246858,0.022320203760729296,0.07981269399986095],"us-code-42-5301.-ae622ce2da608d6b":[0.29346987890925813,-0.1932887313402887,-0.022915126897954774,0.09478563998503223,0.0813398349736128,-0.49225882100689355,-0.13980816119529776,-0.708456724337922]},"embedding_cosine_similarity":-0.23494700835290042,"frame_ranking_loss":0.0,"reconstruction_loss":0.5385902481459008,"sample_count":4,"symbolic_validity_penalty":0.25},"applied_count":1,"applied_updates":[{"action":"improve_encoder_decoder_reconstruction","changed":["decoded_embedding"],"sample_ids":["us-code-42-15002.-1b888a13a1154232"],"todo_id":"af74dd0c6e2c9d7b"}],"autoencoder_claimed_count":6,"before":{"cosine_loss":1.321058876745356,"cross_entropy_loss":7.810139809461292,"decoded_embeddings":{"us-code-10-14513-cde2009c9f4dca79":[-0.018049730393890573,-0.5644189374394921,0.3766543925711034,0.2049944718703789,0.1541884530148478,-0.3731198889076841,-0.25417268348449673,0.29808035283564926],"us-code-42-15002.-1b888a13a1154232":[-0.12934870721791988,0.7192102512030265,-0.4261287908718761,0.0958704164025147,-0.6291939040618532,-0.08838606707804536,-0.4394911437967135,-0.0004762153453324869],"us-code-42-1973aa-5b544e271be3882f":[-0.11865111047900315,-0.601786711737461,0.32497500975939736,-0.13677996494494668,0.2995709709016085,-0.18291792993344203,0.020576581835690666,0.08007175933672529],"us-code-42-5301.-ae622ce2da608d6b":[0.25443417111516853,-0.18130133062741768,-0.055853496738264674,0.11839214463727915,0.0538918257392352,-0.4896151474172119,-0.1779934813536428,-0.7027831934605911]},"embedding_cosine_similarity":-0.32105887674535594,"frame_ranking_loss":0.0,"reconstruction_loss":0.5849169895889458,"sample_count":4,"symbolic_validity_penalty":0.25},"claimed_count":6,"claimed_open_count":0,"completed_count":1,"completed_todo_ids":["af74dd0c6e2c9d7b"],"cosine_similarity_delta":0.08611186839245552,"created_at":"2026-05-09T23:05:49+00:00","cross_entropy_delta":0.0,"failed_validation_count":5,"failed_validation_todo_ids":["192f3b2006f8742f","4eb1c5a7197e5639","c5790a94f02b0d23","f728bab310f5e6b2","8a2c15df91fb7658"],"improved":true,"iteration":1,"loss_seeded_count":17,"pending_count":300,"program_synthesis_pending_count":120,"program_synthesis_seeded_count":4,"seeded_count":21,"validation_after":{"cosine_loss":0.8342472097520144,"cross_entropy_loss":3.943188215576555,"decoded_embeddings":{"us-code-11-504-ea365215f05256d1":[-0.12831173010641173,-0.3166415291483123,0.2569761475912365,-0.34348065577291736,0.09689000625126995,-0.2537843439068389,-0.16368931837094877,-0.28487064909285664],"us-code-22-2026-b4ed4207d3065e1e":[-0.26826369102637215,0.5319300902379925,-0.19174293881185508,0.337667554172114,0.5961476602662156,0.10266819735034129,0.11387943480800056,-0.08467093111768145],"us-code-28-605-88c96de7a89e3cb6":[0.15157067025296442,-0.5634037455957323,-0.06738385329052286,0.38916136408645774,0.5244863301177377,0.26924536504580227,0.021572276446142347,0.034258999191234665],"us-code-42-15705.-d151368d31e25578":[-0.0719121025748802,-0.018780285031615274,0.07454238253997558,0.39797939851477304,-0.16041865112624926,-0.11481921615482073,-0.2476194629907981,-0.7265965348720219]},"embedding_cosine_similarity":0.16575279024798567,"frame_ranking_loss":0.0,"reconstruction_loss":0.3427302585008192,"sample_count":4,"symbolic_validity_penalty":0.0},"validation_before":{"cosine_loss":0.8345591831653849,"cross_entropy_loss":3.943188215576555,"decoded_embeddings":{"us-code-11-504-ea365215f05256d1":[-0.13775872788306362,-0.3137404687018184,0.24900476128285115,-0.33776766606255626,0.09024733734979959,-0.25314455075499814,-0.17293051457365352,-0.2834976028074752],"us-code-22-2026-b4ed4207d3065e1e":[-0.2786019150083684,0.5351048356322688,-0.20046634269650318,0.3439195051759054,0.588878324487248,0.10336834834669535,0.10376642764277694,-0.08316835216386782],"us-code-28-605-88c96de7a89e3cb6":[0.1419454272352436,-0.5604479481596818,-0.07550564311416073,0.39498214605550486,0.5177183278407679,0.2698972297665457,0.012156718050933768,0.03565795201030243],"us-code-42-15705.-d151368d31e25578":[-0.07797244077122295,-0.016919227386694644,0.06942866302138884,0.401644335310099,-0.1646799858932303,-0.11440878281213035,-0.25354777753592933,-0.7257157127266831]},"embedding_cosine_similarity":0.16544081683461506,"frame_ranking_loss":0.0,"reconstruction_loss":0.34294512452201,"sample_count":4,"symbolic_validity_penalty":0.0},"validation_cosine_similarity_delta":0.0003119734133706087,"validation_cross_entropy_delta":0.0,"worker_id":"random-uscode-daemon-detached"},{"after":{"cosine_loss":1.1413683391415415,"cross_entropy_loss":7.810139809461292,"decoded_embeddings":{"us-code-10-14513-cde2009c9f4dca79":[-0.0010451343959172466,-0.569640846243181,0.3910028879261969,0.1947110903917288,0.16614525703749447,-0.37427151658099755,-0.23753853031962882,0.29560886952196275],"us-code-42-15002.-1b888a13a1154232":[0.23191874738053125,0.608269320769937,-0.1212909461580007,-0.12260293350239061,-0.375168218599586,-0.11285272292994902,-0.08609385202989664,-0.05298357782101279],"us-code-42-1973aa-5b544e271be3882f":[-0.1154426961397629,-0.6027719775494779,0.3276822730339433,-0.1387202256012957,0.3018269716605985,-0.18313521817368983,0.023715101300760155,0.07960544173036942],"us-code-42-5301.-ae622ce2da608d6b":[0.32469844514452995,-0.20287865191058493,0.003435568974292147,0.07590043626323473,0.10329824236111487,-0.4943737598786391,-0.10925990506862227,-0.7129955490397866]},"embedding_cosine_similarity":-0.14136833914154157,"frame_ranking_loss":0.0,"reconstruction_loss":0.5084088750939986,"sample_count":4,"symbolic_validity_penalty":0.25},"applied_count":1,"applied_updates":[{"action":"improve_encoder_decoder_reconstruction","changed":["decoded_embedding"],"sample_ids":["us-code-42-15002.-1b888a13a1154232"],"todo_id":"a536344bb57dc419"}],"autoencoder_claimed_count":6,"before":{"cosine_loss":1.2349470083529004,"cross_entropy_loss":7.810139809461292,"decoded_embeddings":{"us-code-10-14513-cde2009c9f4dca79":[-0.008602732617238706,-0.5673199978859861,0.3846257788794887,0.19928148216001768,0.1608311219163182,-0.3737596820595249,-0.244931487281792,0.2967073065502679],