{"final_evaluation":{"cosine_loss":0.4129087154237387,"cross_entropy_loss":14.184159015846431,"decoded_embeddings":{"us-code-16-471-6d3e418b3f0e31d4":[-0.1065659320214089,-0.13075706412931729,-0.3374249414392989,0.36730545906842715,-0.25095916078355635,0.10489852638127423,0.028074371699443032,-0.1601157711252523],"us-code-26-7482-bf777aa40efc11f8":[0.4112404343006184,-0.6102554145575343,-0.051913580567954254,-0.636124826911328,0.6201128782987788,0.3468292127498733,0.13982568328584122,0.29624297866040417]},"embedding_cosine_similarity":0.5870912845762613,"frame_ranking_loss":0.0,"reconstruction_loss":0.19392797728796693,"sample_count":2,"symbolic_validity_penalty":0.0},"steps":[{"after":{"cosine_loss":0.4129087154237387,"cross_entropy_loss":14.184159015846431,"decoded_embeddings":{"us-code-16-471-6d3e418b3f0e31d4":[-0.1065659320214089,-0.13075706412931729,-0.3374249414392989,0.36730545906842715,-0.25095916078355635,0.10489852638127423,0.028074371699443032,-0.1601157711252523],"us-code-26-7482-bf777aa40efc11f8":[0.4112404343006184,-0.6102554145575343,-0.051913580567954254,-0.636124826911328,0.6201128782987788,0.3468292127498733,0.13982568328584122,0.29624297866040417]},"embedding_cosine_similarity":0.5870912845762613,"frame_ranking_loss":0.0,"reconstruction_loss":0.19392797728796693,"sample_count":2,"symbolic_validity_penalty":0.0},"applied_count":0,"applied_updates":[],"before":{"cosine_loss":0.4129087154237387,"cross_entropy_loss":14.184159015846431,"decoded_embeddings":{"us-code-16-471-6d3e418b3f0e31d4":[-0.1065659320214089,-0.13075706412931729,-0.3374249414392989,0.36730545906842715,-0.25095916078355635,0.10489852638127423,0.028074371699443032,-0.1601157711252523],"us-code-26-7482-bf777aa40efc11f8":[0.4112404343006184,-0.6102554145575343,-0.051913580567954254,-0.636124826911328,0.6201128782987788,0.3468292127498733,0.13982568328584122,0.29624297866040417]},"embedding_cosine_similarity":0.5870912845762613,"frame_ranking_loss":0.0,"reconstruction_loss":0.19392797728796693,"sample_count":2,"symbolic_validity_penalty":0.0},"claimed_count":4,"claimed_open_count":0,"completed_count":0,"completed_todo_ids":[],"cosine_similarity_delta":0.0,"created_at":"2026-05-09T19:30:50+00:00","cross_entropy_delta":0.0,"failed_validation_count":4,"failed_validation_todo_ids":["69670fb546ad69ab","d41477ab09c09f13","f00cc31438e6e314","faf7c2d7a6dee58a"],"improved":false,"iteration":1,"pending_count":10,"seeded_count":6,"validation_after":{"cosine_loss":1.2535004485017094,"cross_entropy_loss":1.3449275023273208,"decoded_embeddings":{"us-code-49-41715.-848f0fbd5d38f5e4":[-0.09764285949665896,-0.22388047549373993,0.03706376436384129,-0.45501888185520556,0.6029766959380742,0.08422133550959861,0.178914178402948,-0.5267763126677673],"us-code-5-3306-853dea1abc4dbf00":[0.8414700619782692,0.07514559992267744,-0.20676794769439716,-0.3067056967552701,-0.19525476042211334,0.19361459582330912,0.37503779638288265,0.5149502174507634]},"embedding_cosine_similarity":-0.25350044850170933,"frame_ranking_loss":0.0,"reconstruction_loss":0.4784987855203926,"sample_count":2,"symbolic_validity_penalty":0.5},"validation_before":{"cosine_loss":1.2535004485017094,"cross_entropy_loss":1.3449275023273208,"decoded_embeddings":{"us-code-49-41715.-848f0fbd5d38f5e4":[-0.09764285949665896,-0.22388047549373993,0.03706376436384129,-0.45501888185520556,0.6029766959380742,0.08422133550959861,0.178914178402948,-0.5267763126677673],"us-code-5-3306-853dea1abc4dbf00":[0.8414700619782692,0.07514559992267744,-0.20676794769439716,-0.3067056967552701,-0.19525476042211334,0.19361459582330912,0.37503779638288265,0.5149502174507634]},"embedding_cosine_similarity":-0.25350044850170933,"frame_ranking_loss":0.0,"reconstruction_loss":0.4784987855203926,"sample_count":2,"symbolic_validity_penalty":0.5},"validation_cosine_similarity_delta":0.0,"validation_cross_entropy_delta":0.0,"worker_id":"random-uscode-daemon-detached"}],"stopped_reason":"no_validated_improvement","validation_final_evaluation":{"cosine_loss":1.2535004485017094,"cross_entropy_loss":1.3449275023273208,"decoded_embeddings":{"us-code-49-41715.-848f0fbd5d38f5e4":[-0.09764285949665896,-0.22388047549373993,0.03706376436384129,-0.45501888185520556,0.6029766959380742,0.08422133550959861,0.178914178402948,-0.5267763126677673],"us-code-5-3306-853dea1abc4dbf00":[0.8414700619782692,0.07514559992267744,-0.20676794769439716,-0.3067056967552701,-0.19525476042211334,0.19361459582330912,0.37503779638288265,0.5149502174507634]},"embedding_cosine_similarity":-0.25350044850170933,"frame_ranking_loss":0.0,"reconstruction_loss":0.4784987855203926,"sample_count":2,"symbolic_validity_penalty":0.5}}
