{"final_evaluation":{"cosine_loss":0.6631821345544475,"cross_entropy_loss":1.4060768074070158,"decoded_embeddings":{"us-code-10-2891-dd59f8b75bcb708a":[0.06343548190744563,-0.5296828347475109,-0.02274416765958953,-0.6274369821075105,0.21547378353415575,-0.4335917066385494,0.48507311854986496,-0.7539675926533129],"us-code-15-8513-58546403b753566b":[0.2974660244671824,-0.33053678377954937,0.05792924793627319,0.017394063419346666,0.1847375396062257,-0.6628587374123366,0.5672972332992687,0.3606329446035016],"us-code-18-968-900d17672616d54c":[-0.05550902333966126,0.2855370718789462,-0.6205288930647902,0.40614226332362857,0.08773576905287715,-0.42179735992699385,0.24099380892720307,-0.34624901722369866],"us-code-2-273-18dcf47cde211262":[-0.47162632487274925,-0.6598371688785779,-0.5977874265888565,-0.02329527119473307,-0.007118727529137475,0.33567217659822857,0.23573788922783578,-0.2392167853351295]},"embedding_cosine_similarity":0.3368178654455525,"frame_ranking_loss":0.0,"reconstruction_loss":0.29753828090001305,"sample_count":4,"symbolic_validity_penalty":0.25},"steps":[{"after":{"cosine_loss":0.8563025714006969,"cross_entropy_loss":1.4060768074070158,"decoded_embeddings":{"us-code-10-2891-dd59f8b75bcb708a":[-0.0585054024805059,-0.4269511296800216,-0.05703767614561195,-0.6876265546577413,0.4256585891626434,-0.13037195663076956,0.37017852239471183,-1.0138575156049452],"us-code-15-8513-58546403b753566b":[-0.003452609586955341,-0.07702144708074425,-0.02669828106955595,-0.13113826884170532,0.7034193986571713,0.08540935534879701,0.2837670202067135,-0.2807083168739131],"us-code-18-968-900d17672616d54c":[-0.09287800403919469,0.3170193685931769,-0.6310381940524422,0.38769707173565476,0.15214724174547822,-0.3288751784729968,0.20578417462159165,-0.42589270328952133],"us-code-2-273-18dcf47cde211262":[-0.5581650170190372,-0.5869307975403593,-0.62212475519184,-0.06601045171425146,0.14204468291688585,0.5508603862811688,0.1541997887306304,-0.4236547951717715]},"embedding_cosine_similarity":0.14369742859930304,"frame_ranking_loss":0.0,"reconstruction_loss":0.3654044561874067,"sample_count":4,"symbolic_validity_penalty":0.25},"applied_count":1,"applied_updates":[{"action":"improve_encoder_decoder_reconstruction","changed":["decoded_embedding"],"sample_ids":["us-code-15-8513-58546403b753566b"],"todo_id":"2b8da96d8639198f"}],"before":{"cosine_loss":0.9515453248509245,"cross_entropy_loss":1.4060768074070158,"decoded_embeddings":{"us-code-10-2891-dd59f8b75bcb708a":[-0.1490247562063673,-0.3506911648901992,-0.08249448860623892,-0.7323065751088719,0.5816833126504323,0.09471461663286873,0.2848897807002491,-1.2067794218509373],"us-code-15-8513-58546403b753566b":[-0.22683101474916204,0.1111684660296242,-0.08951912472239376,-0.24139702898723894,1.0884481517802633,0.6408649313058414,0.07329641570263623,-0.7567897951906355],"us-code-18-968-900d17672616d54c":[-0.1206178059874426,0.34038935780296126,-0.6388394752903763,0.3740048074038565,0.19996126991109095,-0.2598970350534945,0.179647302166837,-0.4850139326229706],"us-code-2-273-18dcf47cde211262":[-0.6224045583728743,-0.5328108225282272,-0.6401908801638988,-0.09771885332473168,0.2527719060372522,0.7105992447263323,0.09367229462488268,-0.5605671157334433]},"embedding_cosine_similarity":0.04845467514907549,"frame_ranking_loss":0.0,"reconstruction_loss":0.4925530710644337,"sample_count":4,"symbolic_validity_penalty":0.25},"claimed_count":8,"claimed_open_count":0,"completed_count":1,"completed_todo_ids":["2b8da96d8639198f"],"cosine_similarity_delta":0.09524275345022755,"created_at":"2026-05-09T19:26:50+00:00","cross_entropy_delta":0.0,"failed_validation_count":7,"failed_validation_todo_ids":["290a0e8a3a758d42","5fcf58e6e7373d3c","6305ef1a1482b1b5","873a0427b6f00a13","936594d2baedc83b","06d8facd4322b7e0","3bc822313ee96491"],"improved":true,"iteration":1,"pending_count":152,"seeded_count":17,"validation_after":{"cosine_loss":0.6824825514139755,"cross_entropy_loss":2.151437189433983,"decoded_embeddings":{"us-code-15-2692-1ede3c2440330228":[0.38969175707482206,0.342946622547928,0.37621192426245925,-0.042864859550689735,0.7365073660241841,0.17601072421869468,0.4154604981669345,-0.4128678524217564],"us-code-25-5132-822d157d5e00332a":[0.04029018755105701,-0.055117306921945684,-0.03185886747849509,-0.0035570974481193285,-0.09113740716551022,0.11884566824925205,0.10174823150132117,-1.0165241517040222],"us-code-33-701r-0af43c391c1754fd":[-0.07834089026327282,-0.7313853209378874,-0.22122052885781024,-0.10269099107056262,0.5212472966140798,0.7796937127057788,0.09378005314400814,-0.3004575542214711],"us-code-42-7479.-8964a8175b7fab42":[-0.10999861901748997,0.13623829416174305,-0.3938904511261228,-0.5316845482308754,0.3347437122670564,0.6303797453021645,0.21128913313736172,-0.9257296904319204]},"embedding_cosine_similarity":0.3175174485860245,"frame_ranking_loss":0.0,"reconstruction_loss":0.32433988489268784,"sample_count":4,"symbolic_validity_penalty":0.0},"validation_before":{"cosine_loss":0.6983576342142342,"cross_entropy_loss":2.151437189433983,"decoded_embeddings":{"us-code-15-2692-1ede3c2440330228":[0.338592121906997,0.38599660267121466,0.3618411430346861,-0.06808745174084446,0.8245858389608391,0.30307572525461984,0.3673136278555443,-0.521775380141268],"us-code-25-5132-822d157d5e00332a":[-0.01372942676921518,-0.009607327934470895,-0.04705083620499828,-0.030220980620568688,0.0019741213675251723,0.2531715264872302,0.05085011145785153,-1.1316549667217917],"us-code-33-701r-0af43c391c1754fd":[-0.13966045246466285,-0.6797253447899434,-0.2384654663311388,-0.1329581016987484,0.6269414641380658,0.9321717139488888,0.03600380877033992,-0.43114658748488505],"us-code-42-7479.-8964a8175b7fab42":[-0.18591807698111568,0.20019826463062645,-0.4152413260931001,-0.5691581137705337,0.46560315777294387,0.8191620325555391,0.13975664010329628,-1.0875351601866234]},"embedding_cosine_similarity":0.3016423657857658,"frame_ranking_loss":0.0,"reconstruction_loss":0.35739557662195776,"sample_count":4,"symbolic_validity_penalty":0.0},"validation_cosine_similarity_delta":0.015875082800258677,"validation_cross_entropy_delta":0.0,"worker_id":"random-uscode-daemon-detached"},{"after":{"cosine_loss":0.705924646735419,"cross_entropy_loss":1.4060768074070158,"decoded_embeddings":{"us-code-10-2891-dd59f8b75bcb708a":[0.00033217744130414895,-0.4765201067934062,-0.04049074804620434,-0.6585845413645054,0.3242425188955804,-0.27667822925213525,0.4256162044961126,-0.8884582765450503],"us-code-15-8513-58546403b753566b":[0.14174335376847902,-0.19934489060248373,0.014135267304788632,-0.059470074747108456,0.4531507091271613,-0.2756367690232819,0.4205729131343638,0.028744644031956423],"us-code-18-968-900d17672616d54c":[-0.07484713277283359,0.30182887560681715,-0.625967361247785,0.39659704355132364,0.12106812343782992,-0.37371097169567336,0.22277314171718218,-0.38746390422277943],"us-code-2-273-18dcf47cde211262":[-0.516409315139043,-0.6221087812982452,-0.6103817739600023,-0.04539999066743927,0.0700719878886478,0.44703012829181266,0.19354265989936636,-0.33466178680668496]},"embedding_cosine_similarity":0.29407535326458106,"frame_ranking_loss":0.0,"reconstruction_loss":0.3178373335687158,"sample_count":4,"symbolic_validity_penalty":0.25},"applied_count":1,"applied_updates":[{"action":"improve_encoder_decoder_reconstruction","changed":["decoded_embedding"],"sample_ids":["us-code-15-8513-58546403b753566b"],"todo_id":"58ed5eb242ff02b7"}],"before":{"cosine_loss":0.8563025714006969,"cross_entropy_loss":1.4060768074070158,"decoded_embeddings":{"us-code-10-2891-dd59f8b75bcb708a":[-0.0585054024805059,-0.4269511296800216,-0.05703767614561195,-0.6876265546577413,0.4256585891626434,-0.13037195663076956,0.37017852239471183,-1.0138575156049452],"us-code-15-8513-58546403b753566b":[-0.003452609586955341,-0.07702144708074425,-0.02669828106955595,-0.13113826884170532,0.7034193986571713,0.08540935534879701,0.2837670202067135,-0.2807083168739131],