{"final_evaluation":{"cosine_loss":1.0713688703442186,"cross_entropy_loss":0.13170640596792604,"decoded_embeddings":{"us-code-43-472.-6dbbdb3b864ef30c":[-0.21440378936748214,0.015479059593729944,-0.0007283864657761652,0.149355298102759,-0.4178359959344682,0.14634724409720695,0.07080561135147911,-0.8380817918420158]},"embedding_cosine_similarity":-0.07136887034421846,"frame_ranking_loss":0.0,"reconstruction_loss":0.44878928693433606,"sample_count":1,"symbolic_validity_penalty":0.0},"steps":[{"after":{"cosine_loss":1.0713688703442186,"cross_entropy_loss":0.13170640596792604,"decoded_embeddings":{"us-code-43-472.-6dbbdb3b864ef30c":[-0.21440378936748214,0.015479059593729944,-0.0007283864657761652,0.149355298102759,-0.4178359959344682,0.14634724409720695,0.07080561135147911,-0.8380817918420158]},"embedding_cosine_similarity":-0.07136887034421846,"frame_ranking_loss":0.0,"reconstruction_loss":0.44878928693433606,"sample_count":1,"symbolic_validity_penalty":0.0},"applied_count":0,"applied_updates":[],"autoencoder_claimed_count":2,"before":{"cosine_loss":1.0713688703442186,"cross_entropy_loss":0.13170640596792604,"decoded_embeddings":{"us-code-43-472.-6dbbdb3b864ef30c":[-0.21440378936748214,0.015479059593729944,-0.0007283864657761652,0.149355298102759,-0.4178359959344682,0.14634724409720695,0.07080561135147911,-0.8380817918420158]},"embedding_cosine_similarity":-0.07136887034421846,"frame_ranking_loss":0.0,"reconstruction_loss":0.44878928693433606,"sample_count":1,"symbolic_validity_penalty":0.0},"claimed_count":2,"claimed_open_count":0,"completed_count":0,"completed_todo_ids":[],"cosine_similarity_delta":0.0,"created_at":"2026-05-09T22:14:20+00:00","cross_entropy_delta":0.0,"failed_validation_count":2,"failed_validation_todo_ids":["1e4eccf6d4544317","5aef3ae72f266012"],"improved":false,"iteration":1,"loss_seeded_count":3,"pending_count":44,"program_synthesis_pending_count":8,"program_synthesis_seeded_count":0,"seeded_count":3,"validation_after":{"cosine_loss":0.8023407105487632,"cross_entropy_loss":27.631021115928547,"decoded_embeddings":{"us-code-42-300j-a7d0d7db32ee103c":[0.3108487907044198,-0.03272274907116207,0.30727905919831994,0.21355679247458248,0.04755649027944203,0.5389810854441085,-0.1423931944011228,-0.07774018010352252]},"embedding_cosine_similarity":0.19765928945123679,"frame_ranking_loss":0.0,"reconstruction_loss":0.2715392279897549,"sample_count":1,"symbolic_validity_penalty":0.0},"validation_before":{"cosine_loss":0.8023407105487632,"cross_entropy_loss":27.631021115928547,"decoded_embeddings":{"us-code-42-300j-a7d0d7db32ee103c":[0.3108487907044198,-0.03272274907116207,0.30727905919831994,0.21355679247458248,0.04755649027944203,0.5389810854441085,-0.1423931944011228,-0.07774018010352252]},"embedding_cosine_similarity":0.19765928945123679,"frame_ranking_loss":0.0,"reconstruction_loss":0.2715392279897549,"sample_count":1,"symbolic_validity_penalty":0.0},"validation_cosine_similarity_delta":0.0,"validation_cross_entropy_delta":0.0,"worker_id":"random-uscode-daemon-detached"}],"stopped_reason":"no_validated_improvement","validation_final_evaluation":{"cosine_loss":0.8023407105487632,"cross_entropy_loss":27.631021115928547,"decoded_embeddings":{"us-code-42-300j-a7d0d7db32ee103c":[0.3108487907044198,-0.03272274907116207,0.30727905919831994,0.21355679247458248,0.04755649027944203,0.5389810854441085,-0.1423931944011228,-0.07774018010352252]},"embedding_cosine_similarity":0.19765928945123679,"frame_ranking_loss":0.0,"reconstruction_loss":0.2715392279897549,"sample_count":1,"symbolic_validity_penalty":0.0}}
