{"final_evaluation":{"cosine_loss":0.486149243240171,"cross_entropy_loss":0.34737359879039675,"decoded_embeddings":{"us-code-15-4304-31515526ee7e2bca":[0.20215110526910124,0.3471560082717121,-0.2943906800584887,-0.13156164796304556,0.1590725977441782,0.20699176851848483,-0.45489204601583505,-0.6259282679527514],"us-code-26-9832-eff63fa02e45fd43":[-0.34431085383927346,0.7681494720823293,-0.4717955845313072,0.5951929615105345,0.07177383321907568,0.451742520693767,-1.0817223321892622,-0.0722228134508782],"us-code-42-3752.-db806ef95747ca57":[-0.021603767906651007,-0.023737869010958562,-0.03357885222306295,0.044255496273730155,0.4203813758663404,-0.05057267194058024,0.08731646757203482,0.29417057282539605],"us-code-8-204c-c1419805d685b0f1":[0.07829603782850987,0.46944291433843816,-0.10449653558927421,0.6082769455944836,-0.04023381747390023,0.2264617681614408,-0.3426450113890631,-0.3591456279797844]},"embedding_cosine_similarity":0.513850756759829,"frame_ranking_loss":0.0,"reconstruction_loss":0.3050996990751405,"sample_count":4,"symbolic_validity_penalty":0.25},"steps":[{"after":{"cosine_loss":0.7923963994478946,"cross_entropy_loss":0.34737359879039675,"decoded_embeddings":{"us-code-15-4304-31515526ee7e2bca":[0.20738538158637657,0.3630507603396401,-0.12888860007311082,-0.334293059953807,0.30234324718022276,0.17312471064810606,-0.38340480751979383,-0.5818868349409392],"us-code-26-9832-eff63fa02e45fd43":[-0.3531667539792854,0.7255683880755832,-0.34624933769085464,0.5270900578454669,0.024999550231907454,0.45663630311332737,-1.0365677615543394,-0.07724560134326884],"us-code-42-3752.-db806ef95747ca57":[-0.06644620988331376,-0.2141350862636982,0.11666268472117133,0.00580437034216269,0.2780942198329255,0.09041116007427472,0.21282258446504354,0.18450246603174503],"us-code-8-204c-c1419805d685b0f1":[0.09003379728563735,0.5034563929230477,0.09824908051340725,0.5593884319931046,-0.21621477184237528,0.10460096020180101,-0.37241526423632887,-0.28790578497473046]},"embedding_cosine_similarity":0.20760360055210544,"frame_ranking_loss":0.0,"reconstruction_loss":0.39007100932203775,"sample_count":4,"symbolic_validity_penalty":0.25},"applied_count":3,"applied_updates":[{"action":"improve_encoder_decoder_reconstruction","changed":["decoded_embedding"],"sample_ids":["us-code-42-3752.-db806ef95747ca57"],"todo_id":"3836a3581aa4698d"},{"action":"improve_encoder_decoder_reconstruction","changed":["decoded_embedding"],"sample_ids":["us-code-15-4304-31515526ee7e2bca"],"todo_id":"4b5a002603c8d994"},{"action":"improve_encoder_decoder_reconstruction","changed":["decoded_embedding"],"sample_ids":["us-code-8-204c-c1419805d685b0f1"],"todo_id":"8637c0abc44aec2a"}],"autoencoder_claimed_count":6,"before":{"cosine_loss":1.1530703674942706,"cross_entropy_loss":0.34737359879039675,"decoded_embeddings":{"us-code-15-4304-31515526ee7e2bca":[0.19930569155579808,0.32083315132039564,0.12698080543390527,-0.6002457355721177,0.4350335733122084,0.1767638770106288,-0.2531198517172395,-0.5625963828480166],"us-code-26-9832-eff63fa02e45fd43":[-0.3642366291542996,0.6723420330671502,-0.18931652914028876,0.44196142826413237,-0.033468303502052855,0.4627535311377777,-0.9801245482606848,-0.08352408620875743],"us-code-42-3752.-db806ef95747ca57":[-0.1224992623541422,-0.45213160782962275,0.3044646059014642,-0.04225953707229665,0.10023527479115685,0.26664095009284344,0.36970523058130444,0.04741733253968128],"us-code-8-204c-c1419805d685b0f1":[0.09314883689621707,0.4961427634647927,0.41237333504573986,0.46349463206694497,-0.4576587308619626,-0.013479394200871242,-0.36694232148003136,-0.2233706669079348]},"embedding_cosine_similarity":-0.15307036749427053,"frame_ranking_loss":0.0,"reconstruction_loss":0.5324059370188325,"sample_count":4,"symbolic_validity_penalty":0.25},"claimed_count":6,"claimed_open_count":0,"completed_count":3,"completed_todo_ids":["3836a3581aa4698d","4b5a002603c8d994","8637c0abc44aec2a"],"cosine_similarity_delta":0.36067396804637597,"created_at":"2026-05-09T22:54:06+00:00","cross_entropy_delta":0.0,"failed_validation_count":3,"failed_validation_todo_ids":["c6e81841e3ad907f","cd04e811b4b0465e","d5ccf79a7b575383"],"improved":true,"iteration":1,"loss_seeded_count":17,"pending_count":391,"program_synthesis_pending_count":151,"program_synthesis_seeded_count":2,"seeded_count":19,"validation_after":{"cosine_loss":1.2833565143766672,"cross_entropy_loss":1.0071472145348452,"decoded_embeddings":{"us-code-15-1154-78742f820b674ece":[0.15998097228773328,0.4250681630515243,0.04694991755371693,0.04723267718699699,0.49314366949670435,-0.63844875110481,-0.12586796071713374,0.5002526404059008],"us-code-20-1070g-55426bed1889cd55":[0.5017156110035799,0.11316319346561687,0.047805125467191456,-0.12424798983243117,0.6098918245320308,0.016576212391947037,-0.7342422817441089,0.07173783966524257],"us-code-22-6701-5ae104e1162b9360":[-0.1401950720749247,1.0696372571283754,-0.24062627966579647,0.4394089951751331,-0.4332437655148539,-0.01620930759087337,-0.8930805650446922,-0.39518318577032036],"us-code-6-724-bae6502bea6b1f64":[-0.433781390413827,0.2776731462174823,0.46605719990893807,0.30900178397699796,0.3015494101531493,-0.024973783260183874,-0.3491649632075755,0.0017551102081269088]},"embedding_cosine_similarity":-0.28335651437666715,"frame_ranking_loss":0.0,"reconstruction_loss":0.7271648589130568,"sample_count":4,"symbolic_validity_penalty":0.0},"validation_before":{"cosine_loss":1.3204427661773392,"cross_entropy_loss":1.0071472145348452,"decoded_embeddings":{"us-code-15-1154-78742f820b674ece":[0.15147875224277058,0.3857209612538034,0.13403621900740964,0.008841219893369195,0.4443385405069703,-0.6274385246274864,-0.09265366568996197,0.489660479736312],"us-code-20-1070g-55426bed1889cd55":[0.49082083288165573,0.06205088430353434,0.1789022037974435,-0.19499912124690758,0.5599206793097771,0.028678409813281264,-0.6827731592914468,0.06149689139443419],"us-code-22-6701-5ae104e1162b9360":[-0.15780045189127528,0.9892465945106936,-0.07217158209950877,0.3538957761720806,-0.5080769159104152,0.013321278521968488,-0.8198652300771663,-0.4192527944260796],"us-code-6-724-bae6502bea6b1f64":[-0.4418749521942993,0.2395372276515251,0.5629994854268371,0.2621682851328308,0.2548778132672816,-0.017443500710541363,-0.31382958440452385,-0.005899592363215647]},"embedding_cosine_similarity":-0.3204427661773392,"frame_ranking_loss":0.0,"reconstruction_loss":0.7335462544549584,"sample_count":4,"symbolic_validity_penalty":0.0},"validation_cosine_similarity_delta":0.03708625180067204,"validation_cross_entropy_delta":0.0,"worker_id":"random-uscode-daemon-detached"},{"after":{"cosine_loss":0.486149243240171,"cross_entropy_loss":0.34737359879039675,"decoded_embeddings":{"us-code-15-4304-31515526ee7e2bca":[0.20215110526910124,0.3471560082717121,-0.2943906800584887,-0.13156164796304556,0.1590725977441782,0.20699176851848483,-0.45489204601583505,-0.6259282679527514],"us-code-26-9832-eff63fa02e45fd43":[-0.34431085383927346,0.7681494720823293,-0.4717955845313072,0.5951929615105345,0.07177383321907568,0.451742520693767,-1.0817223321892622,-0.0722228134508782],"us-code-42-3752.-db806ef95747ca57":[-0.021603767906651007,-0.023737869010958562,-0.03357885222306295,0.044255496273730155,0.4203813758663404,-0.05057267194058024,0.08731646757203482,0.29417057282539605],"us-code-8-204c-c1419805d685b0f1":[0.07829603782850987,0.46944291433843816,-0.10449653558927421,0.6082769455944836,-0.04023381747390023,0.2264617681614408,-0.3426450113890631,-0.3591456279797844]},"embedding_cosine_similarity":0.513850756759829,"frame_ranking_loss":0.0,"reconstruction_loss":0.3050996990751405,"sample_count":4,"symbolic_validity_penalty":0.25},"applied_count":3,"applied_updates":[{"action":"improve_encoder_decoder_reconstruction","changed":["decoded_embedding"],"sample_ids":["us-code-42-3752.-db806ef95747ca57"],"todo_id":"45ad7af7341e4d4b"},{"action":"improve_encoder_decoder_reconstruction","changed":["decoded_embedding"],"sample_ids":["us-code-15-4304-31515526ee7e2bca"],