{"final_evaluation":{"cosine_loss":0.5864792922314099,"cross_entropy_loss":0.7272788989783165,"decoded_embeddings":{"us-code-2-6614-b67176616c936dcc":[-0.25426981673866395,0.12742798938958483,0.11457699727655049,-0.6336743865873267,-0.717065222452788,-0.21001781779423476,-0.2673525397047407,-0.2892377019566148],"us-code-7-4819-f417929241fc8eb4":[-0.042743562476590696,0.38157344101364987,0.33927727657041185,0.005503159627437387,0.04803584719216142,-0.280627659184918,0.441571104166284,-0.17703642055753607]},"embedding_cosine_similarity":0.41352070776859007,"frame_ranking_loss":0.0,"reconstruction_loss":0.23140438844600997,"sample_count":2,"symbolic_validity_penalty":0.0},"steps":[{"after":{"cosine_loss":0.5864792922314099,"cross_entropy_loss":0.7272788989783165,"decoded_embeddings":{"us-code-2-6614-b67176616c936dcc":[-0.25426981673866395,0.12742798938958483,0.11457699727655049,-0.6336743865873267,-0.717065222452788,-0.21001781779423476,-0.2673525397047407,-0.2892377019566148],"us-code-7-4819-f417929241fc8eb4":[-0.042743562476590696,0.38157344101364987,0.33927727657041185,0.005503159627437387,0.04803584719216142,-0.280627659184918,0.441571104166284,-0.17703642055753607]},"embedding_cosine_similarity":0.41352070776859007,"frame_ranking_loss":0.0,"reconstruction_loss":0.23140438844600997,"sample_count":2,"symbolic_validity_penalty":0.0},"applied_count":2,"applied_updates":[{"action":"improve_modal_family_classifier","changed":["family_logits"],"sample_ids":["us-code-7-4819-f417929241fc8eb4"],"todo_id":"2d61684314e9642b"},{"action":"improve_modal_family_classifier","changed":["family_logits"],"sample_ids":["us-code-2-6614-b67176616c936dcc"],"todo_id":"bfde8b625ba5d117"}],"before":{"cosine_loss":0.5864792922314099,"cross_entropy_loss":1.3579929265236932,"decoded_embeddings":{"us-code-2-6614-b67176616c936dcc":[-0.25426981673866395,0.12742798938958483,0.11457699727655049,-0.6336743865873267,-0.717065222452788,-0.21001781779423476,-0.2673525397047407,-0.2892377019566148],"us-code-7-4819-f417929241fc8eb4":[-0.042743562476590696,0.38157344101364987,0.33927727657041185,0.005503159627437387,0.04803584719216142,-0.280627659184918,0.441571104166284,-0.17703642055753607]},"embedding_cosine_similarity":0.41352070776859007,"frame_ranking_loss":0.0,"reconstruction_loss":0.23140438844600997,"sample_count":2,"symbolic_validity_penalty":0.0},"claimed_count":4,"claimed_open_count":0,"completed_count":2,"completed_todo_ids":["2d61684314e9642b","bfde8b625ba5d117"],"cosine_similarity_delta":0.0,"created_at":"2026-05-09T19:18:30+00:00","cross_entropy_delta":0.6307140275453766,"failed_validation_count":2,"failed_validation_todo_ids":["1c9118789e5d3c91","a9dda04e1495461e"],"improved":true,"iteration":1,"pending_count":36,"seeded_count":6,"validation_after":{"cosine_loss":1.3058200038834478,"cross_entropy_loss":0.06945903707793435,"decoded_embeddings":{"us-code-42-16081.-be47b69489e5fa34":[-0.4815515353306574,-0.3852575577997469,0.5372432458052513,0.12335083510553613,0.01542315924181769,-0.0645254484378941,-0.22447043085611754,-0.1943415613342228],"us-code-50-2652.-5b06c52b88d9594d":[-0.7352329245209382,-0.016958156024308696,0.3667625199007275,-0.11479095348537201,0.4309201934579119,0.5559003993531585,-0.26295623082783504,0.29850034896584676]},"embedding_cosine_similarity":-0.30582000388344777,"frame_ranking_loss":0.0,"reconstruction_loss":0.6065075595476553,"sample_count":2,"symbolic_validity_penalty":0.0},"validation_before":{"cosine_loss":1.3058200038834478,"cross_entropy_loss":0.08628654575130376,"decoded_embeddings":{"us-code-42-16081.-be47b69489e5fa34":[-0.4815515353306574,-0.3852575577997469,0.5372432458052513,0.12335083510553613,0.01542315924181769,-0.0645254484378941,-0.22447043085611754,-0.1943415613342228],"us-code-50-2652.-5b06c52b88d9594d":[-0.7352329245209382,-0.016958156024308696,0.3667625199007275,-0.11479095348537201,0.4309201934579119,0.5559003993531585,-0.26295623082783504,0.29850034896584676]},"embedding_cosine_similarity":-0.30582000388344777,"frame_ranking_loss":0.0,"reconstruction_loss":0.6065075595476553,"sample_count":2,"symbolic_validity_penalty":0.0},"validation_cosine_similarity_delta":0.0,"validation_cross_entropy_delta":0.016827508673369407,"worker_id":"random-uscode-daemon-detached"}],"stopped_reason":"max_iterations","validation_final_evaluation":{"cosine_loss":1.3058200038834478,"cross_entropy_loss":0.06945903707793435,"decoded_embeddings":{"us-code-42-16081.-be47b69489e5fa34":[-0.4815515353306574,-0.3852575577997469,0.5372432458052513,0.12335083510553613,0.01542315924181769,-0.0645254484378941,-0.22447043085611754,-0.1943415613342228],"us-code-50-2652.-5b06c52b88d9594d":[-0.7352329245209382,-0.016958156024308696,0.3667625199007275,-0.11479095348537201,0.4309201934579119,0.5559003993531585,-0.26295623082783504,0.29850034896584676]},"embedding_cosine_similarity":-0.30582000388344777,"frame_ranking_loss":0.0,"reconstruction_loss":0.6065075595476553,"sample_count":2,"symbolic_validity_penalty":0.0}}
