{"final_evaluation":{"cosine_loss":0.2857761096267058,"cross_entropy_loss":9.790027669274249,"decoded_embeddings":{"us-code-14-704-5f27ec67cfbe7a0b":[0.5900596204091315,-0.18511836393584513,0.5149752495005165,-0.6520025091830673,-0.05606010363989583,0.8663374711151841,-0.32181718618163013,-0.2905010015262073],"us-code-22-5476-e60086e12b9a003a":[0.4738764635363445,-0.18615955089525213,-0.23828393004179482,-0.2518833372964803,0.2659068353524364,-0.02224197301329872,-0.1580790563320864,0.33634155795219023],"us-code-49-44517.-f97e43d9cf95b2cc":[0.33624123897176494,0.6798491554272124,-0.26295330840301195,-0.4572728101092257,0.2467816308550208,-0.24331284506597312,0.36357462779813854,-0.13238965556423954],"us-code-50-2532.-9b8f32df9f2eb4f2":[0.3299349117782625,-0.21265082214362163,0.22198183580030845,0.059433956863604365,0.7994459693269313,0.3336009515393225,0.13650766687099922,-0.08218112352053458]},"embedding_cosine_similarity":0.7142238903732943,"frame_ranking_loss":0.0,"reconstruction_loss":0.1568802651198528,"sample_count":4,"symbolic_validity_penalty":0.25},"steps":[{"after":{"cosine_loss":0.7424612041760259,"cross_entropy_loss":9.790027669274249,"decoded_embeddings":{"us-code-14-704-5f27ec67cfbe7a0b":[0.4207948767080035,0.021764191867822164,0.3985215195278498,-0.6870824004332956,-0.08894425713584811,0.777501529266708,-0.13807265960149143,-0.5673374178135082],"us-code-22-5476-e60086e12b9a003a":[0.30799771313283775,0.05388469093038134,-0.4466884308335305,-0.32899767276381586,-0.05621171484240545,0.09150050305646348,-0.14864685589551754,0.166563858387985],"us-code-49-44517.-f97e43d9cf95b2cc":[-0.11258882300180856,0.7772711127801644,-0.27039530936342543,-0.8713866196108572,0.7255321996234505,0.016958065540188458,0.34119436843122986,-0.49091338103782023],"us-code-50-2532.-9b8f32df9f2eb4f2":[0.2500506478147083,0.19533063967219166,0.4911683807681836,-0.28801663311366166,0.7982647997894222,0.5096758876073211,0.02960035292555166,0.10028143802167383]},"embedding_cosine_similarity":0.25753879582397404,"frame_ranking_loss":0.0,"reconstruction_loss":0.3818015895029755,"sample_count":4,"symbolic_validity_penalty":0.25},"applied_count":2,"applied_updates":[{"action":"improve_encoder_decoder_reconstruction","changed":["decoded_embedding"],"sample_ids":["us-code-14-704-5f27ec67cfbe7a0b"],"todo_id":"0c99a50b372819d3"},{"action":"improve_encoder_decoder_reconstruction","changed":["decoded_embedding"],"sample_ids":["us-code-22-5476-e60086e12b9a003a"],"todo_id":"f08f180b248bfbc0"}],"autoencoder_claimed_count":8,"before":{"cosine_loss":0.986188130052617,"cross_entropy_loss":9.790027669274249,"decoded_embeddings":{"us-code-14-704-5f27ec67cfbe7a0b":[0.2629722718584669,0.21466167979664946,0.28993995311976895,-0.7197909237435317,-0.1196054725166894,0.6946708142564738,0.033250908305397786,-0.8254599504823202],"us-code-22-5476-e60086e12b9a003a":[0.025744331900489192,0.45625166529607786,-0.785924722556707,-0.45324228736894406,-0.5570349234931635,0.2522893766345632,-0.10476602380247224,-0.13888217950896165],"us-code-49-44517.-f97e43d9cf95b2cc":[-0.253177436260061,0.9688037816083848,-0.4169120670724254,-0.9230936232425411,0.545118776574465,0.04922126447834449,0.4036915523538095,-0.6672332594353765],"us-code-50-2532.-9b8f32df9f2eb4f2":[0.08590818462251384,0.4199342797444902,0.3176222546119964,-0.34951170622013283,0.5799927300526008,0.5526313323539156,0.09807541216959723,-0.1029056430798105]},"embedding_cosine_similarity":0.013811869947382998,"frame_ranking_loss":0.0,"reconstruction_loss":0.5204484922052752,"sample_count":4,"symbolic_validity_penalty":0.25},"claimed_count":8,"claimed_open_count":0,"completed_count":2,"completed_todo_ids":["0c99a50b372819d3","f08f180b248bfbc0"],"cosine_similarity_delta":0.24372692587659103,"created_at":"2026-05-09T21:53:46+00:00","cross_entropy_delta":0.0,"failed_validation_count":6,"failed_validation_todo_ids":["06853e064684883d","23cc8fa424015c1a","f131224eb7e4d13a","f63d6f11bdab982b","2f716a10b1a37303","9be214d0116e8a9d"],"improved":true,"iteration":1,"loss_seeded_count":17,"pending_count":1314,"program_synthesis_pending_count":570,"program_synthesis_seeded_count":4,"seeded_count":21,"validation_after":{"cosine_loss":0.8035681684463609,"cross_entropy_loss":0.47990144459083145,"decoded_embeddings":{"us-code-16-835f-29517e15f1f881c8":[0.5575746553071741,0.05278892612584751,0.4382172359755757,-0.3970165945274885,0.7254187565860502,0.11970926741481347,0.005039232141569205,0.11200577516635546],"us-code-42-18744.-d1bb9ddfc82788e3":[0.5992314639270219,0.5233360357280896,-0.6434906461007787,0.01327241496770365,0.9546293425421069,0.019645075851123926,0.06704849924623939,0.6264591482139029],"us-code-5-803-6c87f6ea50a62640":[0.530520968977759,0.2777139097795831,-0.09777439611731464,-0.5352785959847854,0.8974795730366094,-0.2872436962683307,0.00040478776646524217,0.009235987177676153],"us-code-7-6508-9ccb178e2a19ec0f":[0.44352071128117665,0.4795969683265726,-0.3595481450766401,-0.6835025660497124,0.9190301845320277,-0.10677655345717874,-0.17634778723291128,-0.1290249958151385]},"embedding_cosine_similarity":0.19643183155363905,"frame_ranking_loss":0.0,"reconstruction_loss":0.4244313206622461,"sample_count":4,"symbolic_validity_penalty":0.0},"validation_before":{"cosine_loss":0.8547065381179217,"cross_entropy_loss":0.47990144459083145,"decoded_embeddings":{"us-code-16-835f-29517e15f1f881c8":[0.41655902847947796,0.24570000024481548,0.28924181852250097,-0.4497934092785659,0.5382658371884059,0.15635917777922093,0.06408177999954076,-0.06268136074240405],"us-code-42-18744.-d1bb9ddfc82788e3":[0.456815255597506,0.7162459776645453,-0.7890999093001047,-0.0378320421633041,0.780517398479196,0.046338267434310916,0.13544779877495394,0.44481906257513887],"us-code-5-803-6c87f6ea50a62640":[0.40077838535360133,0.4568465919036347,-0.23899398739838373,-0.5857190876422748,0.7125167404518826,-0.24467730626033546,0.047209937916802114,-0.14701382496902543],"us-code-7-6508-9ccb178e2a19ec0f":[0.3085686196246933,0.6642404411573349,-0.5021869896996367,-0.7340414081346022,0.7397118048895008,-0.07155511469722886,-0.11996930216414892,-0.29612621233166553]},"embedding_cosine_similarity":0.1452934618820782,"frame_ranking_loss":0.0,"reconstruction_loss":0.435513063336795,"sample_count":4,"symbolic_validity_penalty":0.0},"validation_cosine_similarity_delta":0.05113836967156085,"validation_cross_entropy_delta":0.0,"worker_id":"random-uscode-daemon-detached"},{"after":{"cosine_loss":0.2857761096267058,"cross_entropy_loss":9.790027669274249,"decoded_embeddings":{"us-code-14-704-5f27ec67cfbe7a0b":[0.5900596204091315,-0.18511836393584513,0.5149752495005165,-0.6520025091830673,-0.05606010363989583,0.8663374711151841,-0.32181718618163013,-0.2905010015262073],"us-code-22-5476-e60086e12b9a003a":[0.4738764635363445,-0.18615955089525213,-0.23828393004179482,-0.2518833372964803,0.2659068353524364,-0.02224197301329872,-0.1580790563320864,0.33634155795219023],"us-code-49-44517.-f97e43d9cf95b2cc":[0.33624123897176494,0.6798491554272124,-0.26295330840301195,-0.4572728101092257,0.2467816308550208,-0.24331284506597312,0.36357462779813854,-0.13238965556423954],"us-code-50-2532.-9b8f32df9f2eb4f2":[0.3299349117782625,-0.21265082214362163,0.22198183580030845,0.059433956863604365,0.7994459693269313,0.3336009515393225,0.13650766687099922,-0.08218112352053458]},"embedding_cosine_similarity":0.7142238903732943,"frame_ranking_loss":0.0,"reconstruction_loss":0.1568802651198528,"sample_count":4,"symbolic_validity_penalty":0.25},"applied_count":5,"applied_updates":[{"action":"improve_encoder_decoder_reconstruction","changed":["decoded_embedding"],"sample_ids":["us-code-22-5476-e60086e12b9a003a"],"todo_id":"7d6746a14783e390"},{"action":"improve_encoder_decoder_reconstruction","changed":["decoded_embedding"],"sample_ids":["us-code-14-704-5f27ec67cfbe7a0b"],"todo_id":"838628a0cccbe1dd"},{"action":"improve_encoder_decoder_reconstruction","changed":["decoded_embedding"],"sample_ids":["us-code-50-2532.-9b8f32df9f2eb4f2"],