{"final_evaluation":{"cosine_loss":0.9164752846901328,"cross_entropy_loss":0.45348262524272565,"decoded_embeddings":{"us-code-2-1741-8434c759b19a4b33":[-0.238968,-0.287729,-0.477577,-0.279483,0.313186,-0.075294,-0.665094,0.08838],"us-code-50-3366.-55477e35e37b3572":[-0.254647,-0.728841,-0.190952,0.107063,-0.396946,0.039708,0.34355,-0.280803],"us-code-50-4816.-6f23880369a45abe":[0.075219,-0.156592,0.679021,-0.14813,-0.060517,0.062312,0.670302,-0.173089],"us-code-7-2267-fbe059aabc3f38e7":[0.270016,-0.391906,0.590342,0.143414,-0.173982,-0.222763,0.277786,-0.497365]},"embedding_cosine_similarity":0.08352471530986715,"frame_ranking_loss":0.0,"reconstruction_loss":0.3466511215238125,"sample_count":4,"symbolic_validity_penalty":0.0},"steps":[{"after":{"cosine_loss":0.9164752846901328,"cross_entropy_loss":0.45348262524272565,"decoded_embeddings":{"us-code-2-1741-8434c759b19a4b33":[-0.238968,-0.287729,-0.477577,-0.279483,0.313186,-0.075294,-0.665094,0.08838],"us-code-50-3366.-55477e35e37b3572":[-0.254647,-0.728841,-0.190952,0.107063,-0.396946,0.039708,0.34355,-0.280803],"us-code-50-4816.-6f23880369a45abe":[0.075219,-0.156592,0.679021,-0.14813,-0.060517,0.062312,0.670302,-0.173089],"us-code-7-2267-fbe059aabc3f38e7":[0.270016,-0.391906,0.590342,0.143414,-0.173982,-0.222763,0.277786,-0.497365]},"embedding_cosine_similarity":0.08352471530986715,"frame_ranking_loss":0.0,"reconstruction_loss":0.3466511215238125,"sample_count":4,"symbolic_validity_penalty":0.0},"applied_count":0,"applied_updates":[],"autoencoder_claimed_count":2,"before":{"cosine_loss":0.9164752846901328,"cross_entropy_loss":0.45348262524272565,"decoded_embeddings":{"us-code-2-1741-8434c759b19a4b33":[-0.238968,-0.287729,-0.477577,-0.279483,0.313186,-0.075294,-0.665094,0.08838],"us-code-50-3366.-55477e35e37b3572":[-0.254647,-0.728841,-0.190952,0.107063,-0.396946,0.039708,0.34355,-0.280803],"us-code-50-4816.-6f23880369a45abe":[0.075219,-0.156592,0.679021,-0.14813,-0.060517,0.062312,0.670302,-0.173089],"us-code-7-2267-fbe059aabc3f38e7":[0.270016,-0.391906,0.590342,0.143414,-0.173982,-0.222763,0.277786,-0.497365]},"embedding_cosine_similarity":0.08352471530986715,"frame_ranking_loss":0.0,"reconstruction_loss":0.3466511215238125,"sample_count":4,"symbolic_validity_penalty":0.0},"claimed_count":2,"claimed_open_count":8,"completed_count":0,"completed_todo_ids":[],"cosine_similarity_delta":0.0,"created_at":"2026-05-10T02:40:24+00:00","cross_entropy_delta":0.0,"failed_validation_count":2,"failed_validation_todo_ids":["3b25b496b9c33ae4","42e5c0283a758c62"],"improved":false,"iteration":1,"loss_seeded_count":12,"pending_count":46,"program_synthesis_pending_count":6,"program_synthesis_seeded_count":2,"seeded_count":14,"validation_after":{"cosine_loss":0.8929764282404415,"cross_entropy_loss":16.817048278395394,"decoded_embeddings":{"us-code-20-2341-bc423b78c83aa543":[-0.017641,-0.573076,0.550936,0.265511,-0.030972,0.010613,0.207245,-0.503213],"us-code-42-247d-ef2bce48f5f47b96":[-0.710998,0.37889,0.121152,-0.276025,0.159686,0.387665,0.282712,0.065936]},"embedding_cosine_similarity":0.10702357175955837,"frame_ranking_loss":0.0,"reconstruction_loss":0.4594397966536875,"sample_count":2,"symbolic_validity_penalty":0.0},"validation_before":{"cosine_loss":0.8929764282404415,"cross_entropy_loss":16.817048278395394,"decoded_embeddings":{"us-code-20-2341-bc423b78c83aa543":[-0.017641,-0.573076,0.550936,0.265511,-0.030972,0.010613,0.207245,-0.503213],"us-code-42-247d-ef2bce48f5f47b96":[-0.710998,0.37889,0.121152,-0.276025,0.159686,0.387665,0.282712,0.065936]},"embedding_cosine_similarity":0.10702357175955837,"frame_ranking_loss":0.0,"reconstruction_loss":0.4594397966536875,"sample_count":2,"symbolic_validity_penalty":0.0},"validation_cosine_similarity_delta":0.0,"validation_cross_entropy_delta":0.0,"worker_id":"random-uscode-daemon-detached"}],"stopped_reason":"no_validated_improvement","validation_final_evaluation":{"cosine_loss":0.8929764282404415,"cross_entropy_loss":16.817048278395394,"decoded_embeddings":{"us-code-20-2341-bc423b78c83aa543":[-0.017641,-0.573076,0.550936,0.265511,-0.030972,0.010613,0.207245,-0.503213],"us-code-42-247d-ef2bce48f5f47b96":[-0.710998,0.37889,0.121152,-0.276025,0.159686,0.387665,0.282712,0.065936]},"embedding_cosine_similarity":0.10702357175955837,"frame_ranking_loss":0.0,"reconstruction_loss":0.4594397966536875,"sample_count":2,"symbolic_validity_penalty":0.0}}
