{"applied_todo_ids":["325c5a57e3b36711"],"decoded_embeddings":{"us-code-20-1070a-41-c0076d8ae7126638":[0.4047845,-0.07627830000000002,0.08678315000000003,0.010411350000000014,-0.10315244999999998,0.02718189999999998,-0.08630769999999999,-0.43643995]},"family_logits":{},"feature_embedding_weights":{"cue:conditional_normative:O|:except":[0.001457276470588235,0.006559584705882352,-0.003084327647058823,0.001266180588235294,-0.0018277699999999996,0.001985916470588235,-0.0031165729411764703,0.001658765294117647],"cue:deontic:P:authorized":[0.001457276470588235,0.006559584705882352,-0.003084327647058823,0.001266180588235294,-0.0018277699999999996,0.001985916470588235,-0.0031165729411764703,0.001658765294117647],"doclen:321":[0.001457276470588235,0.006559584705882352,-0.003084327647058823,0.001266180588235294,-0.0018277699999999996,0.001985916470588235,-0.0031165729411764703,0.001658765294117647],"family:conditional_normative:1":[0.001457276470588235,0.006559584705882352,-0.003084327647058823,0.001266180588235294,-0.0018277699999999996,0.001985916470588235,-0.0031165729411764703,0.001658765294117647],"family:deontic:2":[0.001457276470588235,0.006559584705882352,-0.003084327647058823,0.001266180588235294,-0.0018277699999999996,0.001985916470588235,-0.0031165729411764703,0.001658765294117647],"flogic:belongs_to_document:us-code-20-1070a-41-c0076d8ae7126638":[0.001457276470588235,0.006559584705882352,-0.003084327647058823,0.001266180588235294,-0.0018277699999999996,0.001985916470588235,-0.0031165729411764703,0.001658765294117647],"flogic:candidate_ontology_frame:administrative_notice_hearing":[0.001457276470588235,0.006559584705882352,-0.003084327647058823,0.001266180588235294,-0.0018277699999999996,0.001985916470588235,-0.0031165729411764703,0.001658765294117647],"flogic:candidate_ontology_frame:criminal_penalty_enforcement":[0.001457276470588235,0.006559584705882352,-0.003084327647058823,0.001266180588235294,-0.0018277699999999996,0.001985916470588235,-0.0031165729411764703,0.001658765294117647],"flogic:candidate_ontology_frame:housing_voucher_benefits":[0.001457276470588235,0.006559584705882352,-0.003084327647058823,0.001266180588235294,-0.0018277699999999996,0.001985916470588235,-0.0031165729411764703,0.001658765294117647],"flogic:interpreted_in_frame:administrative_notice_hearing":[0.001457276470588235,0.006559584705882352,-0.003084327647058823,0.001266180588235294,-0.0018277699999999996,0.001985916470588235,-0.0031165729411764703,0.001658765294117647],"flogic:modal_family:conditional_normative":[0.001457276470588235,0.006559584705882352,-0.003084327647058823,0.001266180588235294,-0.0018277699999999996,0.001985916470588235,-0.0031165729411764703,0.001658765294117647],"flogic:modal_family:deontic":[0.001457276470588235,0.006559584705882352,-0.003084327647058823,0.001266180588235294,-0.0018277699999999996,0.001985916470588235,-0.0031165729411764703,0.001658765294117647],"flogic:modal_operator:O|":[0.001457276470588235,0.006559584705882352,-0.003084327647058823,0.001266180588235294,-0.0018277699999999996,0.001985916470588235,-0.0031165729411764703,0.001658765294117647],"flogic:modal_operator:P":[0.001457276470588235,0.006559584705882352,-0.003084327647058823,0.001266180588235294,-0.0018277699999999996,0.001985916470588235,-0.0031165729411764703,0.001658765294117647],"flogic:modal_system:D":[0.001457276470588235,0.006559584705882352,-0.003084327647058823,0.001266180588235294,-0.0018277699999999996,0.001985916470588235,-0.0031165729411764703,0.001658765294117647],"flogic:modal_system:KD":[0.001457276470588235,0.006559584705882352,-0.003084327647058823,0.001266180588235294,-0.0018277699999999996,0.001985916470588235,-0.0031165729411764703,0.001658765294117647],"flogic:predicate:appropriations_carry_division":[0.001457276470588235,0.006559584705882352,-0.003084327647058823,0.001266180588235294,-0.0018277699999999996,0.001985916470588235,-0.0031165729411764703,0.001658765294117647],"flogic:predicate:grants_develop_model_programs":[0.001457276470588235,0.006559584705882352,-0.003084327647058823,0.001266180588235294,-0.0018277699999999996,0.001985916470588235,-0.0031165729411764703,0.001658765294117647],"flogic:predicate:provided_pub":[0.001457276470588235,0.006559584705882352,-0.003084327647058823,0.001266180588235294,-0.0018277699999999996,0.001985916470588235,-0.0031165729411764703,0.001658765294117647],"flogic:predicate_role:clause":[0.001457276470588235,0.006559584705882352,-0.003084327647058823,0.001266180588235294,-0.0018277699999999996,0.001985916470588235,-0.0031165729411764703,0.001658765294117647],"flogic:predicate_role:condition":[0.001457276470588235,0.006559584705882352,-0.003084327647058823,0.001266180588235294,-0.0018277699999999996,0.001985916470588235,-0.0031165729411764703,0.001658765294117647],"flogic:selected_ontology_frame:administrative_notice_hearing":[0.001457276470588235,0.006559584705882352,-0.003084327647058823,0.001266180588235294,-0.0018277699999999996,0.001985916470588235,-0.0031165729411764703,0.001658765294117647],"flogic:source:us_code":[0.001457276470588235,0.006559584705882352,-0.003084327647058823,0.001266180588235294,-0.0018277699999999996,0.001985916470588235,-0.0031165729411764703,0.001658765294117647],"flogic:type:legal_modal_document":[0.001457276470588235,0.006559584705882352,-0.003084327647058823,0.001266180588235294,-0.0018277699999999996,0.001985916470588235,-0.0031165729411764703,0.001658765294117647],"frame-candidate:administrative_notice_hearing":[0.001457276470588235,0.006559584705882352,-0.003084327647058823,0.001266180588235294,-0.0018277699999999996,0.001985916470588235,-0.0031165729411764703,0.001658765294117647],"frame-candidate:criminal_penalty_enforcement":[0.001457276470588235,0.006559584705882352,-0.003084327647058823,0.001266180588235294,-0.0018277699999999996,0.001985916470588235,-0.0031165729411764703,0.001658765294117647],"frame-candidate:housing_voucher_benefits":[0.001457276470588235,0.006559584705882352,-0.003084327647058823,0.001266180588235294,-0.0018277699999999996,0.001985916470588235,-0.0031165729411764703,0.001658765294117647],"frame:administrative_notice_hearing":[0.001457276470588235,0.006559584705882352,-0.003084327647058823,0.001266180588235294,-0.0018277699999999996,0.001985916470588235,-0.0031165729411764703,0.001658765294117647],"lemma:added":[0.001457276470588235,0.006559584705882352,-0.003084327647058823,0.001266180588235294,-0.0018277699999999996,0.001985916470588235,-0.0031165729411764703,0.001658765294117647],"lemma:amendment":[0.001457276470588235,0.006559584705882352,-0.003084327647058823,0.001266180588235294,-0.0018277699999999996,0.001985916470588235,-0.0031165729411764703,0.001658765294117647],"lemma:appropriations":[0.001457276470588235,0.006559584705882352,-0.003084327647058823,0.001266180588235294,-0.0018277699999999996,0.001985916470588235,-0.0031165729411764703,0.001658765294117647],"lemma:assistance":[0.001457276470588235,0.006559584705882352,-0.003084327647058823,0.001266180588235294,-0.0018277699999999996,0.001985916470588235,-0.0031165729411764703,0.001658765294117647],"lemma:attendance":[0.001457276470588235,0.006559584705882352,-0.003084327647058823,0.001266180588235294,-0.0018277699999999996,0.001985916470588235,-0.0031165729411764703,0.001658765294117647],"lemma:authorized":[0.001457276470588235,0.006559584705882352,-0.003084327647058823,0.001266180588235294,-0.0018277699999999996,0.001985916470588235,-0.0031165729411764703,0.001658765294117647],"lemma:carry":[0.001457276470588235,0.006559584705882352,-0.003084327647058823,0.001266180588235294,-0.0018277699999999996,0.001985916470588235,-0.0031165729411764703,0.001658765294117647],"lemma:chapter":[0.001457276470588235,0.006559584705882352,-0.003084327647058823,0.001266180588235294,-0.0018277699999999996,0.001985916470588235,-0.0031165729411764703,0.001658765294117647],