{"final_evaluation":{"cosine_loss":0.6662702075811754,"cross_entropy_loss":0.20499466111763606,"decoded_embeddings":{"us-code-2-1535-d41db0e4c4126e87":[-0.6633540235294118,-0.06670047529411763,0.5645251023529412,0.07611325058823527,0.19120214,-0.11054550352941178,-0.035002312941176436,-0.14611622470588234],"us-code-20-1070a-41-c0076d8ae7126638":[0.4047845,-0.07627830000000002,0.08678315000000003,0.010411350000000014,-0.10315244999999998,0.02718189999999998,-0.08630769999999999,-0.43643995]},"embedding_cosine_similarity":0.3337297924188246,"frame_ranking_loss":0.0,"reconstruction_loss":0.3213061841809235,"sample_count":2,"symbolic_validity_penalty":0.0},"steps":[{"after":{"cosine_loss":0.6662702075811754,"cross_entropy_loss":0.20499466111763606,"decoded_embeddings":{"us-code-2-1535-d41db0e4c4126e87":[-0.6633540235294118,-0.06670047529411763,0.5645251023529412,0.07611325058823527,0.19120214,-0.11054550352941178,-0.035002312941176436,-0.14611622470588234],"us-code-20-1070a-41-c0076d8ae7126638":[0.4047845,-0.07627830000000002,0.08678315000000003,0.010411350000000014,-0.10315244999999998,0.02718189999999998,-0.08630769999999999,-0.43643995]},"embedding_cosine_similarity":0.3337297924188246,"frame_ranking_loss":0.0,"reconstruction_loss":0.3213061841809235,"sample_count":2,"symbolic_validity_penalty":0.0},"applied_count":1,"applied_updates":[{"action":"improve_encoder_decoder_reconstruction","changed":["decoded_embedding"],"sample_ids":["us-code-20-1070a-41-c0076d8ae7126638"],"todo_id":"325c5a57e3b36711"}],"autoencoder_claimed_count":2,"before":{"cosine_loss":1.0917684282313505,"cross_entropy_loss":0.20499466111763606,"decoded_embeddings":{"us-code-2-1535-d41db0e4c4126e87":[-0.689585,-0.184773,0.620043,0.053322,0.224102,-0.146292,0.021096,-0.175974],"us-code-20-1070a-41-c0076d8ae7126638":[0.280916,-0.633843,0.348951,-0.097214,0.052208,-0.141621,0.178601,-0.577435]},"embedding_cosine_similarity":-0.09176842823135045,"frame_ranking_loss":0.0,"reconstruction_loss":0.49729231512387506,"sample_count":2,"symbolic_validity_penalty":0.0},"claimed_count":2,"claimed_open_count":0,"completed_count":1,"completed_todo_ids":["325c5a57e3b36711"],"cosine_similarity_delta":0.42549822065017506,"created_at":"2026-05-10T02:29:33+00:00","cross_entropy_delta":0.0,"failed_validation_count":1,"failed_validation_todo_ids":["f3306d9808a22c98"],"improved":true,"iteration":1,"loss_seeded_count":6,"pending_count":6,"program_synthesis_pending_count":2,"program_synthesis_seeded_count":2,"seeded_count":8,"validation_after":{"cosine_loss":0.9353997609271105,"cross_entropy_loss":2.2225469370132194,"decoded_embeddings":{"us-code-10-500a-8e468a2858aed835":[0.07793150882352941,0.9305119782352941,-0.02405075088235292,0.12036961852941175,-0.26916266499999997,0.13235078882352938,0.3191856923529412,0.31675109676470586],"us-code-36-40303-41c440839934185e":[-0.3005567470588235,-0.5515928905882352,0.39664777470588236,0.15396943117647058,0.0057303699999999985,-0.17359158705882355,0.057273114117647086,-0.35704545941176474]},"embedding_cosine_similarity":0.06460023907288949,"frame_ranking_loss":0.0,"reconstruction_loss":0.384899560477602,"sample_count":2,"symbolic_validity_penalty":0.0},"validation_before":{"cosine_loss":0.9618632592966373,"cross_entropy_loss":2.2225469370132194,"decoded_embeddings":{"us-code-10-500a-8e468a2858aed835":[0.056801,0.835398,0.020672,0.10201,-0.24266,0.103555,0.364376,0.292699],"us-code-36-40303-41c440839934185e":[-0.328245,-0.676225,0.45525,0.129912,0.040458,-0.211324,0.116488,-0.388562]},"embedding_cosine_similarity":0.038136740703362745,"frame_ranking_loss":0.0,"reconstruction_loss":0.40828736728525,"sample_count":2,"symbolic_validity_penalty":0.0},"validation_cosine_similarity_delta":0.026463498369526745,"validation_cross_entropy_delta":0.0,"worker_id":"random-uscode-daemon-detached"}],"stopped_reason":"max_iterations","validation_final_evaluation":{"cosine_loss":0.9353997609271105,"cross_entropy_loss":2.2225469370132194,"decoded_embeddings":{"us-code-10-500a-8e468a2858aed835":[0.07793150882352941,0.9305119782352941,-0.02405075088235292,0.12036961852941175,-0.26916266499999997,0.13235078882352938,0.3191856923529412,0.31675109676470586],"us-code-36-40303-41c440839934185e":[-0.3005567470588235,-0.5515928905882352,0.39664777470588236,0.15396943117647058,0.0057303699999999985,-0.17359158705882355,0.057273114117647086,-0.35704545941176474]},"embedding_cosine_similarity":0.06460023907288949,"frame_ranking_loss":0.0,"reconstruction_loss":0.384899560477602,"sample_count":2,"symbolic_validity_penalty":0.0}}
