{"final_evaluation":{"cosine_loss":1.3582224487931631,"cross_entropy_loss":4.317353180134377,"decoded_embeddings":{"us-code-16-470t-b5b17611b4671a8a":[-0.22920742821582168,-0.670960767195936,0.20532375593728708,0.2415496549484558,-0.5264790535322829,0.053995906780932704,0.04253798153597635,-0.30903202770070937],"us-code-36-140303-8add294cd4c8e3e0":[-0.2644051422203549,-0.47738084947943493,-0.20107998956895784,0.660607892885813,0.30100981012646155,0.34388755925788067,-0.09973474361044846,0.12142558510524126],"us-code-42-3056-f85962c5ea7eb818":[-0.42234119124976116,-0.4606635659158099,0.6537066368148791,-0.030311738700838448,0.1565541700050021,-0.11737748157603967,0.0030391059337570164,0.01186776153523306],"us-code-42-5106a.-77f5b6e9c27ef165":[-0.07481017458479233,-0.4301757196472888,0.6806350007180879,0.2186182447666073,-0.3903327283725258,0.23305392303877792,-0.21609530196493762,0.09543380183053639]},"embedding_cosine_similarity":-0.3582224487931632,"frame_ranking_loss":0.0,"reconstruction_loss":0.5109746242947655,"sample_count":4,"symbolic_validity_penalty":0.0},"steps":[{"after":{"cosine_loss":1.3582224487931631,"cross_entropy_loss":4.317353180134377,"decoded_embeddings":{"us-code-16-470t-b5b17611b4671a8a":[-0.22920742821582168,-0.670960767195936,0.20532375593728708,0.2415496549484558,-0.5264790535322829,0.053995906780932704,0.04253798153597635,-0.30903202770070937],"us-code-36-140303-8add294cd4c8e3e0":[-0.2644051422203549,-0.47738084947943493,-0.20107998956895784,0.660607892885813,0.30100981012646155,0.34388755925788067,-0.09973474361044846,0.12142558510524126],"us-code-42-3056-f85962c5ea7eb818":[-0.42234119124976116,-0.4606635659158099,0.6537066368148791,-0.030311738700838448,0.1565541700050021,-0.11737748157603967,0.0030391059337570164,0.01186776153523306],"us-code-42-5106a.-77f5b6e9c27ef165":[-0.07481017458479233,-0.4301757196472888,0.6806350007180879,0.2186182447666073,-0.3903327283725258,0.23305392303877792,-0.21609530196493762,0.09543380183053639]},"embedding_cosine_similarity":-0.3582224487931632,"frame_ranking_loss":0.0,"reconstruction_loss":0.5109746242947655,"sample_count":4,"symbolic_validity_penalty":0.0},"applied_count":0,"applied_updates":[],"autoencoder_claimed_count":2,"before":{"cosine_loss":1.3582224487931631,"cross_entropy_loss":4.317353180134377,"decoded_embeddings":{"us-code-16-470t-b5b17611b4671a8a":[-0.22920742821582168,-0.670960767195936,0.20532375593728708,0.2415496549484558,-0.5264790535322829,0.053995906780932704,0.04253798153597635,-0.30903202770070937],"us-code-36-140303-8add294cd4c8e3e0":[-0.2644051422203549,-0.47738084947943493,-0.20107998956895784,0.660607892885813,0.30100981012646155,0.34388755925788067,-0.09973474361044846,0.12142558510524126],"us-code-42-3056-f85962c5ea7eb818":[-0.42234119124976116,-0.4606635659158099,0.6537066368148791,-0.030311738700838448,0.1565541700050021,-0.11737748157603967,0.0030391059337570164,0.01186776153523306],"us-code-42-5106a.-77f5b6e9c27ef165":[-0.07481017458479233,-0.4301757196472888,0.6806350007180879,0.2186182447666073,-0.3903327283725258,0.23305392303877792,-0.21609530196493762,0.09543380183053639]},"embedding_cosine_similarity":-0.3582224487931632,"frame_ranking_loss":0.0,"reconstruction_loss":0.5109746242947655,"sample_count":4,"symbolic_validity_penalty":0.0},"claimed_count":2,"claimed_open_count":37,"completed_count":0,"completed_todo_ids":[],"cosine_similarity_delta":0.0,"created_at":"2026-05-10T02:42:51+00:00","cross_entropy_delta":0.0,"failed_validation_count":2,"failed_validation_todo_ids":["8114f33c9244c49b","b1df56f913210cf1"],"improved":false,"iteration":1,"loss_seeded_count":12,"pending_count":159,"program_synthesis_pending_count":29,"program_synthesis_seeded_count":4,"seeded_count":16,"validation_after":{"cosine_loss":0.758600071981828,"cross_entropy_loss":5.91022463839003,"decoded_embeddings":{"us-code-21-214-7d07b3d6d20c8db6":[-0.3902514703035604,0.17744134131386943,-0.11633772784009541,0.02036541904382042,-0.044224703397365527,-0.21037962997539472,0.15869755030174856,-0.7498393856443996],"us-code-36-220501-0b83a7aabd49c8f9":[-0.09545453079540787,-0.8275385608402435,-0.01841193160759602,-0.19293045206822973,-0.35017507525990144,0.06943666370946748,0.1845461594892635,-0.19238165375381183]},"embedding_cosine_similarity":0.24139992801817206,"frame_ranking_loss":0.0,"reconstruction_loss":0.28545377931023186,"sample_count":2,"symbolic_validity_penalty":0.0},"validation_before":{"cosine_loss":0.758600071981828,"cross_entropy_loss":5.91022463839003,"decoded_embeddings":{"us-code-21-214-7d07b3d6d20c8db6":[-0.3902514703035604,0.17744134131386943,-0.11633772784009541,0.02036541904382042,-0.044224703397365527,-0.21037962997539472,0.15869755030174856,-0.7498393856443996],"us-code-36-220501-0b83a7aabd49c8f9":[-0.09545453079540787,-0.8275385608402435,-0.01841193160759602,-0.19293045206822973,-0.35017507525990144,0.06943666370946748,0.1845461594892635,-0.19238165375381183]},"embedding_cosine_similarity":0.24139992801817206,"frame_ranking_loss":0.0,"reconstruction_loss":0.28545377931023186,"sample_count":2,"symbolic_validity_penalty":0.0},"validation_cosine_similarity_delta":0.0,"validation_cross_entropy_delta":0.0,"worker_id":"random-uscode-daemon-detached"}],"stopped_reason":"no_validated_improvement","validation_final_evaluation":{"cosine_loss":0.758600071981828,"cross_entropy_loss":5.91022463839003,"decoded_embeddings":{"us-code-21-214-7d07b3d6d20c8db6":[-0.3902514703035604,0.17744134131386943,-0.11633772784009541,0.02036541904382042,-0.044224703397365527,-0.21037962997539472,0.15869755030174856,-0.7498393856443996],"us-code-36-220501-0b83a7aabd49c8f9":[-0.09545453079540787,-0.8275385608402435,-0.01841193160759602,-0.19293045206822973,-0.35017507525990144,0.06943666370946748,0.1845461594892635,-0.19238165375381183]},"embedding_cosine_similarity":0.24139992801817206,"frame_ranking_loss":0.0,"reconstruction_loss":0.28545377931023186,"sample_count":2,"symbolic_validity_penalty":0.0}}
