{"final_evaluation":{"cosine_loss":0.1287912950134318,"cross_entropy_loss":1.5810495122256623,"decoded_embeddings":{"us-code-16-460uu-50-82169f5c44f32b36":[-0.5291950543974983,0.533180540470218,0.36592985117817367,-0.31528810342570895,0.537019350452666,-0.6767166840646188,0.27464218527087664,0.19689876408543988],"us-code-26-7267-ca8959d6b7a1d8df":[0.43589539312627584,0.18871990636741764,-0.008097646923699214,-0.3587564993518526,-0.3731050376795246,0.3212078389684121,0.42725196515651165,0.20496545426561558],"us-code-48-392.-a24881fdb7fe28ba":[-0.13230854187523228,-0.030643283370356295,-0.38180813456925433,0.2816989437646572,-0.25125023859781825,-0.2193069671357162,-0.2283336978375563,0.12617950211433962],"us-code-7-506-fe4e3c65aa1fa484":[0.2150011124369841,-0.07289270357906065,-0.3911343813929706,-0.18510323857281846,0.0976311173775772,-0.26108795218048375,-0.17503802372642904,0.2585306347189107]},"embedding_cosine_similarity":0.8712087049865682,"frame_ranking_loss":0.0,"legal_ir_losses":{},"legal_ir_predicted_view_distribution":{},"legal_ir_target_count":0,"legal_ir_target_hashes":{},"legal_ir_view_distribution":{},"reconstruction_loss":0.14112585501354705,"sample_count":4,"symbolic_validity_penalty":0.0},"steps":[{"after":{"cosine_loss":0.1287912950134318,"cross_entropy_loss":1.5810495122256623,"decoded_embeddings":{"us-code-16-460uu-50-82169f5c44f32b36":[-0.5291950543974983,0.533180540470218,0.36592985117817367,-0.31528810342570895,0.537019350452666,-0.6767166840646188,0.27464218527087664,0.19689876408543988],"us-code-26-7267-ca8959d6b7a1d8df":[0.43589539312627584,0.18871990636741764,-0.008097646923699214,-0.3587564993518526,-0.3731050376795246,0.3212078389684121,0.42725196515651165,0.20496545426561558],"us-code-48-392.-a24881fdb7fe28ba":[-0.13230854187523228,-0.030643283370356295,-0.38180813456925433,0.2816989437646572,-0.25125023859781825,-0.2193069671357162,-0.2283336978375563,0.12617950211433962],"us-code-7-506-fe4e3c65aa1fa484":[0.2150011124369841,-0.07289270357906065,-0.3911343813929706,-0.18510323857281846,0.0976311173775772,-0.26108795218048375,-0.17503802372642904,0.2585306347189107]},"embedding_cosine_similarity":0.8712087049865682,"frame_ranking_loss":0.0,"legal_ir_losses":{},"legal_ir_predicted_view_distribution":{},"legal_ir_target_count":0,"legal_ir_target_hashes":{},"legal_ir_view_distribution":{},"reconstruction_loss":0.14112585501354705,"sample_count":4,"symbolic_validity_penalty":0.0},"applied_count":3,"applied_updates":[{"action":"improve_modal_family_classifier","changed":["family_logits"],"sample_ids":["us-code-48-392.-a24881fdb7fe28ba","us-code-7-506-fe4e3c65aa1fa484","us-code-16-460uu-50-82169f5c44f32b36","us-code-26-7267-ca8959d6b7a1d8df"],"todo_id":"31fcff267ea0e004"},{"action":"improve_encoder_decoder_reconstruction","changed":["decoded_embedding"],"sample_ids":["us-code-7-506-fe4e3c65aa1fa484","us-code-16-460uu-50-82169f5c44f32b36","us-code-26-7267-ca8959d6b7a1d8df","us-code-48-392.-a24881fdb7fe28ba"],"todo_id":"49c6c9760e9e9608"},{"action":"improve_encoder_decoder_reconstruction","changed":["decoded_embedding"],"sample_ids":["us-code-48-392.-a24881fdb7fe28ba","us-code-26-7267-ca8959d6b7a1d8df","us-code-16-460uu-50-82169f5c44f32b36","us-code-7-506-fe4e3c65aa1fa484"],"todo_id":"04692f25098a0633"}],"autoencoder_claimed_count":3,"before":{"cosine_loss":1.1747678660960854,"cross_entropy_loss":1.8765196652386804,"decoded_embeddings":{"us-code-16-460uu-50-82169f5c44f32b36":[-0.6587596060862122,0.22410939081468056,0.2217044313085752,-0.2516787079921057,0.13102224408962396,-0.40574669412764786,0.38790489721672056,0.1668212522484036],"us-code-26-7267-ca8959d6b7a1d8df":[0.2018179153237027,-0.3839475155042078,0.577243646098946,0.07085751613827929,0.15744460653252612,0.03432053986796438,0.24952287479741994,-0.357592089876024],"us-code-48-392.-a24881fdb7fe28ba":[0.04011533004354262,-0.2444733489260907,0.24138314303391725,0.5236313773785268,0.09653608559958742,-0.17831946719024258,-0.28374035304288325,-0.5001011763716648],"us-code-7-506-fe4e3c65aa1fa484":[0.20926277838013924,-0.10858043130210253,-0.1002756923560776,0.45382517964221886,0.09099763687034758,-0.6088267450184018,0.4138202479070907,-0.15263249321704098]},"embedding_cosine_similarity":-0.17476786609608544,"frame_ranking_loss":0.0,"legal_ir_losses":{},"legal_ir_predicted_view_distribution":{},"legal_ir_target_count":0,"legal_ir_target_hashes":{},"legal_ir_view_distribution":{},"reconstruction_loss":0.5424197459152907,"sample_count":4,"symbolic_validity_penalty":0.0},"bridge_loss_failure_count":0,"bridge_loss_sample_count":0,"bridge_loss_signal_count":0,"claimed_count":3,"claimed_open_count":0,"completed_count":3,"completed_todo_ids":["31fcff267ea0e004","49c6c9760e9e9608","04692f25098a0633"],"cosine_similarity_delta":1.0459765710826536,"created_at":"2026-05-26T08:26:11+00:00","cross_entropy_delta":0.29547015301301816,"failed_validation_count":0,"failed_validation_todo_ids":[],"improved":true,"iteration":1,"loss_seeded_count":3,"pending_count":4,"program_synthesis_deduped_count":0,"program_synthesis_pending_count":4,"program_synthesis_seeded_count":4,"seeded_count":7,"validation_after":{"cosine_loss":0.8570377154042381,"cross_entropy_loss":1.9389662639002747,"decoded_embeddings":{"us-code-15-2434-accbf962b52f2bb8":[-0.2693761175523984,-0.0060365269003897215,0.03710317396819727,-0.1696606078700949,-0.1096351213713837,0.22356397590061364,-0.07584830119281034,1.0978884740524164],"us-code-16-125-0ac87441aba79b1d":[-0.5023049785507124,0.14936612971445418,-0.4468663771579997,0.31558189216988075,-0.18704188950971704,-0.217733743962514,-0.17462850906504626,-0.30755969474214107],"us-code-16-459f-7-6c18ba5fdfc83654":[-0.4542490799574835,0.08077918881162517,-0.23901756403634192,0.4420966983311418,0.06917539158225794,-0.08464458397377193,0.39637843615607576,0.007940308568124691],"us-code-42-5202.-a32176955dca689c":[-0.17323418768409118,-0.4676133770155356,-0.5201172107770349,-0.009676683126182401,-0.4672865247646516,-0.03008536562473351,0.14397428633665296,-0.21680246320988744]},"embedding_cosine_similarity":0.1429622845957619,"frame_ranking_loss":0.0,"legal_ir_losses":{},"legal_ir_predicted_view_distribution":{},"legal_ir_target_count":0,"legal_ir_target_hashes":{},"legal_ir_view_distribution":{},"reconstruction_loss":0.43930724573936974,"sample_count":4,"symbolic_validity_penalty":0.0},"validation_before":{"cosine_loss":0.9157594586743408,"cross_entropy_loss":2.0137506520110775,"decoded_embeddings":{"us-code-15-2434-accbf962b52f2bb8":[-0.29207715336840684,-0.11804837645918882,0.15470951989234735,-0.04386122838665354,-0.07694786955037271,0.18706915020272533,-0.02152652960636666,0.9554903232847178],"us-code-16-125-0ac87441aba79b1d":[-0.5096548826115337,0.04315616730076318,-0.3069997948598002,0.44554766611765434,-0.13410917634839092,-0.2551812077623142,-0.13028895551264313,-0.4701656119159298],"us-code-16-459f-7-6c18ba5fdfc83654":[-0.4782621690440767,-0.040334281892065726,-0.10960632352845048,0.5701343320855944,0.11343640463898089,-0.12282442807044923,0.44283891971269485,-0.1434999600053934],"us-code-42-5202.-a32176955dca689c":[-0.19123483601431457,-0.5605730539269294,-0.42239519741179027,0.09671869362562172,-0.4432443210623821,-0.05898264565163403,0.1919841304292181,-0.3369959177120658]},"embedding_cosine_similarity":0.08424054132565915,"frame_ranking_loss":0.0,"legal_ir_losses":{},"legal_ir_predicted_view_distribution":{},"legal_ir_target_count":0,"legal_ir_target_hashes":{},"legal_ir_view_distribution":{},"reconstruction_loss":0.452164009354999,"sample_count":4,"symbolic_validity_penalty":0.0},"validation_cosine_similarity_delta":0.05872174327010275,"validation_cross_entropy_delta":0.07478438811080279,"worker_id":"random-uscode-daemon-detached"},{"after":{"cosine_loss":0.1287912950134318,"cross_entropy_loss":1.5810495122256623,