{"final_evaluation":{"cosine_loss":0.11691569871485921,"cross_entropy_loss":1.3604589019650482,"decoded_embeddings":{"us-code-16-470x-3-f29ebc1cf47cbc79":[-0.4225679639358767,0.2916550258897021,-0.5014372523751105,-0.03571887475150748,-0.594385384323944,-0.19670644877767496,-0.21180577676059156,0.008290508214718412],"us-code-22-2292a-1-52a5e7ea5a6f7a89":[-0.1491114442930136,0.6086930570785585,0.05634700186749375,0.22109837422186018,-0.12183254981123416,-0.3267004111166588,-0.24058369885477202,0.358279750671874],"us-code-25-1041c-a7174fccb1e1129b":[0.22665967435835432,-0.11473792468901327,0.2522747845095259,-0.2728315636499343,-0.3961806189457062,-0.352903601195485,-0.41781864932983587,0.25805816130731246],"us-code-7-3603-145b25ec66375aa0":[-0.3289594335818572,-0.010731409619853416,-0.37235085440866,-0.41997310913307007,0.3621119148150011,-0.48090067582514895,-0.13637324313091856,-0.1726556127691059]},"embedding_cosine_similarity":0.8830843012851408,"frame_ranking_loss":0.0,"legal_ir_losses":{},"legal_ir_predicted_view_distribution":{},"legal_ir_target_count":0,"legal_ir_target_hashes":{},"legal_ir_view_distribution":{},"reconstruction_loss":0.12897932310838425,"sample_count":4,"symbolic_validity_penalty":0.0},"steps":[{"after":{"cosine_loss":0.11691569871485921,"cross_entropy_loss":1.3604589019650482,"decoded_embeddings":{"us-code-16-470x-3-f29ebc1cf47cbc79":[-0.4225679639358767,0.2916550258897021,-0.5014372523751105,-0.03571887475150748,-0.594385384323944,-0.19670644877767496,-0.21180577676059156,0.008290508214718412],"us-code-22-2292a-1-52a5e7ea5a6f7a89":[-0.1491114442930136,0.6086930570785585,0.05634700186749375,0.22109837422186018,-0.12183254981123416,-0.3267004111166588,-0.24058369885477202,0.358279750671874],"us-code-25-1041c-a7174fccb1e1129b":[0.22665967435835432,-0.11473792468901327,0.2522747845095259,-0.2728315636499343,-0.3961806189457062,-0.352903601195485,-0.41781864932983587,0.25805816130731246],"us-code-7-3603-145b25ec66375aa0":[-0.3289594335818572,-0.010731409619853416,-0.37235085440866,-0.41997310913307007,0.3621119148150011,-0.48090067582514895,-0.13637324313091856,-0.1726556127691059]},"embedding_cosine_similarity":0.8830843012851408,"frame_ranking_loss":0.0,"legal_ir_losses":{},"legal_ir_predicted_view_distribution":{},"legal_ir_target_count":0,"legal_ir_target_hashes":{},"legal_ir_view_distribution":{},"reconstruction_loss":0.12897932310838425,"sample_count":4,"symbolic_validity_penalty":0.0},"applied_count":3,"applied_updates":[{"action":"improve_modal_family_classifier","changed":["family_logits"],"sample_ids":["us-code-7-3603-145b25ec66375aa0","us-code-25-1041c-a7174fccb1e1129b","us-code-16-470x-3-f29ebc1cf47cbc79","us-code-22-2292a-1-52a5e7ea5a6f7a89"],"todo_id":"429ef9594fdc9f3a"},{"action":"improve_encoder_decoder_reconstruction","changed":["decoded_embedding"],"sample_ids":["us-code-22-2292a-1-52a5e7ea5a6f7a89","us-code-7-3603-145b25ec66375aa0","us-code-25-1041c-a7174fccb1e1129b","us-code-16-470x-3-f29ebc1cf47cbc79"],"todo_id":"28a66c91366b24c2"},{"action":"improve_encoder_decoder_reconstruction","changed":["decoded_embedding"],"sample_ids":["us-code-16-470x-3-f29ebc1cf47cbc79","us-code-7-3603-145b25ec66375aa0","us-code-22-2292a-1-52a5e7ea5a6f7a89","us-code-25-1041c-a7174fccb1e1129b"],"todo_id":"1ef68a2accdef997"}],"autoencoder_claimed_count":3,"before":{"cosine_loss":1.1729250976502374,"cross_entropy_loss":1.8044303123712293,"decoded_embeddings":{"us-code-16-470x-3-f29ebc1cf47cbc79":[-0.12692846305860742,-0.13489404193984436,0.007198881531581525,0.7440764024494705,-0.19944874632520718,-0.1420196425644882,0.08233259969892642,-0.41442433703255854],"us-code-22-2292a-1-52a5e7ea5a6f7a89":[-0.09479423695467548,0.5058186253975637,-0.2012290792864344,0.13929926710458287,-0.3032599465307797,-0.615197484842666,0.2715476952319754,0.2963278950292804],"us-code-25-1041c-a7174fccb1e1129b":[-0.0003544274041520088,0.07707443420169768,0.16611061529253987,0.4529953573983857,-0.21329438864050954,-0.5182847243226858,0.12829601927101683,-0.5128559531051851],"us-code-7-3603-145b25ec66375aa0":[0.32896657738672364,0.6417169512683608,-0.15350620084695485,-0.16826570474975486,0.23767337128849456,-0.21565411922287755,0.20662275716352832,-0.40362751554197684]},"embedding_cosine_similarity":-0.17292509765023742,"frame_ranking_loss":0.0,"legal_ir_losses":{},"legal_ir_predicted_view_distribution":{},"legal_ir_target_count":0,"legal_ir_target_hashes":{},"legal_ir_view_distribution":{},"reconstruction_loss":0.5580273389645923,"sample_count":4,"symbolic_validity_penalty":0.0},"bridge_loss_failure_count":0,"bridge_loss_sample_count":0,"bridge_loss_signal_count":0,"claimed_count":3,"claimed_open_count":0,"completed_count":3,"completed_todo_ids":["429ef9594fdc9f3a","28a66c91366b24c2","1ef68a2accdef997"],"cosine_similarity_delta":1.0560093989353783,"created_at":"2026-05-26T08:27:04+00:00","cross_entropy_delta":0.44397141040618116,"failed_validation_count":0,"failed_validation_todo_ids":[],"improved":true,"iteration":1,"loss_seeded_count":3,"pending_count":4,"program_synthesis_deduped_count":0,"program_synthesis_pending_count":4,"program_synthesis_seeded_count":4,"seeded_count":7,"validation_after":{"cosine_loss":0.7240611757546812,"cross_entropy_loss":1.8969858420101482,"decoded_embeddings":{"us-code-15-2307-1448a9cc7d68e876":[-0.5703583800285174,0.20869288286431048,0.6247569800199803,0.1646257167344261,-0.1995667596602645,-0.23313104158655115,-0.1885392662302131,-0.1344650006024415],"us-code-42-17217.-849ed9eac71cb536":[-0.5590029248596432,-0.8837652409595107,-0.007844720131405393,-0.06149790619175621,-0.11605151250601196,0.11612543385093714,0.056665116125579076,0.002432915825649371],"us-code-43-1181f-fb55b254830a1716":[0.05384292762534142,-0.7410124822159438,0.21090731722655542,-0.6766577769266362,-0.07908282048593455,0.09493543356592375,-0.05182383831374242,0.06521435711787396],"us-code-43-884.-5e173e9f26149b18":[-0.021765523422346302,-0.23579754503891415,-0.32685993214036196,0.5066800548469883,0.33832509928453075,-0.5411925070240728,-0.06205092073120684,-0.03721174279142234]},"embedding_cosine_similarity":0.2759388242453188,"frame_ranking_loss":0.0,"legal_ir_losses":{},"legal_ir_predicted_view_distribution":{},"legal_ir_target_count":0,"legal_ir_target_hashes":{},"legal_ir_view_distribution":{},"reconstruction_loss":0.3429548144948082,"sample_count":4,"symbolic_validity_penalty":0.0},"validation_before":{"cosine_loss":0.7954162216406119,"cross_entropy_loss":1.980256308880928,"decoded_embeddings":{"us-code-15-2307-1448a9cc7d68e876":[-0.49834124054982665,0.26405406651476526,0.6494748086167927,0.2730428156541122,-0.19583811865164474,-0.24698445907685498,-0.0749664363218334,-0.2392993211901473],"us-code-42-17217.-849ed9eac71cb536":[-0.5049319049913865,-0.8499403692488628,0.017078089922632628,0.0451325446028749,-0.1068215372937143,0.10033673624430318,0.1550770546858627,-0.09503154708646672],"us-code-43-1181f-fb55b254830a1716":[0.11237783739304368,-0.7516619301314309,0.27553901234838357,-0.33579170756134785,-0.023731246148248588,0.013176314907340513,0.20413526177519709,-0.2244974590613438],"us-code-43-884.-5e173e9f26149b18":[0.026025434169909656,-0.2043315883242741,-0.30598799487854594,0.6056759640379321,0.34622885241901974,-0.5580917797846515,0.03125127710599114,-0.12903474685691838]},"embedding_cosine_similarity":0.20458377835938815,"frame_ranking_loss":0.0,"legal_ir_losses":{},"legal_ir_predicted_view_distribution":{},"legal_ir_target_count":0,"legal_ir_target_hashes":{},"legal_ir_view_distribution":{},"reconstruction_loss":0.36778211398848787,"sample_count":4,"symbolic_validity_penalty":0.0},"validation_cosine_similarity_delta":0.07135504588593064,"validation_cross_entropy_delta":0.08327046687077977,"worker_id":"random-uscode-daemon-detached"},{"after":{"cosine_loss":0.11691569871485921,"cross_entropy_loss":1.3604589019650482,