{"final_evaluation":{"cosine_loss":0.09508727665487696,"cross_entropy_loss":1.4073490421272639,"decoded_embeddings":{"us-code-16-402c-0b2793f6fd2fa94d":[-0.49191993375645154,-0.3982498772782487,0.15026962787269027,0.1680508898447561,0.14068231278833854,-0.4814264883780478,0.457341335898184,-0.5624286233752099],"us-code-22-2175a-1b8df3d24acba803":[-0.535113226969146,-0.5245497319475615,0.17383430281314766,0.31469781152268284,-0.24465067295539156,-0.6023023215916866,0.3886371340909017,-0.5392738466519598],"us-code-36-140412-b6205ef860e897a3":[-0.18523081364064942,0.11155900704063068,0.12337330335460964,0.3900317152992303,0.6187296036498336,-0.6336609413396986,-0.11918186955665343,-0.41116326111883106],"us-code-42-14191.-c7c21197f3bd4ab5":[0.27805384922571047,-0.02276353986208904,-0.20859225680018936,-0.03285182571431386,-0.6203301274454669,0.31512059409737453,-0.16487180639797108,-0.23298785260988353]},"embedding_cosine_similarity":0.9049127233451231,"frame_ranking_loss":0.0,"legal_ir_losses":{},"legal_ir_predicted_view_distribution":{},"legal_ir_target_count":0,"legal_ir_target_hashes":{},"legal_ir_view_distribution":{},"reconstruction_loss":0.05646158907048389,"sample_count":4,"symbolic_validity_penalty":0.0},"steps":[{"after":{"cosine_loss":0.09508727665487696,"cross_entropy_loss":1.4073490421272639,"decoded_embeddings":{"us-code-16-402c-0b2793f6fd2fa94d":[-0.49191993375645154,-0.3982498772782487,0.15026962787269027,0.1680508898447561,0.14068231278833854,-0.4814264883780478,0.457341335898184,-0.5624286233752099],"us-code-22-2175a-1b8df3d24acba803":[-0.535113226969146,-0.5245497319475615,0.17383430281314766,0.31469781152268284,-0.24465067295539156,-0.6023023215916866,0.3886371340909017,-0.5392738466519598],"us-code-36-140412-b6205ef860e897a3":[-0.18523081364064942,0.11155900704063068,0.12337330335460964,0.3900317152992303,0.6187296036498336,-0.6336609413396986,-0.11918186955665343,-0.41116326111883106],"us-code-42-14191.-c7c21197f3bd4ab5":[0.27805384922571047,-0.02276353986208904,-0.20859225680018936,-0.03285182571431386,-0.6203301274454669,0.31512059409737453,-0.16487180639797108,-0.23298785260988353]},"embedding_cosine_similarity":0.9049127233451231,"frame_ranking_loss":0.0,"legal_ir_losses":{},"legal_ir_predicted_view_distribution":{},"legal_ir_target_count":0,"legal_ir_target_hashes":{},"legal_ir_view_distribution":{},"reconstruction_loss":0.05646158907048389,"sample_count":4,"symbolic_validity_penalty":0.0},"applied_count":3,"applied_updates":[{"action":"improve_modal_family_classifier","changed":["family_logits"],"sample_ids":["us-code-22-2175a-1b8df3d24acba803","us-code-36-140412-b6205ef860e897a3","us-code-42-14191.-c7c21197f3bd4ab5","us-code-16-402c-0b2793f6fd2fa94d"],"todo_id":"1f6782356b45475c"},{"action":"improve_encoder_decoder_reconstruction","changed":["decoded_embedding"],"sample_ids":["us-code-42-14191.-c7c21197f3bd4ab5","us-code-16-402c-0b2793f6fd2fa94d","us-code-22-2175a-1b8df3d24acba803","us-code-36-140412-b6205ef860e897a3"],"todo_id":"39fd70b6c45d2aff"},{"action":"improve_encoder_decoder_reconstruction","changed":["decoded_embedding"],"sample_ids":["us-code-36-140412-b6205ef860e897a3","us-code-16-402c-0b2793f6fd2fa94d","us-code-42-14191.-c7c21197f3bd4ab5","us-code-22-2175a-1b8df3d24acba803"],"todo_id":"188411b3ca272646"}],"autoencoder_claimed_count":3,"before":{"cosine_loss":0.5659773135251183,"cross_entropy_loss":2.1652071486641216,"decoded_embeddings":{"us-code-16-402c-0b2793f6fd2fa94d":[-0.2480557115549624,-0.5234188605471727,-0.23552852046025857,0.023551230550509294,0.2764174384707763,-0.2325235841380761,0.6127282092963867,-0.25127425428935224],"us-code-22-2175a-1b8df3d24acba803":[-0.10242251393185808,-0.5430681952256514,-0.11961364679140306,-0.04877763042255745,-0.30412601112852206,-0.2076443124270663,0.3439000481349272,-0.59045848207797],"us-code-36-140412-b6205ef860e897a3":[-0.014700203629402955,-0.24985066955566232,0.1696475463238742,-0.0750391310777743,0.5319370427451807,-0.5317818469947989,0.08688102272876247,-0.5767674843469185],"us-code-42-14191.-c7c21197f3bd4ab5":[-0.2874786001382395,-0.21471761226369845,-0.30128188028725117,0.3414860021877027,-0.6135464040442622,0.4135638095695088,-0.02683045053799074,-0.311621663914071]},"embedding_cosine_similarity":0.43402268647488174,"frame_ranking_loss":0.0,"legal_ir_losses":{},"legal_ir_predicted_view_distribution":{},"legal_ir_target_count":0,"legal_ir_target_hashes":{},"legal_ir_view_distribution":{},"reconstruction_loss":0.2386583547938439,"sample_count":4,"symbolic_validity_penalty":0.0},"bridge_loss_failure_count":0,"bridge_loss_sample_count":0,"bridge_loss_signal_count":0,"claimed_count":3,"claimed_open_count":0,"completed_count":3,"completed_todo_ids":["1f6782356b45475c","39fd70b6c45d2aff","188411b3ca272646"],"cosine_similarity_delta":0.47089003687024134,"created_at":"2026-05-26T08:25:59+00:00","cross_entropy_delta":0.7578581065368577,"failed_validation_count":0,"failed_validation_todo_ids":[],"improved":true,"iteration":1,"loss_seeded_count":3,"pending_count":4,"program_synthesis_deduped_count":0,"program_synthesis_pending_count":4,"program_synthesis_seeded_count":4,"seeded_count":7,"validation_after":{"cosine_loss":1.0373566088478396,"cross_entropy_loss":0.7771741194154941,"decoded_embeddings":{"us-code-25-782-3a33c1bee136aebc":[0.24016569036218258,0.6244994836691371,0.16908749647927632,0.5520375529026565,0.14978625574699553,-0.4633609412383983,0.17996527307722526,-0.5401888642446055],"us-code-42-1442.-c7f6c895be682294":[-0.3011282458735761,0.12881356455984627,-0.049881522456638794,0.7820653769590175,-0.2170407866039606,-0.12086390258091509,-0.07776703895291258,-0.6433670456582241],"us-code-42-3795b.-8ae1048bc34f4f4f":[-0.27868733461858125,-0.5380126622146463,0.5038898970843781,0.18500293024033593,0.016464940005089457,-0.06706255315561835,0.391964077136198,0.04224146187944086],"us-code-42-5504a.-0097a0ee57b6d821":[-0.08318966520803008,-0.11632036332021892,0.47506107955594934,0.18240902440140142,-0.8458452535491306,0.10545311772907202,0.06015399945205442,0.03267406671281669]},"embedding_cosine_similarity":-0.03735660884783962,"frame_ranking_loss":0.0,"legal_ir_losses":{},"legal_ir_predicted_view_distribution":{},"legal_ir_target_count":0,"legal_ir_target_hashes":{},"legal_ir_view_distribution":{},"reconstruction_loss":0.4181061167125895,"sample_count":4,"symbolic_validity_penalty":0.0},"validation_before":{"cosine_loss":1.072825317527192,"cross_entropy_loss":0.9468288693359839,"decoded_embeddings":{"us-code-25-782-3a33c1bee136aebc":[0.2804237534282618,0.5075389927599497,0.07676665786070667,0.4559289838361114,0.1402804276230908,-0.35961900012219433,0.25294062622952507,-0.572850102527067],"us-code-42-1442.-c7f6c895be682294":[-0.27605916249361057,0.04082795587339444,-0.12026617777935589,0.7146506267869205,-0.2244471457071188,-0.04206969861891679,-0.02285280690453085,-0.6683132094901294],"us-code-42-3795b.-8ae1048bc34f4f4f":[-0.24703397208743444,-0.6873732008049719,0.3865861513701827,0.07988340257723442,0.004701899964730538,0.06362719834708234,0.48588041338613686,0.00046945362985834467],"us-code-42-5504a.-0097a0ee57b6d821":[-0.05790823933951728,-0.20836128257338313,0.4005846403616387,0.1131498938861614,-0.8531358527972102,0.18813365199183354,0.11790880700160458,0.00746283940871581]},"embedding_cosine_similarity":-0.07282531752719196,"frame_ranking_loss":0.0,"legal_ir_losses":{},"legal_ir_predicted_view_distribution":{},"legal_ir_target_count":0,"legal_ir_target_hashes":{},"legal_ir_view_distribution":{},"reconstruction_loss":0.41895908918979285,"sample_count":4,"symbolic_validity_penalty":0.0},"validation_cosine_similarity_delta":0.03546870867935234,"validation_cross_entropy_delta":0.1696547499204898,"worker_id":"random-uscode-daemon-detached"},{"after":{"cosine_loss":0.09508727665487696,"cross_entropy_loss":1.4073490421272639,