{"final_evaluation":{"cosine_loss":0.6415454534617956,"cross_entropy_loss":13.815510557964274,"decoded_embeddings":{"us-code-16-410nn-3-c4555bba1814ed43":[0.03610538031658016,-0.8472779318914567,0.057903420396650834,-0.4719665479378582,0.21380286471715051,0.3941522536200243,-0.5241226363346628,-0.30434427235639816],"us-code-18-1204-0853c04a25df4580":[0.12293946001345338,-0.6835464594151196,0.875326007676044,0.36445490965496874,-0.6798522903257378,0.5497686527971417,-0.8790611583862665,-0.5545679838093172],"us-code-2-4505-736ad8c1f6480e47":[0.3607489999045116,-0.6172266903314308,0.2723028374371517,0.9071894899542708,-0.4429017130530729,0.3015683572355159,-0.10470477837302852,-0.4008274040402949],"us-code-31-3111-4599ef87d21735da":[0.08933204216221875,0.11190529627122475,-0.4064983232967721,0.2874987557999003,-0.6558175444660695,0.2869893105647317,-0.6468329601882319,0.19594770084369179]},"embedding_cosine_similarity":0.3584545465382044,"frame_ranking_loss":0.0,"reconstruction_loss":0.3436971462544871,"sample_count":4,"symbolic_validity_penalty":0.0},"steps":[{"after":{"cosine_loss":0.6415454534617956,"cross_entropy_loss":13.815510557964274,"decoded_embeddings":{"us-code-16-410nn-3-c4555bba1814ed43":[0.03610538031658016,-0.8472779318914567,0.057903420396650834,-0.4719665479378582,0.21380286471715051,0.3941522536200243,-0.5241226363346628,-0.30434427235639816],"us-code-18-1204-0853c04a25df4580":[0.12293946001345338,-0.6835464594151196,0.875326007676044,0.36445490965496874,-0.6798522903257378,0.5497686527971417,-0.8790611583862665,-0.5545679838093172],"us-code-2-4505-736ad8c1f6480e47":[0.3607489999045116,-0.6172266903314308,0.2723028374371517,0.9071894899542708,-0.4429017130530729,0.3015683572355159,-0.10470477837302852,-0.4008274040402949],"us-code-31-3111-4599ef87d21735da":[0.08933204216221875,0.11190529627122475,-0.4064983232967721,0.2874987557999003,-0.6558175444660695,0.2869893105647317,-0.6468329601882319,0.19594770084369179]},"embedding_cosine_similarity":0.3584545465382044,"frame_ranking_loss":0.0,"reconstruction_loss":0.3436971462544871,"sample_count":4,"symbolic_validity_penalty":0.0},"applied_count":8,"applied_updates":[{"action":"improve_modal_family_classifier","changed":["family_logits"],"sample_ids":["us-code-18-1204-0853c04a25df4580"],"todo_id":"845d9c2a46ddfe0c"},{"action":"improve_modal_family_classifier","changed":["family_logits"],"sample_ids":["us-code-2-4505-736ad8c1f6480e47"],"todo_id":"b050cac2ed0b2169"},{"action":"improve_modal_family_classifier","changed":["family_logits"],"sample_ids":["us-code-16-410nn-3-c4555bba1814ed43"],"todo_id":"d287d5ef66141adb"},{"action":"improve_modal_family_classifier","changed":["family_logits"],"sample_ids":["us-code-31-3111-4599ef87d21735da"],"todo_id":"efc712a5abe3a36c"},{"action":"improve_encoder_decoder_reconstruction","changed":["decoded_embedding"],"sample_ids":["us-code-2-4505-736ad8c1f6480e47"],"todo_id":"263a5bbea71bffe1"},{"action":"improve_encoder_decoder_reconstruction","changed":["decoded_embedding"],"sample_ids":["us-code-31-3111-4599ef87d21735da"],"todo_id":"38aeda63b35e46c3"},{"action":"improve_encoder_decoder_reconstruction","changed":["decoded_embedding"],"sample_ids":["us-code-18-1204-0853c04a25df4580"],"todo_id":"5f950738ec996e28"},{"action":"improve_encoder_decoder_reconstruction","changed":["decoded_embedding"],"sample_ids":["us-code-16-410nn-3-c4555bba1814ed43"],"todo_id":"fa476283a765eaaf"}],"before":{"cosine_loss":1.0490912497764016,"cross_entropy_loss":13.815510557964274,"decoded_embeddings":{"us-code-16-410nn-3-c4555bba1814ed43":[0.24446813809465007,-1.0891595397989455,0.015589374012344781,-0.09320183974065044,0.07431407723367184,0.8332207935449476,-1.288557366231136,-0.9998359104633534],"us-code-18-1204-0853c04a25df4580":[0.3771313520634825,-0.7948117658228304,0.8357923497808684,0.6142795093202114,-1.3974289839056917,0.5569337839113788,-0.9437701685504251,-0.4102287742078466],"us-code-2-4505-736ad8c1f6480e47":[1.0416169229300178,-0.746945138971432,0.22573174990331035,1.485391907621955,-0.22115232777395835,0.4198615495931014,-0.11970404365081311,-0.36444216006199215],"us-code-31-3111-4599ef87d21735da":[0.04599627692607436,-0.23668912357679472,-0.4318209989140199,0.8294208270742591,-0.599605942549808,0.5890865906174947,-0.9346245832952864,-0.16211066915007705]},"embedding_cosine_similarity":-0.04909124977640142,"frame_ranking_loss":0.0,"reconstruction_loss":0.8553854031019361,"sample_count":4,"symbolic_validity_penalty":0.0},"claimed_count":8,"claimed_open_count":0,"completed_count":0,"completed_todo_ids":[],"cosine_similarity_delta":0.40754579631460586,"created_at":"2026-05-09T08:20:35+00:00","cross_entropy_delta":0.0,"failed_validation_count":8,"failed_validation_todo_ids":["845d9c2a46ddfe0c","b050cac2ed0b2169","d287d5ef66141adb","efc712a5abe3a36c","263a5bbea71bffe1","38aeda63b35e46c3","5f950738ec996e28","fa476283a765eaaf"],"improved":false,"iteration":1,"pending_count":4470,"seeded_count":12,"validation_after":{"cosine_loss":0.9926159291279821,"cross_entropy_loss":13.815510557964274,"decoded_embeddings":{"us-code-16-460z-7-e4ef2418c6c2c883":[0.3757349392907167,0.07011804658566245,-0.6523559208980318,0.8047231339427666,0.1077182645877281,-0.297814508158893,-0.7454671737243768,-0.11750855453266312],"us-code-20-4506-4a279adcf3e7792a":[-0.3592345757410863,-0.4743216336721643,-0.08787937337181212,-0.020729355569691993,-0.47694692043840725,-0.03589596430380959,-0.4791743253196462,0.21566670201941593],"us-code-22-2410a-325dbb61e24137f1":[-0.28236662483947694,-0.6119753394117928,0.12944214536057755,0.20453034300702191,0.18852945580981972,0.28649775930141075,-0.4593468033367409,0.5389214322409133],"us-code-5-3521-0227d7068a222afa":[1.0078543157684998,-0.6572639104397611,0.9951350099920132,0.21418701018360944,-0.4706612055872367,-0.08956223850182721,-0.5723022722155549,0.18923661518246332]},"embedding_cosine_similarity":0.007384070872017933,"frame_ranking_loss":0.0,"reconstruction_loss":0.5116660280067368,"sample_count":4,"symbolic_validity_penalty":0.25},"validation_before":{"cosine_loss":0.9369650155945954,"cross_entropy_loss":13.815510557964274,"decoded_embeddings":{"us-code-16-460z-7-e4ef2418c6c2c883":[0.45427562891973555,-0.0429406033362302,-0.6695407494321237,1.0024616415579948,0.011135261894219872,-0.1757152278072821,-0.9193536006449157,-0.2641850510797733],"us-code-20-4506-4a279adcf3e7792a":[-0.1874522752933397,-0.5982455556747338,-0.1129015612554835,0.23404385558275553,-0.6271150913666078,0.09693485002825875,-0.6732082164807908,0.07881591995052037],"us-code-22-2410a-325dbb61e24137f1":[-0.22951723710207508,-0.709439522407397,0.11641319838503489,0.374838447094045,0.1318333929452979,0.38228682225965627,-0.5810878842636926,0.4298323958873718],"us-code-5-3521-0227d7068a222afa":[1.3574482960629615,-0.8578284819126611,0.9536284678109325,0.6813133934955372,-0.5809038979488144,0.12231809491434031,-0.837747207178076,-0.005441221789190098]},"embedding_cosine_similarity":0.06303498440540456,"frame_ranking_loss":0.0,"reconstruction_loss":0.5708952476029854,"sample_count":4,"symbolic_validity_penalty":0.25},"validation_cosine_similarity_delta":-0.05565091353338662,"validation_cross_entropy_delta":0.0,"worker_id":"random-uscode-daemon-detached"}],"stopped_reason":"no_validated_improvement","validation_final_evaluation":{"cosine_loss":0.9926159291279821,"cross_entropy_loss":13.815510557964274,"decoded_embeddings":{"us-code-16-460z-7-e4ef2418c6c2c883":[0.3757349392907167,0.07011804658566245,-0.6523559208980318,0.8047231339427666,0.1077182645877281,-0.297814508158893,-0.7454671737243768,-0.11750855453266312],"us-code-20-4506-4a279adcf3e7792a":[-0.3592345757410863,-0.4743216336721643,-0.08787937337181212,-0.020729355569691993,-0.47694692043840725,-0.03589596430380959,-0.4791743253196462,0.21566670201941593],