{"final_evaluation":{"cosine_loss":0.38462632643904016,"cross_entropy_loss":6.907755278982137,"decoded_embeddings":{"us-code-10-2485-4f2a24382c7c0dec":[-0.20829267543446492,0.5206591127211627,-0.8584732872161179,0.45472961304052756,0.34802994552906363,0.15829343376851124,0.24721691368185159,0.21005256867321093],"us-code-11-941-f3404fa1fb785c47":[-0.28703683833105004,-0.26403566692213953,0.574301500728225,0.2641582794262104,0.04082767244620655,0.015545340911144189,-0.2226785156343456,0.004589782783713414],"us-code-38-8506-2060105899f8d766":[-0.43544054854418507,0.08851131163759923,-0.2587263263862702,0.019846092279452235,0.19245440494069022,0.5265706157219983,-0.29983763229009,0.07208382124182075],"us-code-43-934.-97397644d2e74a15":[-0.6274794243106849,0.4292652412374976,0.30166862895239877,-0.13370847558072652,-0.3767788478849239,-0.5768193138501847,-0.29805026486548697,0.35879143015547577]},"embedding_cosine_similarity":0.6153736735609598,"frame_ranking_loss":0.0,"reconstruction_loss":0.24168620515398354,"sample_count":4,"symbolic_validity_penalty":0.0},"steps":[{"after":{"cosine_loss":0.38462632643904016,"cross_entropy_loss":6.907755278982137,"decoded_embeddings":{"us-code-10-2485-4f2a24382c7c0dec":[-0.20829267543446492,0.5206591127211627,-0.8584732872161179,0.45472961304052756,0.34802994552906363,0.15829343376851124,0.24721691368185159,0.21005256867321093],"us-code-11-941-f3404fa1fb785c47":[-0.28703683833105004,-0.26403566692213953,0.574301500728225,0.2641582794262104,0.04082767244620655,0.015545340911144189,-0.2226785156343456,0.004589782783713414],"us-code-38-8506-2060105899f8d766":[-0.43544054854418507,0.08851131163759923,-0.2587263263862702,0.019846092279452235,0.19245440494069022,0.5265706157219983,-0.29983763229009,0.07208382124182075],"us-code-43-934.-97397644d2e74a15":[-0.6274794243106849,0.4292652412374976,0.30166862895239877,-0.13370847558072652,-0.3767788478849239,-0.5768193138501847,-0.29805026486548697,0.35879143015547577]},"embedding_cosine_similarity":0.6153736735609598,"frame_ranking_loss":0.0,"reconstruction_loss":0.24168620515398354,"sample_count":4,"symbolic_validity_penalty":0.0},"applied_count":8,"applied_updates":[{"action":"improve_modal_family_classifier","changed":["family_logits"],"sample_ids":["us-code-10-2485-4f2a24382c7c0dec"],"todo_id":"03d4196a2e521aed"},{"action":"improve_modal_family_classifier","changed":["family_logits"],"sample_ids":["us-code-43-934.-97397644d2e74a15"],"todo_id":"473030ac8cab6d35"},{"action":"improve_modal_family_classifier","changed":["family_logits"],"sample_ids":["us-code-38-8506-2060105899f8d766"],"todo_id":"d8ee4e26dfe795ea"},{"action":"improve_modal_family_classifier","changed":["family_logits"],"sample_ids":["us-code-11-941-f3404fa1fb785c47"],"todo_id":"edaff9bd56183c76"},{"action":"improve_encoder_decoder_reconstruction","changed":["decoded_embedding"],"sample_ids":["us-code-38-8506-2060105899f8d766"],"todo_id":"176927d4aec98109"},{"action":"improve_encoder_decoder_reconstruction","changed":["decoded_embedding"],"sample_ids":["us-code-11-941-f3404fa1fb785c47"],"todo_id":"49625c60e3477e38"},{"action":"improve_encoder_decoder_reconstruction","changed":["decoded_embedding"],"sample_ids":["us-code-10-2485-4f2a24382c7c0dec"],"todo_id":"8ce5767b6becf27a"},{"action":"improve_encoder_decoder_reconstruction","changed":["decoded_embedding"],"sample_ids":["us-code-43-934.-97397644d2e74a15"],"todo_id":"ff1b2876f9a1d9c8"}],"before":{"cosine_loss":0.9854407618825554,"cross_entropy_loss":6.907755278982137,"decoded_embeddings":{"us-code-10-2485-4f2a24382c7c0dec":[-0.07056723986877933,0.7212190345606172,-0.8935142928023653,0.33208613563182005,1.186787628019871,-0.3195278888515046,0.0656939557490749,-0.0355540462909244],"us-code-11-941-f3404fa1fb785c47":[-0.2394869765625226,-0.16417977437246584,0.512077077429738,0.041122553599230005,0.11504003602837848,0.01535802421438609,0.009417918899757627,-0.4301751202320811],"us-code-38-8506-2060105899f8d766":[-0.6195020746833616,-0.23937821286523192,-0.26974019444041564,0.1123473727376188,0.756550699908754,0.419088639572305,-0.15731581890783075,0.1313715711412627],"us-code-43-934.-97397644d2e74a15":[-0.723949743171857,0.17288353396915973,-0.012202410520061963,0.25131653888602024,-0.10100091202542882,-0.7954026951662438,-0.6439698043790074,0.14124462956743145]},"embedding_cosine_similarity":0.014559238117444591,"frame_ranking_loss":0.0,"reconstruction_loss":0.5872325706073969,"sample_count":4,"symbolic_validity_penalty":0.0},"claimed_count":8,"claimed_open_count":0,"completed_count":4,"completed_todo_ids":["176927d4aec98109","49625c60e3477e38","8ce5767b6becf27a","ff1b2876f9a1d9c8"],"cosine_similarity_delta":0.6008144354435152,"created_at":"2026-05-09T18:06:44+00:00","cross_entropy_delta":0.0,"failed_validation_count":4,"failed_validation_todo_ids":["03d4196a2e521aed","473030ac8cab6d35","d8ee4e26dfe795ea","edaff9bd56183c76"],"improved":true,"iteration":1,"pending_count":6867,"seeded_count":12,"validation_after":{"cosine_loss":0.9805663264357973,"cross_entropy_loss":20.72326583694641,"decoded_embeddings":{"us-code-15-3057-b165e1f377e6b592":[-0.4879140257330389,1.1632581202023355,-0.30626302084931667,0.647240037189661,0.13288363151168842,0.1281263241981364,-1.105077497459825,0.146912244172144],"us-code-22-4158-ac2a40c5a7a2d85e":[-0.4855334695495226,-0.19072688242375868,0.1611835576015983,0.19359649252895383,0.2592934376664858,-0.46810301783883324,0.121964056106521,-0.4404382524629623],"us-code-42-421.-4f456877e3b3b13d":[1.1372097935209444,1.050403807729357,-0.6483984688892875,-0.4007244626285982,-0.6222655026687555,-0.8519390469940378,1.0605686441626299,-0.506753116080396],"us-code-49-104.-ec0a2fb9c2fa2a85":[-0.3995948544850198,0.7160583492701504,0.7884231403616535,0.04440365730040563,0.6727821230032479,-0.7934563602641294,0.21895681698050698,-0.42433584171275834]},"embedding_cosine_similarity":0.019433673564202666,"frame_ranking_loss":0.0,"reconstruction_loss":0.6926475193976058,"sample_count":4,"symbolic_validity_penalty":0.0},"validation_before":{"cosine_loss":1.033895087289741,"cross_entropy_loss":20.72326583694641,"decoded_embeddings":{"us-code-15-3057-b165e1f377e6b592":[-0.49003835759467346,1.1424425081643927,-0.381800773255484,0.6449217236878043,0.38357558182375234,0.008097709532116415,-1.1153260367880966,-0.03416920517961619],"us-code-22-4158-ac2a40c5a7a2d85e":[-0.49529407116104407,-0.2167595024394843,0.09969799985156266,0.17817893043052985,0.423697623116784,-0.5340977246159685,0.1529701533944518,-0.6060356976451037],"us-code-42-421.-4f456877e3b3b13d":[1.1355697785157275,0.9976853026977278,-0.8132367556571717,-0.33314810728035044,-0.053043723768657375,-1.1561792301656093,0.9260290908765034,-0.8049263768655379],"us-code-49-104.-ec0a2fb9c2fa2a85":[-0.40212191783632184,0.6814301961129279,0.670141969257777,0.0779220305588722,1.0021476097508502,-0.9683371591895652,0.15632352902701924,-0.6565166723010694]},"embedding_cosine_similarity":-0.03389508728974111,"frame_ranking_loss":0.0,"reconstruction_loss":0.7788616124467497,"sample_count":4,"symbolic_validity_penalty":0.0},"validation_cosine_similarity_delta":0.05332876085394378,"validation_cross_entropy_delta":0.0,"worker_id":"random-uscode-daemon-detached"},{"after":{"cosine_loss":0.38462632643904016,"cross_entropy_loss":6.907755278982137,"decoded_embeddings":{"us-code-10-2485-4f2a24382c7c0dec":[-0.20829267543446492,0.5206591127211627,-0.8584732872161179,0.45472961304052756,0.34802994552906363,0.15829343376851124,0.24721691368185159,0.21005256867321093],"us-code-11-941-f3404fa1fb785c47":[-0.28703683833105004,-0.26403566692213953,0.574301500728225,0.2641582794262104,0.04082767244620655,0.015545340911144189,-0.2226785156343456,0.004589782783713414],"us-code-38-8506-2060105899f8d766":[-0.43544054854418507,0.08851131163759923,-0.2587263263862702,0.019846092279452235,0.19245440494069022,0.5265706157219983,-0.29983763229009,0.07208382124182075],