{"final_evaluation":{"cosine_loss":0.18039317625297896,"cross_entropy_loss":0.00015183500510392202,"decoded_embeddings":{"us-code-25-1621q-0fbabfbb0e20ae3b":[0.36104795514568644,0.3544847214224954,-0.03967324452745823,-0.33767551570360754,0.39738010496041865,-0.4582381683521759,-0.1969665126604833,-0.2424967419360657],"us-code-35-187-0a14fab7795a0e51":[0.05684005939595222,0.15371836872024683,0.5370272158316399,-0.0012888354683990577,-0.41835917269864503,-0.3005078806075343,-0.3030141929248565,-0.11486943664837307],"us-code-40-1303-14b927670d845634":[-0.2761360931338538,0.6285262788560858,-0.10707820584506916,-0.20039929343116725,-0.3649642279065712,-0.5223637852960404,-0.3196206115102006,0.25557575606022387],"us-code-44-2110.-0c7a60624ad6a4b4":[0.7983649598334195,0.17881577541850774,0.4610983019765825,-0.09779849847183315,0.11357243029971298,0.3323313413146402,0.580910157968725,-0.5968795331538846]},"embedding_cosine_similarity":0.8196068237470211,"frame_ranking_loss":0.0,"reconstruction_loss":0.11998368985977911,"sample_count":4,"symbolic_validity_penalty":0.0},"steps":[{"after":{"cosine_loss":0.18039317625297896,"cross_entropy_loss":0.00015183500510392202,"decoded_embeddings":{"us-code-25-1621q-0fbabfbb0e20ae3b":[0.36104795514568644,0.3544847214224954,-0.03967324452745823,-0.33767551570360754,0.39738010496041865,-0.4582381683521759,-0.1969665126604833,-0.2424967419360657],"us-code-35-187-0a14fab7795a0e51":[0.05684005939595222,0.15371836872024683,0.5370272158316399,-0.0012888354683990577,-0.41835917269864503,-0.3005078806075343,-0.3030141929248565,-0.11486943664837307],"us-code-40-1303-14b927670d845634":[-0.2761360931338538,0.6285262788560858,-0.10707820584506916,-0.20039929343116725,-0.3649642279065712,-0.5223637852960404,-0.3196206115102006,0.25557575606022387],"us-code-44-2110.-0c7a60624ad6a4b4":[0.7983649598334195,0.17881577541850774,0.4610983019765825,-0.09779849847183315,0.11357243029971298,0.3323313413146402,0.580910157968725,-0.5968795331538846]},"embedding_cosine_similarity":0.8196068237470211,"frame_ranking_loss":0.0,"reconstruction_loss":0.11998368985977911,"sample_count":4,"symbolic_validity_penalty":0.0},"applied_count":8,"applied_updates":[{"action":"improve_encoder_decoder_reconstruction","changed":["decoded_embedding"],"sample_ids":["us-code-35-187-0a14fab7795a0e51"],"todo_id":"1f8331d87507c6dd"},{"action":"improve_encoder_decoder_reconstruction","changed":["decoded_embedding"],"sample_ids":["us-code-25-1621q-0fbabfbb0e20ae3b"],"todo_id":"74f210d70202e3a2"},{"action":"improve_encoder_decoder_reconstruction","changed":["decoded_embedding"],"sample_ids":["us-code-44-2110.-0c7a60624ad6a4b4"],"todo_id":"a6e58255f5926314"},{"action":"improve_encoder_decoder_reconstruction","changed":["decoded_embedding"],"sample_ids":["us-code-40-1303-14b927670d845634"],"todo_id":"b1bc365feb3a11e1"},{"action":"improve_encoder_decoder_reconstruction","changed":["decoded_embedding"],"sample_ids":["us-code-25-1621q-0fbabfbb0e20ae3b"],"todo_id":"6a46d4a32b472e6d"},{"action":"improve_encoder_decoder_reconstruction","changed":["decoded_embedding"],"sample_ids":["us-code-40-1303-14b927670d845634"],"todo_id":"832dfa2d99ea6265"},{"action":"improve_encoder_decoder_reconstruction","changed":["decoded_embedding"],"sample_ids":["us-code-35-187-0a14fab7795a0e51"],"todo_id":"874772c3fc5ce2f8"},{"action":"improve_encoder_decoder_reconstruction","changed":["decoded_embedding"],"sample_ids":["us-code-44-2110.-0c7a60624ad6a4b4"],"todo_id":"9e3f5addc297621e"}],"before":{"cosine_loss":1.1815642503880521,"cross_entropy_loss":0.00015183500510392202,"decoded_embeddings":{"us-code-25-1621q-0fbabfbb0e20ae3b":[0.022455535385834433,-0.09593911424460322,0.06406347367390723,0.29094651040177844,-0.1601202269578989,-0.3244542495156928,-0.13440789578691575,-0.24168401990261484],"us-code-35-187-0a14fab7795a0e51":[-0.07255539787940302,-0.19257063024793636,0.7601953806666034,0.6226095846901796,0.29968290485527777,-0.08288384759179723,-0.2843143915381219,0.2995371321931998],"us-code-40-1303-14b927670d845634":[-1.6240129830148216,0.580892721580464,0.5218542347758565,1.09638916253123,-0.8512335056507694,-0.8995514921807926,-0.024886727682400106,0.32024668585087857],"us-code-44-2110.-0c7a60624ad6a4b4":[0.48403050786649465,-0.5151620458150705,0.06744778697125808,-0.006514337327520978,-0.16470632815744343,-0.43337219719277814,0.021361373797478433,-0.4343736652338571]},"embedding_cosine_similarity":-0.18156425038805202,"frame_ranking_loss":0.0,"reconstruction_loss":0.7235789090923294,"sample_count":4,"symbolic_validity_penalty":0.0},"claimed_count":8,"claimed_open_count":0,"completed_count":8,"completed_todo_ids":["1f8331d87507c6dd","74f210d70202e3a2","a6e58255f5926314","b1bc365feb3a11e1","6a46d4a32b472e6d","832dfa2d99ea6265","874772c3fc5ce2f8","9e3f5addc297621e"],"cosine_similarity_delta":1.001171074135073,"created_at":"2026-05-09T15:38:23+00:00","cross_entropy_delta":0.0,"failed_validation_count":0,"failed_validation_todo_ids":[],"improved":true,"iteration":1,"pending_count":474,"seeded_count":8,"validation_after":{"cosine_loss":0.9296525059704853,"cross_entropy_loss":3.143646358189577,"decoded_embeddings":{"us-code-16-797d-cb0a8ff4c1b148a0":[-0.1819102524091335,0.6739947094329612,0.06011221319790326,-0.09663197726767644,-0.4992667008084821,-0.07723808718519086,-0.09358658118047425,-0.6301581780410245],"us-code-21-355g-1cc70c0bff694b37":[-0.03209540200983618,0.7233953508078096,0.8635569087299937,-0.10995879825570352,-0.36573831492777586,0.811108055012778,0.17035221293683162,0.03640921071830225],"us-code-42-4121.-53083d1ec6fd42df":[-0.35915250274726895,0.9977176646274948,1.00288889356302,-0.17348696743138223,-0.6148681703311806,-0.1086832212480855,0.5709369659361948,-0.15045634243104072],"us-code-44-1705.-314c3ffe85088849":[0.37748815288385074,-0.5841877858092286,0.15871557555191707,-0.0830052546275849,-0.32625693414985296,-0.23845616614658588,0.037315457048812756,0.04899403946316121]},"embedding_cosine_similarity":0.07034749402951469,"frame_ranking_loss":0.0,"reconstruction_loss":0.4912480151544243,"sample_count":4,"symbolic_validity_penalty":0.0},"validation_before":{"cosine_loss":1.119290496751144,"cross_entropy_loss":3.143646358189577,"decoded_embeddings":{"us-code-16-797d-cb0a8ff4c1b148a0":[-0.45789708444860583,0.30846543641463087,0.07616510328287983,0.3002524578407718,-0.5252332356659685,-0.2267616189904363,-0.20662607628383522,-0.4733717054897603],"us-code-21-355g-1cc70c0bff694b37":[-0.3783988055984324,0.3288398956720545,0.8998927908506726,0.35921492902216395,-0.4376202859814625,0.6361220564989339,0.060564421734925794,0.1973981127225623],"us-code-42-4121.-53083d1ec6fd42df":[-0.8232791212748782,0.5066156349367079,0.9990292442584636,0.3510713500228934,-0.8381489317227142,-0.4258875666019345,0.3953337325045988,0.0029129891215773362],"us-code-44-1705.-314c3ffe85088849":[0.18345128497666774,-0.9152858829613504,0.10048191378907563,0.1563768985321085,-0.33680023614303733,-0.44570461866706035,-0.12766875745032613,0.18429351520389403]},"embedding_cosine_similarity":-0.11929049675114392,"frame_ranking_loss":0.0,"reconstruction_loss":0.5980514297401652,"sample_count":4,"symbolic_validity_penalty":0.0},"validation_cosine_similarity_delta":0.18963799078065863,"validation_cross_entropy_delta":0.0,"worker_id":"random-uscode-daemon-detached"},{"after":{"cosine_loss":0.18039317625297896,"cross_entropy_loss":0.00015183500510392202,"decoded_embeddings":{"us-code-25-1621q-0fbabfbb0e20ae3b":[0.36104795514568644,0.3544847214224954,-0.03967324452745823,-0.33767551570360754,0.39738010496041865,-0.4582381683521759,-0.1969665126604833,-0.2424967419360657],"us-code-35-187-0a14fab7795a0e51":[0.05684005939595222,0.15371836872024683,0.5370272158316399,-0.0012888354683990577,-0.41835917269864503,-0.3005078806075343,-0.3030141929248565,-0.11486943664837307],