{"final_evaluation":{"cosine_loss":0.4996717197262165,"cross_entropy_loss":13.815510557964274,"decoded_embeddings":{"us-code-29-796-1-77e22eb043fcedcb":[-0.5070972948223829,0.09401076219055957,0.235848732779703,0.2857455977991396,0.5283476254345485,-0.19562648731265134,-0.2689702699888615,-0.9073238054570782],"us-code-42-1436d.-5c37beab9c471f98":[0.23474648004448873,0.07676424756076328,-0.02427413021065783,-0.0009862004993315132,0.4672842782585943,-0.46861854967646777,0.3184742012556988,-0.1759975457819088],"us-code-46-40303.-10dabafdc6c4f34e":[0.1243394784176311,0.4081311501962052,-0.17677880714140168,0.22512910007330783,0.49652958688132287,0.32869235155878923,0.49766950010714217,-0.14544998811257004],"us-code-7-2009cc-12-866e04b7709d6a87":[-0.1459873450417476,-0.5889245889036967,0.04507924446312889,0.048265498216128265,0.5323997106678653,-0.03588091294221324,-0.282042516180027,0.2366262461963658]},"embedding_cosine_similarity":0.5003282802737835,"frame_ranking_loss":0.0,"reconstruction_loss":0.19547458205471208,"sample_count":4,"symbolic_validity_penalty":0.0},"steps":[{"after":{"cosine_loss":0.4996717197262165,"cross_entropy_loss":13.815510557964274,"decoded_embeddings":{"us-code-29-796-1-77e22eb043fcedcb":[-0.5070972948223829,0.09401076219055957,0.235848732779703,0.2857455977991396,0.5283476254345485,-0.19562648731265134,-0.2689702699888615,-0.9073238054570782],"us-code-42-1436d.-5c37beab9c471f98":[0.23474648004448873,0.07676424756076328,-0.02427413021065783,-0.0009862004993315132,0.4672842782585943,-0.46861854967646777,0.3184742012556988,-0.1759975457819088],"us-code-46-40303.-10dabafdc6c4f34e":[0.1243394784176311,0.4081311501962052,-0.17677880714140168,0.22512910007330783,0.49652958688132287,0.32869235155878923,0.49766950010714217,-0.14544998811257004],"us-code-7-2009cc-12-866e04b7709d6a87":[-0.1459873450417476,-0.5889245889036967,0.04507924446312889,0.048265498216128265,0.5323997106678653,-0.03588091294221324,-0.282042516180027,0.2366262461963658]},"embedding_cosine_similarity":0.5003282802737835,"frame_ranking_loss":0.0,"reconstruction_loss":0.19547458205471208,"sample_count":4,"symbolic_validity_penalty":0.0},"applied_count":8,"applied_updates":[{"action":"improve_modal_family_classifier","changed":["family_logits"],"sample_ids":["us-code-7-2009cc-12-866e04b7709d6a87"],"todo_id":"4a9fa6ce60a7ce13"},{"action":"improve_modal_family_classifier","changed":["family_logits"],"sample_ids":["us-code-29-796-1-77e22eb043fcedcb"],"todo_id":"4d38d33fb49336ff"},{"action":"improve_modal_family_classifier","changed":["family_logits"],"sample_ids":["us-code-42-1436d.-5c37beab9c471f98"],"todo_id":"5a83c02d8fce73ec"},{"action":"improve_modal_family_classifier","changed":["family_logits"],"sample_ids":["us-code-46-40303.-10dabafdc6c4f34e"],"todo_id":"81e985fda11b113a"},{"action":"improve_encoder_decoder_reconstruction","changed":["decoded_embedding"],"sample_ids":["us-code-29-796-1-77e22eb043fcedcb"],"todo_id":"282dbf3d611443ce"},{"action":"improve_encoder_decoder_reconstruction","changed":["decoded_embedding"],"sample_ids":["us-code-42-1436d.-5c37beab9c471f98"],"todo_id":"6e9e643023d91dd5"},{"action":"improve_encoder_decoder_reconstruction","changed":["decoded_embedding"],"sample_ids":["us-code-46-40303.-10dabafdc6c4f34e"],"todo_id":"ddd847c1984bc5c7"},{"action":"improve_encoder_decoder_reconstruction","changed":["decoded_embedding"],"sample_ids":["us-code-7-2009cc-12-866e04b7709d6a87"],"todo_id":"ed245550b0bef69b"}],"before":{"cosine_loss":0.9859299378028767,"cross_entropy_loss":13.815510557964274,"decoded_embeddings":{"us-code-29-796-1-77e22eb043fcedcb":[-0.4991712997267428,-0.2288514427837545,-0.02270879572353382,0.3660666119986763,0.6136892698993053,-0.3363644420194636,-0.5009557999828638,-1.1419217007031972],"us-code-42-1436d.-5c37beab9c471f98":[-0.1460287261297983,-0.12514002733498308,0.27748433226779845,0.1359829264970786,0.27419700645726186,-0.40479901163809373,0.3607694248785299,-0.24281937696143074],"us-code-46-40303.-10dabafdc6c4f34e":[0.16697529778301873,0.6495855196916872,-0.3785528852795159,0.1843178709069897,1.0175137138698784,0.32483510921196285,0.49489125531573935,-0.5226258290717832],"us-code-7-2009cc-12-866e04b7709d6a87":[0.07081452779258557,-0.9036586619539618,-0.36952882709042667,0.08116515969431429,0.6118988691160689,-0.2653623820486252,-0.018064845822931976,-0.2110527908343257]},"embedding_cosine_similarity":0.014070062197123222,"frame_ranking_loss":0.0,"reconstruction_loss":0.4592611264983998,"sample_count":4,"symbolic_validity_penalty":0.0},"claimed_count":8,"claimed_open_count":0,"completed_count":0,"completed_todo_ids":[],"cosine_similarity_delta":0.4862582180766603,"created_at":"2026-05-09T07:56:35+00:00","cross_entropy_delta":0.0,"failed_validation_count":8,"failed_validation_todo_ids":["4a9fa6ce60a7ce13","4d38d33fb49336ff","5a83c02d8fce73ec","81e985fda11b113a","282dbf3d611443ce","6e9e643023d91dd5","ddd847c1984bc5c7","ed245550b0bef69b"],"improved":false,"iteration":1,"pending_count":4943,"seeded_count":12,"validation_after":{"cosine_loss":0.854646552082791,"cross_entropy_loss":6.150913112255191e-12,"decoded_embeddings":{"us-code-10-7483-840ef96335381596":[-0.46024917219301,0.5138540009146643,1.1745249492866097,0.8508200706719049,-0.02022093654991941,-0.3009526795024322,-0.3482914403517857,0.8292200559358717],"us-code-15-80a-62-3d59b25e805aad5f":[-0.734726046104642,-0.3230469012595136,-0.09917615721627523,-0.21869255908104893,-0.12491910455708231,-0.337549117271142,0.48488837559162035,-0.0017607592905475866],"us-code-21-114-98e9c3ed27c91cbf":[-0.4183987577153962,-0.4939981942261934,-0.23161454095594108,-0.042574851462828744,-0.5410127552217923,-0.3704867751527253,0.47438737063083636,0.4970972954510239],"us-code-43-1181h.-5bc180b19a36d822":[0.3320651395669896,-0.04083445386074347,0.12810178849842047,-0.34104550308907894,-0.04766674426659343,-0.019966511284380636,0.20040259359093138,-0.15874551099756773]},"embedding_cosine_similarity":0.14535344791720906,"frame_ranking_loss":0.0,"reconstruction_loss":0.48591801893498676,"sample_count":4,"symbolic_validity_penalty":0.25},"validation_before":{"cosine_loss":0.8114317166126306,"cross_entropy_loss":5.81651393723009e-12,"decoded_embeddings":{"us-code-10-7483-840ef96335381596":[-0.4553392730491165,0.3958397821297736,1.0582740989356973,0.883734021819313,0.046049545063041986,-0.366369720184303,-0.3115168692804984,0.6360923189995853],"us-code-15-80a-62-3d59b25e805aad5f":[-0.725572702160479,-0.45463032191417774,-0.23296091004537636,-0.18274164595402956,-0.04900299687648002,-0.4122293165806763,0.5301303923454311,-0.22086294865764167],"us-code-21-114-98e9c3ed27c91cbf":[-0.44504322271217994,-0.6229162155788167,-0.30411600502842845,-0.0014332219666474688,-0.5159425187572632,-0.42304104339423315,0.5042345334393161,0.3377229848977784],"us-code-43-1181h.-5bc180b19a36d822":[0.3141157815398612,-0.05397346019948923,0.13553253201882734,-0.3332184974620241,-0.04920959129246316,-0.019891441461884055,0.2032761888651367,-0.17398637101438663]},"embedding_cosine_similarity":0.18856828338736942,"frame_ranking_loss":0.0,"reconstruction_loss":0.45192022514438634,"sample_count":4,"symbolic_validity_penalty":0.25},"validation_cosine_similarity_delta":-0.04321483547016036,"validation_cross_entropy_delta":-3.3439917502510077e-13,"worker_id":"random-uscode-daemon-detached"}],"stopped_reason":"no_validated_improvement","validation_final_evaluation":{"cosine_loss":0.854646552082791,"cross_entropy_loss":6.150913112255191e-12,"decoded_embeddings":{"us-code-10-7483-840ef96335381596":[-0.46024917219301,0.5138540009146643,1.1745249492866097,0.8508200706719049,-0.02022093654991941,-0.3009526795024322,-0.3482914403517857,0.8292200559358717],"us-code-15-80a-62-3d59b25e805aad5f":[-0.734726046104642,-0.3230469012595136,-0.09917615721627523,-0.21869255908104893,-0.12491910455708231,-0.337549117271142,0.48488837559162035,-0.0017607592905475866],