{"final_evaluation":{"cosine_loss":0.3525000429955556,"cross_entropy_loss":0.546610428684866,"decoded_embeddings":{"us-code-21-459-277050824a49ef60":[-0.7678332154639453,0.2274346329991631,-0.19544238847577577,0.2842054017070975,0.0675218141682217,-0.13013292178110925,0.19190755028635326,0.18776140307695274],"us-code-25-1124-dccc67c26601d03d":[-0.15468341541236022,0.47163655064501525,0.15710970903138793,-0.035588329003864216,0.0066099372009001955,0.031063246287104607,-0.07100868389299808,-0.40764764172598567],"us-code-37-803-b003e478b93e72c0":[-0.40578939129896097,0.6397714273080815,-0.6831084628546407,-0.519062346989559,-0.5519128244122219,-0.5103702046394792,0.35775113376129697,0.11926734057658855],"us-code-6-183-9ea6ddd555d349fb":[-0.48135743785080687,0.3725026315260808,-0.2925128402719263,0.018096714211329884,0.6670002774387576,0.7786335326690567,0.09335756217304204,0.20979376501310504]},"embedding_cosine_similarity":0.6474999570044444,"frame_ranking_loss":0.0,"reconstruction_loss":0.1740773285916306,"sample_count":4,"symbolic_validity_penalty":0.25},"steps":[{"after":{"cosine_loss":0.7174850764241868,"cross_entropy_loss":0.707506816816298,"decoded_embeddings":{"us-code-21-459-277050824a49ef60":[-0.5958520291439298,0.023769482625235594,-0.40006449314656034,0.5758692612781546,0.1474030922450163,-0.1743569999145268,0.24865451796812446,-0.04930011454473514],"us-code-25-1124-dccc67c26601d03d":[0.12931260624302493,0.32008338317121204,-0.2575884122949188,0.43798304369585317,0.010069764625582171,-0.08171078731574832,0.2511396278137563,-0.7871707860681096],"us-code-37-803-b003e478b93e72c0":[-0.3883446421277183,0.2114980113800744,-0.551260036342345,-0.42999386861434086,-0.1968437145851407,-0.12705400506385622,0.06657923375454913,-0.23520647792523414],"us-code-6-183-9ea6ddd555d349fb":[-0.31712867583361637,0.11447021994021239,-0.43546907245125643,0.23489625065573005,0.6891327066500046,0.2859927279710758,-0.25118648412183137,0.4495254547586892]},"embedding_cosine_similarity":0.2825149235758132,"frame_ranking_loss":0.0,"reconstruction_loss":0.3676966346058941,"sample_count":4,"symbolic_validity_penalty":0.25},"applied_count":3,"applied_updates":[{"action":"improve_encoder_decoder_reconstruction","changed":["decoded_embedding"],"sample_ids":["us-code-37-803-b003e478b93e72c0"],"todo_id":"248133beebdd95e4"},{"action":"improve_encoder_decoder_reconstruction","changed":["decoded_embedding"],"sample_ids":["us-code-6-183-9ea6ddd555d349fb"],"todo_id":"3429508e3c4b361c"},{"action":"improve_modal_family_classifier","changed":["family_logits"],"sample_ids":["us-code-6-183-9ea6ddd555d349fb"],"todo_id":"5357cc885a66527c"}],"before":{"cosine_loss":1.0405332970098407,"cross_entropy_loss":0.9881129590332132,"decoded_embeddings":{"us-code-21-459-277050824a49ef60":[-0.5644445928944526,-0.1648235149441637,-0.3763294080600764,0.6402702667598319,0.27415770229434033,-0.1172425481340454,0.0943332356116513,-0.13543076013474417],"us-code-25-1124-dccc67c26601d03d":[0.15131400167684414,0.16825520620770354,-0.23373001597480145,0.48634499063687897,0.11621118891137598,-0.020274722606623913,0.13051439702347734,-0.8661932895910449],"us-code-37-803-b003e478b93e72c0":[-0.37207914173495127,-0.18782452095373164,-0.4283244405266846,-0.34694633632975513,0.13422305448439895,0.2303503768248365,-0.20490971730069354,-0.5657181968080525],"us-code-6-183-9ea6ddd555d349fb":[-0.19107200872384775,-0.17886091195384093,-0.5102520485783333,0.4170002105956857,0.7899516557402064,0.011397889999527,-0.576152041527306,0.5432353836540976]},"embedding_cosine_similarity":-0.04053329700984072,"frame_ranking_loss":0.0,"reconstruction_loss":0.5198396198219254,"sample_count":4,"symbolic_validity_penalty":0.25},"claimed_count":8,"claimed_open_count":0,"completed_count":3,"completed_todo_ids":["248133beebdd95e4","3429508e3c4b361c","5357cc885a66527c"],"cosine_similarity_delta":0.3230482205856539,"created_at":"2026-05-09T18:48:49+00:00","cross_entropy_delta":0.28060614221691516,"failed_validation_count":5,"failed_validation_todo_ids":["6f8284daac0a298b","d5755a0378d0c4dd","edb3726887ba6955","358e9e4cd83c5132","782c6160df32ea46"],"improved":true,"iteration":1,"pending_count":21,"seeded_count":17,"validation_after":{"cosine_loss":0.7840197427063378,"cross_entropy_loss":1.9085880595870544,"decoded_embeddings":{"us-code-16-568f-98f9ea8cb06550a3":[-0.35990362937066317,0.023578907770607282,0.27109600111272547,0.27418361549367787,0.05270276100661493,-0.15435990623316317,-0.23563032995431937,-0.2389090450408843],"us-code-19-1565-46366ac06e9a56b3":[-0.0001814592939016063,0.4208672597987363,-0.8157407313890971,0.8260626720583113,-0.2404082400647133,-0.12618682654867275,0.13060825045876523,-0.6242880830173835],"us-code-49-26105.-7ef071ae61adcf90":[0.12986672877431446,0.2716327019699385,-0.3680888506012516,-0.5806434028031171,0.09003096590880875,0.06986157259445788,-0.7891983018207293,-0.03896417782109439],"us-code-49-31104.-912cf8746647440f":[-0.18932347473662098,-0.18613405525800664,-0.8439351144326184,0.3851805748054715,0.02710484410508457,-0.0726051636025874,0.18635815172243125,-0.010222123340425451]},"embedding_cosine_similarity":0.21598025729366216,"frame_ranking_loss":0.0,"reconstruction_loss":0.4001142142436105,"sample_count":4,"symbolic_validity_penalty":0.0},"validation_before":{"cosine_loss":0.8395931592206635,"cross_entropy_loss":2.0286344906323306,"decoded_embeddings":{"us-code-16-568f-98f9ea8cb06550a3":[-0.3361260262187998,-0.11638249343694809,0.28803201742683776,0.32247562777211203,0.14618650900806507,-0.11418124252262551,-0.3506735390041136,-0.30144638361475845],"us-code-19-1565-46366ac06e9a56b3":[0.046598503685866634,0.21545006174095999,-0.8080750937967851,0.9095496980648098,-0.11803046255314348,-0.1231503325793123,-0.051309643774026,-0.6810326197050403],"us-code-49-26105.-7ef071ae61adcf90":[0.14608318911029297,0.15087994852073267,-0.34725920742029304,-0.5435402674387135,0.1760472058321768,0.12475693590426833,-0.8837243867314541,-0.10559265767000059],"us-code-49-31104.-912cf8746647440f":[-0.14272506257364528,-0.4425672969475999,-0.8172945874406092,0.47687945040442253,0.19459782428036526,-0.013271623351435058,-0.027758328079790784,-0.11585493467153732]},"embedding_cosine_similarity":0.16040684077933648,"frame_ranking_loss":0.0,"reconstruction_loss":0.4316129455384185,"sample_count":4,"symbolic_validity_penalty":0.0},"validation_cosine_similarity_delta":0.05557341651432568,"validation_cross_entropy_delta":0.12004643104527624,"worker_id":"random-uscode-daemon-detached"},{"after":{"cosine_loss":0.5874029308777742,"cross_entropy_loss":0.707506816816298,"decoded_embeddings":{"us-code-21-459-277050824a49ef60":[-0.6162668627060899,0.14635493104534503,-0.4154922984527748,0.5340086077150642,0.06501259571295566,-0.21148139357183965,0.348963351499832,0.006684805088770812],"us-code-25-1124-dccc67c26601d03d":[0.11501169921104244,0.4187716981974925,-0.27309636990299513,0.4065477781841863,-0.058922161160183825,-0.12164422937667915,0.3295460278274377,-0.7358061587782015],"us-code-37-803-b003e478b93e72c0":[-0.3989172173830169,0.47105765739704836,-0.6311681736225242,-0.48397476459932154,-0.4120371144803414,-0.3593668532915065,0.24304705194045692,-0.020373860651402204],"us-code-6-183-9ea6ddd555d349fb":[-0.3963705392918506,0.23897319296113806,-0.3664913970933167,0.13028851292622454,0.678453609322503,0.5236963731811992,-0.0849408646791904,0.33385274559314804]},"embedding_cosine_similarity":0.4125970691222258,"frame_ranking_loss":0.0,"reconstruction_loss":0.3045978317400743,"sample_count":4,"symbolic_validity_penalty":0.25},"applied_count":2,"applied_updates":[{"action":"improve_encoder_decoder_reconstruction","changed":["decoded_embedding"],"sample_ids":["us-code-6-183-9ea6ddd555d349fb"],"todo_id":"2e061aeabbda4682"},{"action":"improve_encoder_decoder_reconstruction","changed":["decoded_embedding"],"sample_ids":["us-code-37-803-b003e478b93e72c0"],"todo_id":"7ec417616f34b3bc"}],"before":{"cosine_loss":0.7174850764241868,